dataset,contrast,reason
zsre,primary-vs-S1_LM,"Outside the block-4 snapshot; included in the planned 270-cell halt, pending reconciliation."
zsre,primary-vs-S1_literal,"Outside the block-4 snapshot; included in the planned 270-cell halt, pending reconciliation."
counterfact,primary-vs-S1_LM,"Outside the block-4 snapshot; included in the planned 270-cell halt, pending reconciliation."
counterfact,primary-vs-S1_literal,Not run under DEC-074b: stop at 270 excludes S1_literal CounterFact.
mquake,primary-vs-R1_nonlearned,MQuAKE ends at 300; registered 1000-edit contrast unavailable (DEC-066); no substitution.
mquake,primary-vs-v0_stable,MQuAKE ends at 300; registered 1000-edit contrast unavailable (DEC-066); no substitution.
mquake,primary-vs-matched_update,MQuAKE comparator prospectively omitted under DEC-066 (zero calibrated radius); retained as unavailable.
mquake,primary-vs-v0_live_C1,MQuAKE comparator prospectively omitted under DEC-066 (zero calibrated radius); retained as unavailable.
mquake,primary-vs-v0_live_C2,MQuAKE comparator prospectively omitted under DEC-066 (zero calibrated radius); retained as unavailable.
mquake,primary-vs-S1_LM,MQuAKE comparator prospectively omitted under DEC-066 (zero calibrated radius); retained as unavailable.
mquake,primary-vs-S1_literal,MQuAKE comparator prospectively omitted under DEC-066 (zero calibrated radius); retained as unavailable.
zsre,historical-v2 extension (secondary),Optional 45-cell block 6 not run under DEC-074b; outside the 63 primary metric slots.
counterfact,historical-v2 extension (secondary),Optional 45-cell block 6 not run under DEC-074b; outside the 63 primary metric slots.
mquake,historical-v2 extension (secondary),Optional 45-cell block 6 not run under DEC-074b; outside the 63 primary metric slots.
