dataset,metric,realizations,mean,minimum,maximum
zsre,ES,"[null, null, null]",,,
zsre,RET-ES,"[null, null, null]",,,
zsre,RET-GS,"[null, null, null]",,,
zsre,LS,"[null, null, null]",,,
zsre,bounded_es_immediate,"[null, null, null]",,,
zsre,bounded_ret_es_end,"[null, null, null]",,,
zsre,bounded_ret_gs_end,"[null, null, null]",,,
zsre,bounded_ls_end,"[null, null, null]",,,
counterfact,ES,"[null, null, null]",,,
counterfact,RET-ES,"[null, null, null]",,,
counterfact,RET-GS,"[null, null, null]",,,
counterfact,LS,"[null, null, null]",,,
counterfact,bounded_es_immediate,"[null, null, null]",,,
counterfact,bounded_ret_es_end,"[null, null, null]",,,
counterfact,bounded_ret_gs_end,"[null, null, null]",,,
counterfact,bounded_ls_end,"[null, null, null]",,,
