dataset,condition,realization,checkpoint,source_pointers,primary,near_miss,revision_semantic,cap_benchmark_passes,fidelity
counterfact,R1_learned_ff,0,1000,"[""/cells/5/checkpoints/1000"", ""/cells/6/checkpoints/1000"", ""/cells/7/checkpoints/1000"", ""/cells/8/checkpoints/1000"", ""/cells/9/checkpoints/1000""]","{""ES"": [0.989, 0.993, 0.993, 0.991, 0.991], ""RET-ES"": [0.974, 0.974, 0.974, 0.974, 0.974], ""RET-GS"": [0.6915, 0.6915, 0.6915, 0.6915, 0.6915], ""LS"": [1.0, 1.0, 1.0, 1.0, 1.0]}","[1.0, 1.0, 1.0, 1.0, 1.0]","[1.0, 1.0, 1.0, 1.0, 1.0]",0,"{""capoff"": {""mean_kl"": [0.0057653779069526435, 0.0057653779069526435, 0.0057653779069526435, 0.0057653779069526435, 0.0057653779069526435], ""mean_signed_nll"": [0.005849625817388068, 0.005849625817388068, 0.005849625817388068, 0.005849625817388068, 0.005849625817388068], ""max_positive_nll"": [15.381804505753664, 15.381804505753664, 15.381804505753664, 15.381804505753664, 15.381804505753664], ""half_kl_positions"": [119, 119, 119, 119, 119]}, ""original"": {""mean_kl"": [0.0057653779069526435, 0.0057653779069526435, 0.0057653779069526435, 0.0057653779069526435, 0.0057653779069526435], ""mean_signed_nll"": [0.005849625817388068, 0.005849625817388068, 0.005849625817388068, 0.005849625817388068, 0.005849625817388068], ""max_positive_nll"": [15.381804505753664, 15.381804505753664, 15.381804505753664, 15.381804505753664, 15.381804505753664], ""half_kl_positions"": [119, 119, 119, 119, 119]}}"
counterfact,R1_learned_ff,1,1000,"[""/cells/50/checkpoints/1000"", ""/cells/51/checkpoints/1000"", ""/cells/52/checkpoints/1000"", ""/cells/53/checkpoints/1000"", ""/cells/54/checkpoints/1000""]","{""ES"": [0.99, 0.995, 0.994, 0.994, 0.995], ""RET-ES"": [0.981, 0.981, 0.981, 0.981, 0.981], ""RET-GS"": [0.666, 0.666, 0.666, 0.666, 0.666], ""LS"": [1.0, 1.0, 1.0, 1.0, 1.0]}","[1.0, 1.0, 1.0, 1.0, 1.0]","[0.98, 0.98, 0.98, 0.98, 0.98]",0,"{""capoff"": {""mean_kl"": [0.004727862359501758, 0.004727862359501758, 0.004727862359501758, 0.004727862359501758, 0.004727862359501758], ""mean_signed_nll"": [0.004620801411335618, 0.004620801411335618, 0.004620801411335618, 0.004620801411335618, 0.004620801411335618], ""max_positive_nll"": [11.365768313044663, 11.365768313044663, 11.365768313044663, 11.365768313044663, 11.365768313044663], ""half_kl_positions"": [116, 116, 116, 116, 116]}, ""original"": {""mean_kl"": [0.004727862359501758, 0.004727862359501758, 0.004727862359501758, 0.004727862359501758, 0.004727862359501758], ""mean_signed_nll"": [0.004620801411335618, 0.004620801411335618, 0.004620801411335618, 0.004620801411335618, 0.004620801411335618], ""max_positive_nll"": [11.365768313044663, 11.365768313044663, 11.365768313044663, 11.365768313044663, 11.365768313044663], ""half_kl_positions"": [116, 116, 116, 116, 116]}}"
counterfact,R1_learned_ff,2,1000,"[""/cells/95/checkpoints/1000"", ""/cells/96/checkpoints/1000"", ""/cells/97/checkpoints/1000"", ""/cells/98/checkpoints/1000"", ""/cells/99/checkpoints/1000""]","{""ES"": [0.993, 0.99, 0.994, 0.996, 0.996], ""RET-ES"": [0.976, 0.976, 0.976, 0.976, 0.976], ""RET-GS"": [0.6765, 0.6765, 0.6765, 0.6765, 0.6765], ""LS"": [0.96, 0.96, 0.96, 0.96, 0.96]}","[1.0, 1.0, 1.0, 1.0, 1.0]","[0.98, 0.98, 0.98, 0.98, 0.98]",0,"{""capoff"": {""mean_kl"": [0.00578063758330125, 0.00578063758330125, 0.00578063758330125, 0.00578063758330125, 0.00578063758330125], ""mean_signed_nll"": [0.0060233174282145205, 0.0060233174282145205, 0.0060233174282145205, 0.0060233174282145205, 0.0060233174282145205], ""max_positive_nll"": [14.030780591144318, 14.030780591144318, 14.030780591144318, 14.030780591144318, 14.030780591144318], ""half_kl_positions"": [145, 145, 145, 145, 145]}, ""original"": {""mean_kl"": [0.00578063758330125, 0.00578063758330125, 0.00578063758330125, 0.00578063758330125, 0.00578063758330125], ""mean_signed_nll"": [0.0060233174282145205, 0.0060233174282145205, 0.0060233174282145205, 0.0060233174282145205, 0.0060233174282145205], ""max_positive_nll"": [14.030780591144318, 14.030780591144318, 14.030780591144318, 14.030780591144318, 14.030780591144318], ""half_kl_positions"": [145, 145, 145, 145, 145]}}"
counterfact,R1_nonlearned,0,1000,"[""/cells/20/checkpoints/1000"", ""/cells/21/checkpoints/1000"", ""/cells/22/checkpoints/1000"", ""/cells/23/checkpoints/1000"", ""/cells/24/checkpoints/1000""]","{""ES"": [1.0, 1.0, 1.0, 1.0, 1.0], ""RET-ES"": [1.0, 1.0, 1.0, 1.0, 1.0], ""RET-GS"": [0.126, 0.126, 0.126, 0.126, 0.126], ""LS"": [0.02, 0.02, 0.02, 0.02, 0.02]}","[0.0, 0.0, 0.0, 0.0, 0.0]","[1.0, 1.0, 1.0, 1.0, 1.0]",0,"{""capoff"": {""mean_kl"": [0.05977934119902555, 0.05978057548689135, 0.05977934119902555, 0.05977934119902555, 0.05977934119902555], ""mean_signed_nll"": [0.05952630359046135, 0.05953122235103673, 0.05952630359046135, 0.05952630359046135, 0.05952630359046135], ""max_positive_nll"": [20.283374764778678, 20.283374764778678, 20.283374764778678, 20.283374764778678, 20.283374764778678], ""half_kl_positions"": [1123, 1123, 1123, 1123, 1123]}, ""original"": {""mean_kl"": [0.05977934119902555, 0.05978057548689135, 0.05977934119902555, 0.05977934119902555, 0.05977934119902555], ""mean_signed_nll"": [0.05952630359046135, 0.05953122235103673, 0.05952630359046135, 0.05952630359046135, 0.05952630359046135], ""max_positive_nll"": [20.283374764778678, 20.283374764778678, 20.283374764778678, 20.283374764778678, 20.283374764778678], ""half_kl_positions"": [1123, 1123, 1123, 1123, 1123]}}"
counterfact,R1_nonlearned,1,1000,"[""/cells/65/checkpoints/1000"", ""/cells/66/checkpoints/1000"", ""/cells/67/checkpoints/1000"", ""/cells/68/checkpoints/1000"", ""/cells/69/checkpoints/1000""]","{""ES"": [1.0, 1.0, 1.0, 1.0, 1.0], ""RET-ES"": [1.0, 1.0, 1.0, 1.0, 1.0], ""RET-GS"": [0.121, 0.121, 0.121, 0.121, 0.121], ""LS"": [0.0, 0.0, 0.0, 0.0, 0.0]}","[0.0, 0.0, 0.0, 0.0, 0.0]","[1.0, 1.0, 1.0, 1.0, 1.0]",0,"{""capoff"": {""mean_kl"": [0.08933935659883886, 0.08933935659883886, 0.08933935659883886, 0.08933935659883886, 0.08933935659883886], ""mean_signed_nll"": [0.08823741174386562, 0.08823741174386562, 0.08823741174386562, 0.08823741174386562, 0.08823741174386562], ""max_positive_nll"": [17.451521585492255, 17.451521585492255, 17.451521585492255, 17.451521585492255, 17.451521585492255], ""half_kl_positions"": [1621, 1621, 1621, 1621, 1621]}, ""original"": {""mean_kl"": [0.08933935659883886, 0.08933935659883886, 0.08933935659883886, 0.08933935659883886, 0.08933935659883886], ""mean_signed_nll"": [0.08823741174386562, 0.08823741174386562, 0.08823741174386562, 0.08823741174386562, 0.08823741174386562], ""max_positive_nll"": [17.451521585492255, 17.451521585492255, 17.451521585492255, 17.451521585492255, 17.451521585492255], ""half_kl_positions"": [1621, 1621, 1621, 1621, 1621]}}"
counterfact,R1_nonlearned,2,1000,"[""/cells/110/checkpoints/1000"", ""/cells/111/checkpoints/1000"", ""/cells/112/checkpoints/1000"", ""/cells/113/checkpoints/1000"", ""/cells/114/checkpoints/1000""]","{""ES"": [1.0, 1.0, 1.0, 1.0, 1.0], ""RET-ES"": [1.0, 1.0, 1.0, 1.0, 1.0], ""RET-GS"": [0.1145, 0.1145, 0.1145, 0.1145, 0.1145], ""LS"": [0.0, 0.0, 0.0, 0.0, 0.0]}","[0.0, 0.0, 0.0, 0.0, 0.0]","[1.0, 1.0, 1.0, 1.0, 1.0]",0,"{""capoff"": {""mean_kl"": [0.06422582137593758, 0.06422582137593758, 0.06422582137593758, 0.06422582137593758, 0.06422582137593758], ""mean_signed_nll"": [0.06412106305565372, 0.06412106305565372, 0.06412106305565372, 0.06412106305565372, 0.06412106305565372], ""max_positive_nll"": [16.299413709741568, 16.299413709741568, 16.299413709741568, 16.299413709741568, 16.299413709741568], ""half_kl_positions"": [1194, 1194, 1194, 1194, 1194]}, ""original"": {""mean_kl"": [0.06422582137593758, 0.06422582137593758, 0.06422582137593758, 0.06422582137593758, 0.06422582137593758], ""mean_signed_nll"": [0.06412106305565372, 0.06412106305565372, 0.06412106305565372, 0.06412106305565372, 0.06412106305565372], ""max_positive_nll"": [16.299413709741568, 16.299413709741568, 16.299413709741568, 16.299413709741568, 16.299413709741568], ""half_kl_positions"": [1194, 1194, 1194, 1194, 1194]}}"
counterfact,v0_stable,0,1000,"[""/cells/35/checkpoints/1000"", ""/cells/36/checkpoints/1000"", ""/cells/37/checkpoints/1000"", ""/cells/38/checkpoints/1000"", ""/cells/39/checkpoints/1000""]","{""ES"": [1.0, 1.0, 1.0, 1.0, 1.0], ""RET-ES"": [1.0, 1.0, 1.0, 1.0, 1.0], ""RET-GS"": [0.0, 0.0, 0.0, 0.0, 0.0], ""LS"": [1.0, 1.0, 1.0, 1.0, 1.0]}","[1.0, 1.0, 1.0, 1.0, 1.0]","[null, null, null, null, null]",5,"{""capoff"": {""mean_kl"": [0.0, 0.0, 0.0, 0.0, 0.0], ""mean_signed_nll"": [0.0, 0.0, 0.0, 0.0, 0.0], ""max_positive_nll"": [0.0, 0.0, 0.0, 0.0, 0.0], ""half_kl_positions"": [null, null, null, null, null]}, ""original"": {""mean_kl"": [0.0, 0.0, 0.0, 0.0, 0.0], ""mean_signed_nll"": [0.0, 0.0, 0.0, 0.0, 0.0], ""max_positive_nll"": [0.0, 0.0, 0.0, 0.0, 0.0], ""half_kl_positions"": [null, null, null, null, null]}}"
counterfact,v0_stable,1,1000,"[""/cells/80/checkpoints/1000"", ""/cells/81/checkpoints/1000"", ""/cells/82/checkpoints/1000"", ""/cells/83/checkpoints/1000"", ""/cells/84/checkpoints/1000""]","{""ES"": [1.0, 1.0, 1.0, 1.0, 1.0], ""RET-ES"": [1.0, 1.0, 1.0, 1.0, 1.0], ""RET-GS"": [0.0, 0.0, 0.0, 0.0, 0.0], ""LS"": [1.0, 1.0, 1.0, 1.0, 1.0]}","[1.0, 1.0, 1.0, 1.0, 1.0]","[null, null, null, null, null]",5,"{""capoff"": {""mean_kl"": [0.0, 0.0, 0.0, 0.0, 0.0], ""mean_signed_nll"": [0.0, 0.0, 0.0, 0.0, 0.0], ""max_positive_nll"": [0.0, 0.0, 0.0, 0.0, 0.0], ""half_kl_positions"": [null, null, null, null, null]}, ""original"": {""mean_kl"": [0.0, 0.0, 0.0, 0.0, 0.0], ""mean_signed_nll"": [0.0, 0.0, 0.0, 0.0, 0.0], ""max_positive_nll"": [0.0, 0.0, 0.0, 0.0, 0.0], ""half_kl_positions"": [null, null, null, null, null]}}"
counterfact,v0_stable,2,1000,"[""/cells/125/checkpoints/1000"", ""/cells/126/checkpoints/1000"", ""/cells/127/checkpoints/1000"", ""/cells/128/checkpoints/1000"", ""/cells/129/checkpoints/1000""]","{""ES"": [1.0, 1.0, 1.0, 1.0, 1.0], ""RET-ES"": [1.0, 1.0, 1.0, 1.0, 1.0], ""RET-GS"": [0.0, 0.0, 0.0, 0.0, 0.0], ""LS"": [1.0, 1.0, 1.0, 1.0, 1.0]}","[1.0, 1.0, 1.0, 1.0, 1.0]","[null, null, null, null, null]",5,"{""capoff"": {""mean_kl"": [0.0, 0.0, 0.0, 0.0, 0.0], ""mean_signed_nll"": [0.0, 0.0, 0.0, 0.0, 0.0], ""max_positive_nll"": [0.0, 0.0, 0.0, 0.0, 0.0], ""half_kl_positions"": [null, null, null, null, null]}, ""original"": {""mean_kl"": [0.0, 0.0, 0.0, 0.0, 0.0], ""mean_signed_nll"": [0.0, 0.0, 0.0, 0.0, 0.0], ""max_positive_nll"": [0.0, 0.0, 0.0, 0.0, 0.0], ""half_kl_positions"": [null, null, null, null, null]}}"
mquake,R1_learned_ff,0,300,"[""/cells/10/checkpoints/300"", ""/cells/11/checkpoints/300"", ""/cells/12/checkpoints/300"", ""/cells/13/checkpoints/300"", ""/cells/14/checkpoints/300""]","{""ES"": [1.0, 1.0, 1.0, 1.0, 1.0], ""RET-ES"": [1.0, 1.0, 1.0, 1.0, 1.0], ""RET-GS"": [0.7033333333333334, 0.7033333333333334, 0.7033333333333334, 0.7033333333333334, 0.7033333333333334], ""LS"": [1.0, 1.0, 1.0, 1.0, 1.0]}","[1.0, 1.0, 1.0, 1.0, 1.0]","[1.0, 1.0, 1.0, 1.0, 1.0]",0,"{""capoff"": {""mean_kl"": [0.007123341825502143, 0.007123341825502143, 0.007123341825502143, 0.007123341825502143, 0.007123341825502143], ""mean_signed_nll"": [0.007146157978726167, 0.007146157978726167, 0.007146157978726167, 0.007146157978726167, 0.007146157978726167], ""max_positive_nll"": [13.144280378335093, 13.144280378335093, 13.144280378335093, 13.144280378335093, 13.144280378335093], ""half_kl_positions"": [182, 182, 182, 182, 182]}, ""original"": {""mean_kl"": [0.007123341825502143, 0.007123341825502143, 0.007123341825502143, 0.007123341825502143, 0.007123341825502143], ""mean_signed_nll"": [0.007146157978726167, 0.007146157978726167, 0.007146157978726167, 0.007146157978726167, 0.007146157978726167], ""max_positive_nll"": [13.144280378335093, 13.144280378335093, 13.144280378335093, 13.144280378335093, 13.144280378335093], ""half_kl_positions"": [182, 182, 182, 182, 182]}}"
mquake,R1_learned_ff,1,300,"[""/cells/55/checkpoints/300"", ""/cells/56/checkpoints/300"", ""/cells/57/checkpoints/300"", ""/cells/58/checkpoints/300"", ""/cells/59/checkpoints/300""]","{""ES"": [1.0, 1.0, 1.0, 1.0, 1.0], ""RET-ES"": [1.0, 1.0, 1.0, 1.0, 1.0], ""RET-GS"": [0.7233333333333334, 0.7233333333333334, 0.7233333333333334, 0.7233333333333334, 0.7233333333333334], ""LS"": [1.0, 1.0, 1.0, 1.0, 1.0]}","[1.0, 1.0, 1.0, 1.0, 1.0]","[1.0, 1.0, 1.0, 1.0, 1.0]",0,"{""capoff"": {""mean_kl"": [0.0069369551649231765, 0.0069369551649231765, 0.0069369551649231765, 0.0069369551649231765, 0.0069369551649231765], ""mean_signed_nll"": [0.0069390172955069275, 0.0069390172955069275, 0.0069390172955069275, 0.0069390172955069275, 0.0069390172955069275], ""max_positive_nll"": [17.060533069655875, 17.060533069655875, 17.060533069655875, 17.060533069655875, 17.060533069655875], ""half_kl_positions"": [177, 177, 177, 177, 177]}, ""original"": {""mean_kl"": [0.0069369551649231765, 0.0069369551649231765, 0.0069369551649231765, 0.0069369551649231765, 0.0069369551649231765], ""mean_signed_nll"": [0.0069390172955069275, 0.0069390172955069275, 0.0069390172955069275, 0.0069390172955069275, 0.0069390172955069275], ""max_positive_nll"": [17.060533069655875, 17.060533069655875, 17.060533069655875, 17.060533069655875, 17.060533069655875], ""half_kl_positions"": [177, 177, 177, 177, 177]}}"
mquake,R1_learned_ff,2,300,"[""/cells/100/checkpoints/300"", ""/cells/101/checkpoints/300"", ""/cells/102/checkpoints/300"", ""/cells/103/checkpoints/300"", ""/cells/104/checkpoints/300""]","{""ES"": [1.0, 1.0, 1.0, 1.0, 1.0], ""RET-ES"": [0.9966666666666667, 0.9966666666666667, 0.9966666666666667, 0.9966666666666667, 0.9966666666666667], ""RET-GS"": [0.72, 0.72, 0.72, 0.72, 0.72], ""LS"": [1.0, 1.0, 1.0, 1.0, 1.0]}","[1.0, 1.0, 1.0, 1.0, 1.0]","[1.0, 1.0, 1.0, 1.0, 1.0]",0,"{""capoff"": {""mean_kl"": [0.0040920003913531965, 0.0040920003913531965, 0.0040920003913531965, 0.0040920003913531965, 0.0040920003913531965], ""mean_signed_nll"": [0.00413584786045882, 0.00413584786045882, 0.00413584786045882, 0.00413584786045882, 0.00413584786045882], ""max_positive_nll"": [10.253230522864694, 10.253230522864694, 10.253230522864694, 10.253230522864694, 10.253230522864694], ""half_kl_positions"": [112, 112, 112, 112, 112]}, ""original"": {""mean_kl"": [0.0040920003913531965, 0.0040920003913531965, 0.0040920003913531965, 0.0040920003913531965, 0.0040920003913531965], ""mean_signed_nll"": [0.00413584786045882, 0.00413584786045882, 0.00413584786045882, 0.00413584786045882, 0.00413584786045882], ""max_positive_nll"": [10.253230522864694, 10.253230522864694, 10.253230522864694, 10.253230522864694, 10.253230522864694], ""half_kl_positions"": [112, 112, 112, 112, 112]}}"
mquake,R1_nonlearned,0,300,"[""/cells/25/checkpoints/300"", ""/cells/26/checkpoints/300"", ""/cells/27/checkpoints/300"", ""/cells/28/checkpoints/300"", ""/cells/29/checkpoints/300""]","{""ES"": [1.0, 1.0, 1.0, 1.0, 1.0], ""RET-ES"": [1.0, 1.0, 1.0, 1.0, 1.0], ""RET-GS"": [0.0, 0.0, 0.0, 0.0, 0.0], ""LS"": [0.0, 0.0, 0.0, 0.0, 0.0]}","[0.0, 0.0, 0.0, 0.0, 0.0]","[1.0, 1.0, 1.0, 1.0, 1.0]",0,"{""capoff"": {""mean_kl"": [0.01217625069238381, 0.01217625069238381, 0.01217625069238381, 0.01217625069238381, 0.01217625069238381], ""mean_signed_nll"": [0.012047224059888832, 0.012047224059888832, 0.012047224059888832, 0.012047224059888832, 0.012047224059888832], ""max_positive_nll"": [15.07216313229306, 15.07216313229306, 15.07216313229306, 15.07216313229306, 15.07216313229306], ""half_kl_positions"": [262, 262, 262, 262, 262]}, ""original"": {""mean_kl"": [0.01217625069238381, 0.01217625069238381, 0.01217625069238381, 0.01217625069238381, 0.01217625069238381], ""mean_signed_nll"": [0.012047224059888832, 0.012047224059888832, 0.012047224059888832, 0.012047224059888832, 0.012047224059888832], ""max_positive_nll"": [15.07216313229306, 15.07216313229306, 15.07216313229306, 15.07216313229306, 15.07216313229306], ""half_kl_positions"": [262, 262, 262, 262, 262]}}"
mquake,R1_nonlearned,1,300,"[""/cells/70/checkpoints/300"", ""/cells/71/checkpoints/300"", ""/cells/72/checkpoints/300"", ""/cells/73/checkpoints/300"", ""/cells/74/checkpoints/300""]","{""ES"": [1.0, 1.0, 1.0, 1.0, 1.0], ""RET-ES"": [1.0, 1.0, 1.0, 1.0, 1.0], ""RET-GS"": [0.0, 0.0, 0.0, 0.0, 0.0], ""LS"": [0.0, 0.0, 0.0, 0.0, 0.0]}","[0.0, 0.0, 0.0, 0.0, 0.0]","[1.0, 1.0, 1.0, 1.0, 1.0]",0,"{""capoff"": {""mean_kl"": [0.01211165488985108, 0.01211165488985108, 0.01211165488985108, 0.01211165488985108, 0.01211165488985108], ""mean_signed_nll"": [0.012087146884670967, 0.012087146884670967, 0.012087146884670967, 0.012087146884670967, 0.012087146884670967], ""max_positive_nll"": [12.77094634013092, 12.77094634013092, 12.77094634013092, 12.77094634013092, 12.77094634013092], ""half_kl_positions"": [263, 263, 263, 263, 263]}, ""original"": {""mean_kl"": [0.01211165488985108, 0.01211165488985108, 0.01211165488985108, 0.01211165488985108, 0.01211165488985108], ""mean_signed_nll"": [0.012087146884670967, 0.012087146884670967, 0.012087146884670967, 0.012087146884670967, 0.012087146884670967], ""max_positive_nll"": [12.77094634013092, 12.77094634013092, 12.77094634013092, 12.77094634013092, 12.77094634013092], ""half_kl_positions"": [263, 263, 263, 263, 263]}}"
mquake,R1_nonlearned,2,300,"[""/cells/115/checkpoints/300"", ""/cells/116/checkpoints/300"", ""/cells/117/checkpoints/300"", ""/cells/118/checkpoints/300"", ""/cells/119/checkpoints/300""]","{""ES"": [1.0, 1.0, 1.0, 1.0, 1.0], ""RET-ES"": [1.0, 1.0, 1.0, 1.0, 1.0], ""RET-GS"": [0.0, 0.0, 0.0, 0.0, 0.0], ""LS"": [0.0, 0.0, 0.0, 0.0, 0.0]}","[0.0, 0.0, 0.0, 0.0, 0.0]","[1.0, 1.0, 1.0, 1.0, 1.0]",0,"{""capoff"": {""mean_kl"": [0.012229330474151902, 0.012229330474151902, 0.012229330474151902, 0.012229330474151902, 0.012229330474151902], ""mean_signed_nll"": [0.012170898016140904, 0.012170898016140904, 0.012170898016140904, 0.012170898016140904, 0.012170898016140904], ""max_positive_nll"": [14.87381976477378, 14.87381976477378, 14.87381976477378, 14.87381976477378, 14.87381976477378], ""half_kl_positions"": [259, 259, 259, 259, 259]}, ""original"": {""mean_kl"": [0.012229330474151902, 0.012229330474151902, 0.012229330474151902, 0.012229330474151902, 0.012229330474151902], ""mean_signed_nll"": [0.012170898016140904, 0.012170898016140904, 0.012170898016140904, 0.012170898016140904, 0.012170898016140904], ""max_positive_nll"": [14.87381976477378, 14.87381976477378, 14.87381976477378, 14.87381976477378, 14.87381976477378], ""half_kl_positions"": [259, 259, 259, 259, 259]}}"
mquake,v0_stable,0,300,"[""/cells/40/checkpoints/300"", ""/cells/41/checkpoints/300"", ""/cells/42/checkpoints/300"", ""/cells/43/checkpoints/300"", ""/cells/44/checkpoints/300""]","{""ES"": [1.0, 1.0, 1.0, 1.0, 1.0], ""RET-ES"": [1.0, 1.0, 1.0, 1.0, 1.0], ""RET-GS"": [0.0, 0.0, 0.0, 0.0, 0.0], ""LS"": [1.0, 1.0, 1.0, 1.0, 1.0]}","[1.0, 1.0, 1.0, 1.0, 1.0]","[null, null, null, null, null]",5,"{""capoff"": {""mean_kl"": [0.0, 0.0, 0.0, 0.0, 0.0], ""mean_signed_nll"": [0.0, 0.0, 0.0, 0.0, 0.0], ""max_positive_nll"": [0.0, 0.0, 0.0, 0.0, 0.0], ""half_kl_positions"": [null, null, null, null, null]}, ""original"": {""mean_kl"": [0.0, 0.0, 0.0, 0.0, 0.0], ""mean_signed_nll"": [0.0, 0.0, 0.0, 0.0, 0.0], ""max_positive_nll"": [0.0, 0.0, 0.0, 0.0, 0.0], ""half_kl_positions"": [null, null, null, null, null]}}"
mquake,v0_stable,1,300,"[""/cells/85/checkpoints/300"", ""/cells/86/checkpoints/300"", ""/cells/87/checkpoints/300"", ""/cells/88/checkpoints/300"", ""/cells/89/checkpoints/300""]","{""ES"": [1.0, 1.0, 1.0, 1.0, 1.0], ""RET-ES"": [1.0, 1.0, 1.0, 1.0, 1.0], ""RET-GS"": [0.0, 0.0, 0.0, 0.0, 0.0], ""LS"": [1.0, 1.0, 1.0, 1.0, 1.0]}","[1.0, 1.0, 1.0, 1.0, 1.0]","[null, null, null, null, null]",5,"{""capoff"": {""mean_kl"": [0.0, 0.0, 0.0, 0.0, 0.0], ""mean_signed_nll"": [0.0, 0.0, 0.0, 0.0, 0.0], ""max_positive_nll"": [0.0, 0.0, 0.0, 0.0, 0.0], ""half_kl_positions"": [null, null, null, null, null]}, ""original"": {""mean_kl"": [0.0, 0.0, 0.0, 0.0, 0.0], ""mean_signed_nll"": [0.0, 0.0, 0.0, 0.0, 0.0], ""max_positive_nll"": [0.0, 0.0, 0.0, 0.0, 0.0], ""half_kl_positions"": [null, null, null, null, null]}}"
mquake,v0_stable,2,300,"[""/cells/130/checkpoints/300"", ""/cells/131/checkpoints/300"", ""/cells/132/checkpoints/300"", ""/cells/133/checkpoints/300"", ""/cells/134/checkpoints/300""]","{""ES"": [1.0, 1.0, 1.0, 1.0, 1.0], ""RET-ES"": [1.0, 1.0, 1.0, 1.0, 1.0], ""RET-GS"": [0.0, 0.0, 0.0, 0.0, 0.0], ""LS"": [1.0, 1.0, 1.0, 1.0, 1.0]}","[1.0, 1.0, 1.0, 1.0, 1.0]","[null, null, null, null, null]",5,"{""capoff"": {""mean_kl"": [0.0, 0.0, 0.0, 0.0, 0.0], ""mean_signed_nll"": [0.0, 0.0, 0.0, 0.0, 0.0], ""max_positive_nll"": [0.0, 0.0, 0.0, 0.0, 0.0], ""half_kl_positions"": [null, null, null, null, null]}, ""original"": {""mean_kl"": [0.0, 0.0, 0.0, 0.0, 0.0], ""mean_signed_nll"": [0.0, 0.0, 0.0, 0.0, 0.0], ""max_positive_nll"": [0.0, 0.0, 0.0, 0.0, 0.0], ""half_kl_positions"": [null, null, null, null, null]}}"
zsre,R1_learned_ff,0,1000,"[""/cells/0/checkpoints/1000"", ""/cells/1/checkpoints/1000"", ""/cells/2/checkpoints/1000"", ""/cells/3/checkpoints/1000"", ""/cells/4/checkpoints/1000""]","{""ES"": [0.994, 0.995, 0.994, 0.993, 0.992], ""RET-ES"": [0.977, 0.977, 0.977, 0.977, 0.977], ""RET-GS"": [0.955, 0.955, 0.955, 0.955, 0.955], ""LS"": [1.0, 1.0, 1.0, 1.0, 1.0]}","[0.86, 0.86, 0.86, 0.86, 0.86]","[0.98, 0.98, 0.98, 0.98, 0.98]",0,"{""capoff"": {""mean_kl"": [0.002381492420811497, 0.002381492420811497, 0.002381492420811497, 0.002381492420811497, 0.002381492420811497], ""mean_signed_nll"": [0.0024502257170824966, 0.0024502257170824966, 0.0024502257170824966, 0.0024502257170824966, 0.0024502257170824966], ""max_positive_nll"": [9.262267463622692, 9.262267463622692, 9.262267463622692, 9.262267463622692, 9.262267463622692], ""half_kl_positions"": [69, 69, 69, 69, 69]}, ""original"": {""mean_kl"": [0.002381492420811497, 0.002381492420811497, 0.002381492420811497, 0.002381492420811497, 0.002381492420811497], ""mean_signed_nll"": [0.0024502257170824966, 0.0024502257170824966, 0.0024502257170824966, 0.0024502257170824966, 0.0024502257170824966], ""max_positive_nll"": [9.262267463622692, 9.262267463622692, 9.262267463622692, 9.262267463622692, 9.262267463622692], ""half_kl_positions"": [69, 69, 69, 69, 69]}}"
zsre,R1_learned_ff,1,1000,"[""/cells/45/checkpoints/1000"", ""/cells/46/checkpoints/1000"", ""/cells/47/checkpoints/1000"", ""/cells/48/checkpoints/1000"", ""/cells/49/checkpoints/1000""]","{""ES"": [0.994, 0.996, 0.993, 0.995, 0.996], ""RET-ES"": [0.985, 0.985, 0.985, 0.985, 0.985], ""RET-GS"": [0.965, 0.965, 0.965, 0.965, 0.965], ""LS"": [1.0, 1.0, 1.0, 1.0, 1.0]}","[0.92, 0.92, 0.92, 0.92, 0.92]","[0.98, 0.98, 0.98, 0.98, 0.98]",0,"{""capoff"": {""mean_kl"": [0.00244796962532886, 0.00244796962532886, 0.00244796962532886, 0.00244796962532886, 0.00244796962532886], ""mean_signed_nll"": [0.0025530208561313976, 0.0025530208561313976, 0.0025530208561313976, 0.0025530208561313976, 0.0025530208561313976], ""max_positive_nll"": [8.953987570983772, 8.953987570983772, 8.953987570983772, 8.953987570983772, 8.953987570983772], ""half_kl_positions"": [69, 69, 69, 69, 69]}, ""original"": {""mean_kl"": [0.00244796962532886, 0.00244796962532886, 0.00244796962532886, 0.00244796962532886, 0.00244796962532886], ""mean_signed_nll"": [0.0025530208561313976, 0.0025530208561313976, 0.0025530208561313976, 0.0025530208561313976, 0.0025530208561313976], ""max_positive_nll"": [8.953987570983772, 8.953987570983772, 8.953987570983772, 8.953987570983772, 8.953987570983772], ""half_kl_positions"": [69, 69, 69, 69, 69]}}"
zsre,R1_learned_ff,2,1000,"[""/cells/90/checkpoints/1000"", ""/cells/91/checkpoints/1000"", ""/cells/92/checkpoints/1000"", ""/cells/93/checkpoints/1000"", ""/cells/94/checkpoints/1000""]","{""ES"": [0.997, 0.992, 0.995, 0.994, 0.996], ""RET-ES"": [0.985, 0.985, 0.985, 0.985, 0.985], ""RET-GS"": [0.961, 0.961, 0.961, 0.961, 0.961], ""LS"": [1.0, 1.0, 1.0, 1.0, 1.0]}","[0.87, 0.87, 0.87, 0.87, 0.87]","[0.98, 0.98, 0.98, 0.98, 0.98]",0,"{""capoff"": {""mean_kl"": [0.002329750503025938, 0.0023297505765576478, 0.002329750503025938, 0.002329750503025938, 0.002329750503025938], ""mean_signed_nll"": [0.0024543228367322413, 0.002454322855970633, 0.0024543228367322413, 0.0024543228367322413, 0.0024543228367322413], ""max_positive_nll"": [11.047746870391336, 11.047746873593319, 11.047746870391336, 11.047746870391336, 11.047746870391336], ""half_kl_positions"": [68, 68, 68, 68, 68]}, ""original"": {""mean_kl"": [0.002329750503025938, 0.0023297505765576478, 0.002329750503025938, 0.002329750503025938, 0.002329750503025938], ""mean_signed_nll"": [0.0024543228367322413, 0.002454322855970633, 0.0024543228367322413, 0.0024543228367322413, 0.0024543228367322413], ""max_positive_nll"": [11.047746870391336, 11.047746873593319, 11.047746870391336, 11.047746870391336, 11.047746870391336], ""half_kl_positions"": [68, 68, 68, 68, 68]}}"
zsre,R1_nonlearned,0,1000,"[""/cells/15/checkpoints/1000"", ""/cells/16/checkpoints/1000"", ""/cells/17/checkpoints/1000"", ""/cells/18/checkpoints/1000"", ""/cells/19/checkpoints/1000""]","{""ES"": [1.0, 1.0, 1.0, 1.0, 1.0], ""RET-ES"": [1.0, 1.0, 1.0, 1.0, 1.0], ""RET-GS"": [0.502, 0.502, 0.502, 0.502, 0.502], ""LS"": [0.98, 0.98, 0.98, 0.98, 0.98]}","[0.0, 0.0, 0.0, 0.0, 0.0]","[1.0, 1.0, 1.0, 1.0, 1.0]",5,"{""capoff"": {""mean_kl"": [0.0003145844932612344, 0.0003145844932612344, 0.0003145844932612344, 0.0003145844932612344, 0.0003145844932612344], ""mean_signed_nll"": [0.00031656130361469744, 0.00031656130361469744, 0.00031656130361469744, 0.00031656130361469744, 0.00031656130361469744], ""max_positive_nll"": [5.660833539088998, 5.660833539088998, 5.660833539088998, 5.660833539088998, 5.660833539088998], ""half_kl_positions"": [14, 14, 14, 14, 14]}, ""original"": {""mean_kl"": [0.0003145844932612344, 0.0003145844932612344, 0.0003145844932612344, 0.0003145844932612344, 0.0003145844932612344], ""mean_signed_nll"": [0.00031656130361469744, 0.00031656130361469744, 0.00031656130361469744, 0.00031656130361469744, 0.00031656130361469744], ""max_positive_nll"": [5.660833539088998, 5.660833539088998, 5.660833539088998, 5.660833539088998, 5.660833539088998], ""half_kl_positions"": [14, 14, 14, 14, 14]}}"
zsre,R1_nonlearned,1,1000,"[""/cells/60/checkpoints/1000"", ""/cells/61/checkpoints/1000"", ""/cells/62/checkpoints/1000"", ""/cells/63/checkpoints/1000"", ""/cells/64/checkpoints/1000""]","{""ES"": [1.0, 1.0, 1.0, 1.0, 1.0], ""RET-ES"": [1.0, 1.0, 1.0, 1.0, 1.0], ""RET-GS"": [0.53, 0.53, 0.53, 0.53, 0.53], ""LS"": [1.0, 1.0, 1.0, 1.0, 1.0]}","[0.0, 0.0, 0.0, 0.0, 0.0]","[1.0, 1.0, 1.0, 1.0, 1.0]",5,"{""capoff"": {""mean_kl"": [0.0007425486131767483, 0.0007425486131767483, 0.0007425486131767483, 0.0007425486131767483, 0.0007425486131767483], ""mean_signed_nll"": [0.0007165783003183672, 0.0007165783003183672, 0.0007165783003183672, 0.0007165783003183672, 0.0007165783003183672], ""max_positive_nll"": [7.000992705172072, 7.000992705172072, 7.000992705172072, 7.000992705172072, 7.000992705172072], ""half_kl_positions"": [23, 23, 23, 23, 23]}, ""original"": {""mean_kl"": [0.0007425486131767483, 0.0007425486131767483, 0.0007425486131767483, 0.0007425486131767483, 0.0007425486131767483], ""mean_signed_nll"": [0.0007165783003183672, 0.0007165783003183672, 0.0007165783003183672, 0.0007165783003183672, 0.0007165783003183672], ""max_positive_nll"": [7.000992705172072, 7.000992705172072, 7.000992705172072, 7.000992705172072, 7.000992705172072], ""half_kl_positions"": [23, 23, 23, 23, 23]}}"
zsre,R1_nonlearned,2,1000,"[""/cells/105/checkpoints/1000"", ""/cells/106/checkpoints/1000"", ""/cells/107/checkpoints/1000"", ""/cells/108/checkpoints/1000"", ""/cells/109/checkpoints/1000""]","{""ES"": [1.0, 1.0, 1.0, 1.0, 1.0], ""RET-ES"": [1.0, 1.0, 1.0, 1.0, 1.0], ""RET-GS"": [0.54, 0.54, 0.54, 0.54, 0.54], ""LS"": [1.0, 1.0, 1.0, 1.0, 1.0]}","[0.0, 0.0, 0.0, 0.0, 0.0]","[1.0, 1.0, 1.0, 1.0, 1.0]",5,"{""capoff"": {""mean_kl"": [0.0003866722568807744, 0.0003866722568807744, 0.0003866722568807744, 0.0003866722568807744, 0.0003866722568807744], ""mean_signed_nll"": [0.0003765462884295845, 0.0003765462884295845, 0.0003765462884295845, 0.0003765462884295845, 0.0003765462884295845], ""max_positive_nll"": [5.82136978298211, 5.82136978298211, 5.82136978298211, 5.82136978298211, 5.82136978298211], ""half_kl_positions"": [13, 13, 13, 13, 13]}, ""original"": {""mean_kl"": [0.0003866722568807744, 0.0003866722568807744, 0.0003866722568807744, 0.0003866722568807744, 0.0003866722568807744], ""mean_signed_nll"": [0.0003765462884295845, 0.0003765462884295845, 0.0003765462884295845, 0.0003765462884295845, 0.0003765462884295845], ""max_positive_nll"": [5.82136978298211, 5.82136978298211, 5.82136978298211, 5.82136978298211, 5.82136978298211], ""half_kl_positions"": [13, 13, 13, 13, 13]}}"
zsre,v0_stable,0,1000,"[""/cells/30/checkpoints/1000"", ""/cells/31/checkpoints/1000"", ""/cells/32/checkpoints/1000"", ""/cells/33/checkpoints/1000"", ""/cells/34/checkpoints/1000""]","{""ES"": [1.0, 1.0, 1.0, 1.0, 1.0], ""RET-ES"": [0.652, 0.671, 0.676, 0.65, 0.651], ""RET-GS"": [0.197, 0.158, 0.186, 0.184, 0.196], ""LS"": [1.0, 1.0, 1.0, 1.0, 1.0]}","[0.27, 0.34, 0.36, 0.36, 0.32]","[null, null, null, null, null]",1,"{""capoff"": {""mean_kl"": [0.0011643032927989739, 0.0018517222545068087, 0.0008014193708579002, 0.0014536399167479638, 0.0015361707584180685], ""mean_signed_nll"": [0.0008603806962147023, 0.0015523107581326232, 0.0006463290826583881, 0.001206137054602848, 0.0011674286545119987], ""max_positive_nll"": [25.859260091125346, 27.6841653955279, 25.859260091125346, 27.6841653955279, 27.6841653955279], ""half_kl_positions"": [13, 19, 16, 13, 11]}, ""original"": {""mean_kl"": [0.0011643032927989739, 0.0018517222545068087, 0.0008014193708579002, 0.0014536399167479638, 0.0015361707584180685], ""mean_signed_nll"": [0.0008603806962147023, 0.0015523107581326232, 0.0006463290826583881, 0.001206137054602848, 0.0011674286545119987], ""max_positive_nll"": [25.859260091125346, 27.6841653955279, 25.859260091125346, 27.6841653955279, 27.6841653955279], ""half_kl_positions"": [13, 19, 16, 13, 11]}}"
zsre,v0_stable,1,1000,"[""/cells/75/checkpoints/1000"", ""/cells/76/checkpoints/1000"", ""/cells/77/checkpoints/1000"", ""/cells/78/checkpoints/1000"", ""/cells/79/checkpoints/1000""]","{""ES"": [1.0, 0.999, 1.0, 0.999, 1.0], ""RET-ES"": [0.654, 0.636, 0.651, 0.649, 0.647], ""RET-GS"": [0.18, 0.176, 0.178, 0.166, 0.187], ""LS"": [1.0, 1.0, 0.86, 0.86, 0.96]}","[0.27, 0.33, 0.4, 0.4, 0.34]","[null, null, null, null, null]",0,"{""capoff"": {""mean_kl"": [0.0015718219445108649, 0.0027403037437051785, 0.0021047547750041758, 0.0015080319901016978, 0.001478088413909226], ""mean_signed_nll"": [0.001591258992225961, 0.00277312077437808, 0.002078333171400014, 0.0015745178495619292, 0.0014574133574350764], ""max_positive_nll"": [26.287621263032214, 26.287621263032214, 26.287621263032214, 26.287621263032214, 26.287621263032214], ""half_kl_positions"": [15, 21, 21, 13, 13]}, ""original"": {""mean_kl"": [0.0015718219445108649, 0.0027403037437051785, 0.0021047547750041758, 0.0015080319901016978, 0.001478088413909226], ""mean_signed_nll"": [0.001591258992225961, 0.00277312077437808, 0.002078333171400014, 0.0015745178495619292, 0.0014574133574350764], ""max_positive_nll"": [26.287621263032214, 26.287621263032214, 26.287621263032214, 26.287621263032214, 26.287621263032214], ""half_kl_positions"": [15, 21, 21, 13, 13]}}"
zsre,v0_stable,2,1000,"[""/cells/120/checkpoints/1000"", ""/cells/121/checkpoints/1000"", ""/cells/122/checkpoints/1000"", ""/cells/123/checkpoints/1000"", ""/cells/124/checkpoints/1000""]","{""ES"": [1.0, 1.0, 1.0, 1.0, 1.0], ""RET-ES"": [0.694, 0.679, 0.71, 0.681, 0.701], ""RET-GS"": [0.205, 0.201, 0.204, 0.178, 0.188], ""LS"": [0.96, 0.96, 1.0, 0.98, 0.98]}","[0.31, 0.3, 0.23, 0.3, 0.33]","[null, null, null, null, null]",0,"{""capoff"": {""mean_kl"": [0.0017690623565944548, 0.001851535503605576, 0.0014695724840141351, 0.0017955152711599468, 0.0016164468309434574], ""mean_signed_nll"": [0.0017784303597732562, 0.0017430925247380147, 0.001399796740828729, 0.0017725688937666679, 0.0015174543365215933], ""max_positive_nll"": [19.33857784274852, 23.53842438171965, 23.53842438171965, 23.53842438171965, 23.53842438171965], ""half_kl_positions"": [24, 24, 21, 22, 17]}, ""original"": {""mean_kl"": [0.0017690623565944548, 0.001851535503605576, 0.0014695724840141351, 0.0017955152711599468, 0.0016164468309434574], ""mean_signed_nll"": [0.0017784303597732562, 0.0017430925247380147, 0.001399796740828729, 0.0017725688937666679, 0.0015174543365215933], ""max_positive_nll"": [19.33857784274852, 23.53842438171965, 23.53842438171965, 23.53842438171965, 23.53842438171965], ""half_kl_positions"": [24, 24, 21, 22, 17]}}"
