step,tokens_seen,micro_batch,T,tau,relax_step,energy,error_grad_norm
0,5120,0,1,0.1,0,0.0,2.376912107138196e-06
0,5120,0,1,0.1,1,-2.3832512852095533e-08,1.5754899322928395e-06
1,10240,0,1,0.1,0,1.9872200596182665e-07,5.299545227899216e-05
1,10240,0,1,0.1,1,1.2528962756164219e-08,5.1583581807790324e-05
2,15360,0,1,0.1,0,3.0019273253856227e-05,0.0011014144401997328
2,15360,0,1,0.1,1,2.989262793562375e-05,0.0010019495384767652
3,20480,0,1,0.1,0,5.0402319175191224e-05,0.00165922986343503
3,20480,0,1,0.1,1,5.0220474804518744e-05,0.0014945875154808164
4,25600,0,1,0.1,0,1.3132406820659526e-05,0.0007812926196493208
4,25600,0,1,0.1,1,1.2978256563656032e-05,0.0006803353899158537
5,30720,0,1,0.1,0,3.228317655157298e-05,0.0014542116550728679
5,30720,0,1,0.1,1,3.200811261194758e-05,0.0013077958719804883
6,35840,0,1,0.1,0,1.5471399819944054e-05,0.0007613451452925801
6,35840,0,1,0.1,1,1.525179686723277e-05,0.0006773044005967677
7,40960,0,1,0.1,0,1.4425628251046874e-05,0.0013633178314194083
7,40960,0,1,0.1,1,1.4279302376962733e-05,0.0011877346551045775
8,46080,0,1,0.1,0,2.93957200483419e-05,0.005740312393754721
8,46080,0,1,0.1,1,2.654449599504005e-05,0.003655958455055952
9,51200,0,1,0.1,0,4.76076384074986e-05,0.0018746713176369667
9,51200,0,1,0.1,1,4.729448482976295e-05,0.001677862019278109
10,56320,0,1,0.1,0,5.5258613429032266e-05,0.002069079549983144
10,56320,0,1,0.1,1,5.516847886610776e-05,0.0018516565905883908
11,61440,0,1,0.1,0,2.6692141545936465e-05,0.0017558359540998936
11,61440,0,1,0.1,1,2.664581552380696e-05,0.0015527736395597458
12,66560,0,1,0.1,0,6.045138434274122e-05,0.0072416928596794605
12,66560,0,1,0.1,1,5.567509651882574e-05,0.006136531941592693
13,71680,0,1,0.1,0,4.723878009826876e-05,0.001389498240314424
13,71680,0,1,0.1,1,4.692994843935594e-05,0.0012599838664755225
14,76800,0,1,0.1,0,3.0833172786515206e-05,0.0009857548866420984
14,76800,0,1,0.1,1,3.0683630029670894e-05,0.0008973020012490451
15,81920,0,1,0.1,0,2.7934556783293374e-05,0.002300744643434882
15,81920,0,1,0.1,1,2.738817966019269e-05,0.001995265018194914
16,87040,0,1,0.1,0,5.879101445316337e-05,0.0018385403091087937
16,87040,0,1,0.1,1,5.849724402651191e-05,0.0016468975227326155
17,92160,0,1,0.1,0,3.0422776035265997e-05,0.006268880795687437
17,92160,0,1,0.1,1,2.6773928766488098e-05,0.004817016422748566
18,97280,0,1,0.1,0,4.2641640902729705e-05,0.004938378930091858
18,97280,0,1,0.1,1,4.039645500597544e-05,0.0041879527270793915
19,102400,0,1,0.1,0,5.13936611241661e-05,0.0032841856591403484
19,102400,0,1,0.1,1,5.060589319327846e-05,0.002894663019105792
20,107520,0,1,0.1,0,0.00029912852915003896,0.013279070146381855
20,107520,0,1,0.1,1,0.00028322223806753755,0.010832644067704678
21,112640,0,1,0.1,0,8.471820183331147e-05,0.002019739942625165
21,112640,0,1,0.1,1,8.415400225203484e-05,0.0018204841762781143
22,117760,0,1,0.1,0,2.756433059403207e-05,0.001010252977721393
22,117760,0,1,0.1,1,2.7267384211882018e-05,0.0009144243085756898
23,122880,0,1,0.1,0,5.09497185703367e-05,0.002076094737276435
23,122880,0,1,0.1,1,5.061682895757258e-05,0.001859268406406045
24,128000,0,1,0.1,0,7.556516356999055e-05,0.004160217009484768
24,128000,0,1,0.1,1,7.406888471450657e-05,0.003629126586019993
25,133120,0,1,0.1,0,4.7690027713542804e-05,0.0026406580582261086
25,133120,0,1,0.1,1,4.700802674051374e-05,0.002295567188411951
26,138240,0,1,0.1,0,9.819801925914362e-05,0.0025993071030825377
26,138240,0,1,0.1,1,9.761033288668841e-05,0.002330128103494644
27,143360,0,1,0.1,0,1.5171275663306005e-05,0.0008503958233632147
27,143360,0,1,0.1,1,1.4854333130642772e-05,0.0007647507591173053
28,148480,0,1,0.1,0,1.2333702215983067e-05,0.001325142104178667
28,148480,0,1,0.1,1,1.2138607417000458e-05,0.0010724751045927405
29,153600,0,1,0.1,0,1.1230355084990151e-05,0.0003000252181664109
29,153600,0,1,0.1,1,1.1035229363187682e-05,0.000279836414847523
30,158720,0,1,0.1,0,6.415069219656289e-05,0.0014726679073646665
30,158720,0,1,0.1,1,6.373562064254656e-05,0.001340542221441865
31,163840,0,1,0.1,0,3.3986871130764484e-05,0.001212667440995574
31,163840,0,1,0.1,1,3.380862472113222e-05,0.00109162088483572
32,168960,0,1,0.1,0,2.1287507479428314e-05,0.0011939476244151592
32,168960,0,1,0.1,1,2.1104986444697715e-05,0.0010696516837924719
33,174080,0,1,0.1,0,3.3264626836171374e-05,0.0015190367121249437
33,174080,0,1,0.1,1,3.3173197152791545e-05,0.001325255841948092
34,179200,0,1,0.1,0,2.594935904198792e-05,0.0010545558761805296
34,179200,0,1,0.1,1,2.5989205823861994e-05,0.0009570851689204574
35,184320,0,1,0.1,0,2.555402352300007e-05,0.0009844921296462417
35,184320,0,1,0.1,1,2.5410523448954336e-05,0.0008913618512451649
36,189440,0,1,0.1,0,8.615339174866676e-05,0.0030041616410017014
36,189440,0,1,0.1,1,8.530810009688139e-05,0.0026678398717194796
37,194560,0,1,0.1,0,5.184634210309014e-05,0.005703826434910297
37,194560,0,1,0.1,1,4.881999848294072e-05,0.004785681609064341
38,199680,0,1,0.1,0,1.697650077403523e-05,0.0005888495943509042
38,199680,0,1,0.1,1,1.6981797671178356e-05,0.000541317684110254
39,204800,0,1,0.1,0,1.8033340893452987e-05,0.0020377696491777897
39,204800,0,1,0.1,1,1.7518357708468102e-05,0.0016720943385735154
40,209920,0,1,0.1,0,5.085110751679167e-05,0.0013762626331299543
40,209920,0,1,0.1,1,5.0863051001215354e-05,0.001248496351763606
41,215040,0,1,0.1,0,0.0004234255466144532,0.019247613847255707
41,215040,0,1,0.1,1,0.0003890075022354722,0.01665906049311161
42,220160,0,1,0.1,0,1.9661853002617136e-05,0.002321073319762945
42,220160,0,1,0.1,1,1.9119303033221513e-05,0.0019318965496495366
43,225280,0,1,0.1,0,2.724313162616454e-05,0.0033303082454949617
43,225280,0,1,0.1,1,2.637848592712544e-05,0.002884163288399577
44,230400,0,1,0.1,0,2.691509507712908e-05,0.0014976273523643613
44,230400,0,1,0.1,1,2.683013917703647e-05,0.001340256305411458
45,235520,0,1,0.1,0,4.050214192830026e-05,0.0013489928096532822
45,235520,0,1,0.1,1,4.044723027618602e-05,0.0012178097385913134
46,240640,0,1,0.1,0,4.8247038648696616e-05,0.0019096873002126813
46,240640,0,1,0.1,1,4.787745638168417e-05,0.001711013144813478
47,245760,0,1,0.1,0,2.1339074010029435e-05,0.0009981375187635422
47,245760,0,1,0.1,1,2.129757558577694e-05,0.0008826987468637526
48,250880,0,1,0.1,0,3.193710290361196e-05,0.0016450918046757579
48,250880,0,1,0.1,1,3.161686981911771e-05,0.0014503931161016226
49,256000,0,1,0.1,0,4.04232632718049e-05,0.0013327995548024774
49,256000,0,1,0.1,1,4.0306535083800554e-05,0.0012000866699963808
50,261120,0,1,0.1,0,2.1178455426706932e-05,0.0014600122813135386
50,261120,0,1,0.1,1,2.0930752725689672e-05,0.0012720066588371992
51,266240,0,1,0.1,0,2.7804802812170237e-05,0.0014416148187592626
51,266240,0,1,0.1,1,2.780613795039244e-05,0.0012942004250362515
52,271360,0,1,0.1,0,4.621492917067371e-05,0.0013634373899549246
52,271360,0,1,0.1,1,4.613816781784408e-05,0.0012319564120844007
53,276480,0,1,0.1,0,4.893793447990902e-05,0.004040264990180731
53,276480,0,1,0.1,1,4.746804916067049e-05,0.003346779150888324
54,281600,0,1,0.1,0,0.0005769515410065651,0.025649938732385635
54,281600,0,1,0.1,1,0.0005176563281565905,0.020701054483652115
55,286720,0,1,0.1,0,3.6065481253899634e-05,0.000930257432628423
55,286720,0,1,0.1,1,3.6005138099426404e-05,0.0008536651148460805
56,291840,0,1,0.1,0,5.058427632320672e-05,0.002983208280056715
56,291840,0,1,0.1,1,4.9905422201845795e-05,0.00252929818816483
57,296960,0,1,0.1,0,4.152575274929404e-05,0.0019021917833015323
57,296960,0,1,0.1,1,4.12291701650247e-05,0.0017037336947396398
58,302080,0,1,0.1,0,3.407831536605954e-05,0.00194370630197227
58,302080,0,1,0.1,1,3.404400922590867e-05,0.001548477099277079
59,307200,0,1,0.1,0,3.292251130915247e-05,0.0008143634186126292
59,307200,0,1,0.1,1,3.280772943980992e-05,0.0007422137423418462
60,312320,0,1,0.1,0,4.8730838898336515e-05,0.0010808439692482352
60,312320,0,1,0.1,1,4.84092379338108e-05,0.0009842043509706855
61,317440,0,1,0.1,0,6.608049443457276e-05,0.001529226079583168
61,317440,0,1,0.1,1,6.577987369382754e-05,0.0013852629344910383
62,322560,0,1,0.1,0,8.612513920525089e-05,0.004859649110585451
62,322560,0,1,0.1,1,8.393681491725147e-05,0.004248896613717079
63,327680,0,1,0.1,0,9.648617560742423e-05,0.010120118968188763
63,327680,0,1,0.1,1,8.702172635821626e-05,0.008219065144658089
64,332800,0,1,0.1,0,4.1216313547920436e-05,0.000964603153988719
64,332800,0,1,0.1,1,4.121464371564798e-05,0.0008730056579224765
65,337920,0,1,0.1,0,4.591402830556035e-05,0.0011501512490212917
65,337920,0,1,0.1,1,4.599495878210291e-05,0.0010440577752888203
66,343040,0,1,0.1,0,3.8209785998333246e-05,0.0012033699313178658
66,343040,0,1,0.1,1,3.811667920672335e-05,0.0010461580241099
67,348160,0,1,0.1,0,4.081735824001953e-05,0.0012091913959011436
67,348160,0,1,0.1,1,4.054914097650908e-05,0.0010931631550192833
68,353280,0,1,0.1,0,3.958654997404665e-05,0.0011238075094297528
68,353280,0,1,0.1,1,3.941987961297855e-05,0.0010128456633538008
69,358400,0,1,0.1,0,3.686273339553736e-05,0.00046873276005499065
69,358400,0,1,0.1,1,3.673944229376502e-05,0.0004437683674041182
70,363520,0,1,0.1,0,0.00014592826482839882,0.010229261592030525
70,363520,0,1,0.1,1,0.00013612807379104197,0.008359184488654137
71,368640,0,1,0.1,0,8.886975410860032e-05,0.0039038793183863163
71,368640,0,1,0.1,1,8.72442324180156e-05,0.003330876352265477
72,373760,0,1,0.1,0,8.234149572672322e-05,0.001573893940076232
72,373760,0,1,0.1,1,8.202758908737451e-05,0.0014166113687679172
73,378880,0,1,0.1,0,3.1774314265931025e-05,0.0011693773558363318
73,378880,0,1,0.1,1,3.185468085575849e-05,0.0010403578635305166
74,384000,0,1,0.1,0,0.00010537017078604549,0.004314538091421127
74,384000,0,1,0.1,1,0.00010345209011575207,0.0038164996076375246
75,389120,0,1,0.1,0,0.0001437897008145228,0.019801605492830276
75,389120,0,1,0.1,1,0.00011015060590580106,0.014105826616287231
76,394240,0,1,0.1,0,2.924083855759818e-05,0.000725851918105036
76,394240,0,1,0.1,1,2.9164122679503635e-05,0.0006653835880570114
77,399360,0,1,0.1,0,1.9227485609008e-05,0.0004202496202196926
77,399360,0,1,0.1,1,1.9265813534730114e-05,0.00039046056917868555
78,404480,0,1,0.1,0,0.000353570154402405,0.03991778939962387
78,404480,0,1,0.1,1,0.0002241899783257395,0.0248341616243124
79,409600,0,1,0.1,0,0.00021069492504466325,0.017597591504454613
79,409600,0,1,0.1,1,0.00018306948186364025,0.013925304636359215
80,414720,0,1,0.1,0,9.641912038205191e-05,0.0027473466470837593
80,414720,0,1,0.1,1,9.566812514094636e-05,0.0024616545997560024
81,419840,0,1,0.1,0,0.000500922673381865,0.051855187863111496
81,419840,0,1,0.1,1,0.0003733978373929858,0.020707271993160248
82,424960,0,1,0.1,0,0.00011793137673521414,0.016635039821267128
82,424960,0,1,0.1,1,9.619794582249597e-05,0.00958012044429779
83,430080,0,1,0.1,0,9.519579180050641e-05,0.003078433917835355
83,430080,0,1,0.1,1,9.431501530343667e-05,0.002729365834966302
84,435200,0,1,0.1,0,4.97526052640751e-05,0.0011240250896662474
84,435200,0,1,0.1,1,4.9652502639219165e-05,0.0010208728490397334
85,440320,0,1,0.1,0,9.334494097856805e-05,0.004742143675684929
85,440320,0,1,0.1,1,9.106020297622308e-05,0.004227933939546347
86,445440,0,1,0.1,0,5.25747163919732e-05,0.0014783776132389903
86,445440,0,1,0.1,1,5.2570841944543645e-05,0.001331110019236803
87,450560,0,1,0.1,0,4.688156332122162e-05,0.000946743180975318
87,450560,0,1,0.1,1,4.6547527745133266e-05,0.0008660283638164401
88,455680,0,1,0.1,0,4.678754339693114e-05,0.0014896538341417909
88,455680,0,1,0.1,1,4.662597712012939e-05,0.0013339744182303548
89,460800,0,1,0.1,0,7.335845293710008e-05,0.0016830069944262505
89,460800,0,1,0.1,1,7.31998952687718e-05,0.0015163803473114967
90,465920,0,1,0.1,0,0.00034782811417244375,0.002077091485261917
90,465920,0,1,0.1,1,0.000347420311300084,0.0018539311131462455
91,471040,0,1,0.1,0,5.493732533068396e-05,0.0012692518066614866
91,471040,0,1,0.1,1,5.4754240409238264e-05,0.0011485551949590445
92,476160,0,1,0.1,0,5.4844618716742843e-05,0.0020673349499702454
92,476160,0,1,0.1,1,5.4444964916910976e-05,0.0018204038497060537
93,481280,0,1,0.1,0,6.249280704651028e-05,0.0021676491014659405
93,481280,0,1,0.1,1,6.194671732373536e-05,0.0019101735670119524
94,486400,0,1,0.1,0,5.1257207815069705e-05,0.0012102510081604123
94,486400,0,1,0.1,1,5.1127462938893586e-05,0.0010883479844778776
95,491520,0,1,0.1,0,0.0001164638451882638,0.004729018080979586
95,491520,0,1,0.1,1,0.00011434855696279556,0.004200358875095844
96,496640,0,1,0.1,0,0.00023509564925916493,0.015278573147952557
96,496640,0,1,0.1,1,0.0002133372036041692,0.013280310668051243
97,501760,0,1,0.1,0,0.00031533604487776756,0.006836771033704281
97,501760,0,1,0.1,1,0.00031095262966118753,0.006089991424232721
98,506880,0,1,0.1,0,6.860814755782485e-05,0.0018060855800285935
98,506880,0,1,0.1,1,6.817238318035379e-05,0.0016213193302974105
99,512000,0,1,0.1,0,0.00017465536075178534,0.003991766832768917
99,512000,0,1,0.1,1,0.00017318822210654616,0.0035815821029245853
