cell_id,dataset,condition,realization,order,status,artifact_complete,missing_checkpoints,scientific_admission,endpoint_complete,invalid_reason,endpoint_complete_scope,primary_metrics_complete,full_validation_complete,sampled_drift_complete,unreceipted_checkpoints
61348508e40d54351613ab14,zsre,R1_learned_ff,0,100,complete_artifacts,True,[],True,True,unavailable,full_validation AND sampled_drift only,True,True,True,[]
88af67fa5945b642e8ba7974,zsre,R1_learned_ff,0,101,complete_artifacts,True,[],True,True,unavailable,full_validation AND sampled_drift only,True,True,True,[]
915f97b05f3fa2a81de09cdf,zsre,R1_learned_ff,0,102,complete_artifacts,True,[],True,True,unavailable,full_validation AND sampled_drift only,True,True,True,[]
4aa4849ba414edab2504f56b,zsre,R1_learned_ff,0,103,complete_artifacts,True,[],True,True,unavailable,full_validation AND sampled_drift only,True,True,True,[]
9ebc93cc7912bd5d1c929418,zsre,R1_learned_ff,0,104,complete_artifacts,True,[],True,True,unavailable,full_validation AND sampled_drift only,True,True,True,[]
ce0d0ffc2a58a60e27c460d9,counterfact,R1_learned_ff,0,100,complete_artifacts,True,[],True,True,unavailable,full_validation AND sampled_drift only,True,True,True,[]
95dfb24c6361b2d38dd60e9b,counterfact,R1_learned_ff,0,101,complete_artifacts,True,[],True,True,unavailable,full_validation AND sampled_drift only,True,True,True,[]
6d0915056b1e76d8ee8795ff,counterfact,R1_learned_ff,0,102,complete_artifacts,True,[],True,True,unavailable,full_validation AND sampled_drift only,True,True,True,[]
7c9675a69d832a772070cb2d,counterfact,R1_learned_ff,0,103,complete_artifacts,True,[],True,True,unavailable,full_validation AND sampled_drift only,True,True,True,[]
95016bc16e89cfcccccc40b8,counterfact,R1_learned_ff,0,104,complete_artifacts,True,[],True,True,unavailable,full_validation AND sampled_drift only,True,True,True,[]
43925e53c31860219a85ef90,mquake,R1_learned_ff,0,100,complete_artifacts,True,[],True,True,unavailable,full_validation AND sampled_drift only,True,True,True,[]
c29ee18fb21ba6b387ede6e8,mquake,R1_learned_ff,0,101,complete_artifacts,True,[],True,True,unavailable,full_validation AND sampled_drift only,True,True,True,[]
54879da4dcdb0f106f98080a,mquake,R1_learned_ff,0,102,complete_artifacts,True,[],True,True,unavailable,full_validation AND sampled_drift only,True,True,True,[]
78ebbc03946239c1d637154c,mquake,R1_learned_ff,0,103,complete_artifacts,True,[],True,True,unavailable,full_validation AND sampled_drift only,True,True,True,[]
b1d1e53944241333ec5603d4,mquake,R1_learned_ff,0,104,complete_artifacts,True,[],True,True,unavailable,full_validation AND sampled_drift only,True,True,True,[]
f3dbf1a3d5860a628e7d68ef,zsre,R1_nonlearned,0,100,complete_artifacts,True,[],True,True,unavailable,full_validation AND sampled_drift only,True,True,True,[]
be44dfb501724b72adcbd747,zsre,R1_nonlearned,0,101,complete_artifacts,True,[],True,True,unavailable,full_validation AND sampled_drift only,True,True,True,[]
5263d61e569d7cb4ceb4e617,zsre,R1_nonlearned,0,102,complete_artifacts,True,[],True,True,unavailable,full_validation AND sampled_drift only,True,True,True,[]
81b1e9cb4e216a6cd1cd565a,zsre,R1_nonlearned,0,103,complete_artifacts,True,[],True,True,unavailable,full_validation AND sampled_drift only,True,True,True,[]
deb5f473d9ca2ed544926204,zsre,R1_nonlearned,0,104,complete_artifacts,True,[],True,True,unavailable,full_validation AND sampled_drift only,True,True,True,[]
0b6ade77641a02c1c85574b0,counterfact,R1_nonlearned,0,100,complete_artifacts,True,[],True,True,unavailable,full_validation AND sampled_drift only,True,True,True,[]
ee67c592789829e7dd808ede,counterfact,R1_nonlearned,0,101,complete_artifacts,True,[],True,True,unavailable,full_validation AND sampled_drift only,True,True,True,[]
8be432675ed4dc57f9108bd4,counterfact,R1_nonlearned,0,102,complete_artifacts,True,[],True,True,unavailable,full_validation AND sampled_drift only,True,True,True,[]
78928f2782d91d888ef24d52,counterfact,R1_nonlearned,0,103,complete_artifacts,True,[],True,True,unavailable,full_validation AND sampled_drift only,True,True,True,[]
de785feed05c9f4c2a9e9273,counterfact,R1_nonlearned,0,104,complete_artifacts,True,[],True,True,unavailable,full_validation AND sampled_drift only,True,True,True,[]
de0b9612418e6d573ed77679,mquake,R1_nonlearned,0,100,complete_artifacts,True,[],True,True,unavailable,full_validation AND sampled_drift only,True,True,True,[]
be37e2a1ff4a079e56efe268,mquake,R1_nonlearned,0,101,complete_artifacts,True,[],True,True,unavailable,full_validation AND sampled_drift only,True,True,True,[]
1e6b766c4139230c18547234,mquake,R1_nonlearned,0,102,complete_artifacts,True,[],True,True,unavailable,full_validation AND sampled_drift only,True,True,True,[]
c0a54c5fbf1ce7776efc983e,mquake,R1_nonlearned,0,103,complete_artifacts,True,[],True,True,unavailable,full_validation AND sampled_drift only,True,True,True,[]
7499c19b813dcada2c67ae39,mquake,R1_nonlearned,0,104,complete_artifacts,True,[],True,True,unavailable,full_validation AND sampled_drift only,True,True,True,[]
39c7fd4929721e8dcba56b94,zsre,v0_stable,0,100,complete_artifacts,True,[],True,True,unavailable,full_validation AND sampled_drift only,True,True,True,[]
b887b1046cd563d990765e01,zsre,v0_stable,0,101,complete_artifacts,True,[],True,True,unavailable,full_validation AND sampled_drift only,True,True,True,[]
435235a6719279d1cc87ad66,zsre,v0_stable,0,102,complete_artifacts,True,[],True,True,unavailable,full_validation AND sampled_drift only,True,True,True,[]
aaed1cf9e8ce7cf1cf3749fa,zsre,v0_stable,0,103,complete_artifacts,True,[],True,True,unavailable,full_validation AND sampled_drift only,True,True,True,[]
92a5ef6855124ffc5a8d6163,zsre,v0_stable,0,104,complete_artifacts,True,[],True,True,unavailable,full_validation AND sampled_drift only,True,True,True,[]
baa601113af675024e73bc30,counterfact,v0_stable,0,100,complete_artifacts,True,[],True,True,unavailable,full_validation AND sampled_drift only,True,True,True,[]
b6b271f3383f85fb19e49836,counterfact,v0_stable,0,101,complete_artifacts,True,[],True,True,unavailable,full_validation AND sampled_drift only,True,True,True,[]
6c0124a2d35b8b4bf8d2a321,counterfact,v0_stable,0,102,complete_artifacts,True,[],True,True,unavailable,full_validation AND sampled_drift only,True,True,True,[]
37c2ba2be995719ac8972cf1,counterfact,v0_stable,0,103,complete_artifacts,True,[],True,True,unavailable,full_validation AND sampled_drift only,True,True,True,[]
d93ed5de9d4401cb3345c7bd,counterfact,v0_stable,0,104,complete_artifacts,True,[],True,True,unavailable,full_validation AND sampled_drift only,True,True,True,[]
c2f9d3102987f746f4f31b8d,mquake,v0_stable,0,100,complete_artifacts,True,[],True,True,unavailable,full_validation AND sampled_drift only,True,True,True,[]
a23ae9063b37c21cfe657d47,mquake,v0_stable,0,101,complete_artifacts,True,[],True,True,unavailable,full_validation AND sampled_drift only,True,True,True,[]
5a6f61e06de0bca53b4a7377,mquake,v0_stable,0,102,complete_artifacts,True,[],True,True,unavailable,full_validation AND sampled_drift only,True,True,True,[]
03426d6e61fb6b41145c5d8e,mquake,v0_stable,0,103,complete_artifacts,True,[],True,True,unavailable,full_validation AND sampled_drift only,True,True,True,[]
19f5d8535235334ffe1595e8,mquake,v0_stable,0,104,complete_artifacts,True,[],True,True,unavailable,full_validation AND sampled_drift only,True,True,True,[]
6b089d284c00a4418a1d3af4,zsre,R1_learned_ff,1,100,missing_cell,False,"[100,300,1000]",False,False,unavailable,full_validation AND sampled_drift only,False,False,unavailable,unavailable
47dac9d968ffe594faac0a14,zsre,R1_learned_ff,1,101,missing_cell,False,"[100,300,1000]",False,False,unavailable,full_validation AND sampled_drift only,False,False,unavailable,unavailable
4eda9e6155b2755508e13091,zsre,R1_learned_ff,1,102,missing_cell,False,"[100,300,1000]",False,False,unavailable,full_validation AND sampled_drift only,False,False,unavailable,unavailable
ab774e229a65298fdc117c96,zsre,R1_learned_ff,1,103,missing_cell,False,"[100,300,1000]",False,False,unavailable,full_validation AND sampled_drift only,False,False,unavailable,unavailable
b4e7dc307a1f895a8fec997a,zsre,R1_learned_ff,1,104,missing_cell,False,"[100,300,1000]",False,False,unavailable,full_validation AND sampled_drift only,False,False,unavailable,unavailable
826332f387bd487a045d412f,counterfact,R1_learned_ff,1,100,missing_cell,False,"[100,300,1000]",False,False,unavailable,full_validation AND sampled_drift only,False,False,unavailable,unavailable
14d45f0e87126104057518af,counterfact,R1_learned_ff,1,101,missing_cell,False,"[100,300,1000]",False,False,unavailable,full_validation AND sampled_drift only,False,False,unavailable,unavailable
960d0adeb6cacfcfce93d546,counterfact,R1_learned_ff,1,102,missing_cell,False,"[100,300,1000]",False,False,unavailable,full_validation AND sampled_drift only,False,False,unavailable,unavailable
6840a40e6e5c90bdc40b89b0,counterfact,R1_learned_ff,1,103,missing_cell,False,"[100,300,1000]",False,False,unavailable,full_validation AND sampled_drift only,False,False,unavailable,unavailable
42ba32e4f07423bee03296b3,counterfact,R1_learned_ff,1,104,missing_cell,False,"[100,300,1000]",False,False,unavailable,full_validation AND sampled_drift only,False,False,unavailable,unavailable
19964c4e7f737707baad94a5,mquake,R1_learned_ff,1,100,missing_cell,False,"[100,300]",False,False,unavailable,full_validation AND sampled_drift only,False,False,unavailable,unavailable
40ec11c9694b4265a013c682,mquake,R1_learned_ff,1,101,missing_cell,False,"[100,300]",False,False,unavailable,full_validation AND sampled_drift only,False,False,unavailable,unavailable
f0642100f6eb9cd77e92f439,mquake,R1_learned_ff,1,102,missing_cell,False,"[100,300]",False,False,unavailable,full_validation AND sampled_drift only,False,False,unavailable,unavailable
b7ff3139c3f3eeb3ff7e9c80,mquake,R1_learned_ff,1,103,missing_cell,False,"[100,300]",False,False,unavailable,full_validation AND sampled_drift only,False,False,unavailable,unavailable
1833a410c9e8704f6a379114,mquake,R1_learned_ff,1,104,missing_cell,False,"[100,300]",False,False,unavailable,full_validation AND sampled_drift only,False,False,unavailable,unavailable
82606602ae475e73eb4401f9,zsre,R1_nonlearned,1,100,missing_cell,False,"[100,300,1000]",False,False,unavailable,full_validation AND sampled_drift only,False,False,unavailable,unavailable
2172052824abd70e8135366f,zsre,R1_nonlearned,1,101,missing_cell,False,"[100,300,1000]",False,False,unavailable,full_validation AND sampled_drift only,False,False,unavailable,unavailable
5c394f4861164c1d5b31de4c,zsre,R1_nonlearned,1,102,missing_cell,False,"[100,300,1000]",False,False,unavailable,full_validation AND sampled_drift only,False,False,unavailable,unavailable
c9d2325e783e57ac5eafa34d,zsre,R1_nonlearned,1,103,missing_cell,False,"[100,300,1000]",False,False,unavailable,full_validation AND sampled_drift only,False,False,unavailable,unavailable
3fdc7c12d6d583f46608eac6,zsre,R1_nonlearned,1,104,missing_cell,False,"[100,300,1000]",False,False,unavailable,full_validation AND sampled_drift only,False,False,unavailable,unavailable
a7d551c093fd3333314813a5,counterfact,R1_nonlearned,1,100,missing_cell,False,"[100,300,1000]",False,False,unavailable,full_validation AND sampled_drift only,False,False,unavailable,unavailable
c402523c2460a62d6040ddd0,counterfact,R1_nonlearned,1,101,missing_cell,False,"[100,300,1000]",False,False,unavailable,full_validation AND sampled_drift only,False,False,unavailable,unavailable
b103826472ba7653cd8fd13a,counterfact,R1_nonlearned,1,102,missing_cell,False,"[100,300,1000]",False,False,unavailable,full_validation AND sampled_drift only,False,False,unavailable,unavailable
525ad705ad7008ed3ea378eb,counterfact,R1_nonlearned,1,103,missing_cell,False,"[100,300,1000]",False,False,unavailable,full_validation AND sampled_drift only,False,False,unavailable,unavailable
8a4bcb6e358e98c523b0d0c3,counterfact,R1_nonlearned,1,104,missing_cell,False,"[100,300,1000]",False,False,unavailable,full_validation AND sampled_drift only,False,False,unavailable,unavailable
144f77ff21860a8a089a8080,mquake,R1_nonlearned,1,100,missing_cell,False,"[100,300]",False,False,unavailable,full_validation AND sampled_drift only,False,False,unavailable,unavailable
3c3212c0cad597bafe0d5782,mquake,R1_nonlearned,1,101,missing_cell,False,"[100,300]",False,False,unavailable,full_validation AND sampled_drift only,False,False,unavailable,unavailable
5d467b73f60b99b3d07f8c02,mquake,R1_nonlearned,1,102,missing_cell,False,"[100,300]",False,False,unavailable,full_validation AND sampled_drift only,False,False,unavailable,unavailable
a81b13b1b22e0bfe489daaa0,mquake,R1_nonlearned,1,103,missing_cell,False,"[100,300]",False,False,unavailable,full_validation AND sampled_drift only,False,False,unavailable,unavailable
1aff34869825a76d502d92a3,mquake,R1_nonlearned,1,104,missing_cell,False,"[100,300]",False,False,unavailable,full_validation AND sampled_drift only,False,False,unavailable,unavailable
3b70d3d44297fc1197610228,zsre,v0_stable,1,100,missing_cell,False,"[100,300,1000]",False,False,unavailable,full_validation AND sampled_drift only,False,False,unavailable,unavailable
84bae28d26e5f5a3e555b601,zsre,v0_stable,1,101,missing_cell,False,"[100,300,1000]",False,False,unavailable,full_validation AND sampled_drift only,False,False,unavailable,unavailable
07b9bad1f676110cb8bae7df,zsre,v0_stable,1,102,missing_cell,False,"[100,300,1000]",False,False,unavailable,full_validation AND sampled_drift only,False,False,unavailable,unavailable
0ff8a61a760d6836f469629b,zsre,v0_stable,1,103,missing_cell,False,"[100,300,1000]",False,False,unavailable,full_validation AND sampled_drift only,False,False,unavailable,unavailable
40034291ac69439c82ae1fc3,zsre,v0_stable,1,104,missing_cell,False,"[100,300,1000]",False,False,unavailable,full_validation AND sampled_drift only,False,False,unavailable,unavailable
6d8d11dbbbc7b736c6386bca,counterfact,v0_stable,1,100,missing_cell,False,"[100,300,1000]",False,False,unavailable,full_validation AND sampled_drift only,False,False,unavailable,unavailable
cefda69ce81ca1253435bac7,counterfact,v0_stable,1,101,missing_cell,False,"[100,300,1000]",False,False,unavailable,full_validation AND sampled_drift only,False,False,unavailable,unavailable
e42cd6f9b5b86feb491512f6,counterfact,v0_stable,1,102,missing_cell,False,"[100,300,1000]",False,False,unavailable,full_validation AND sampled_drift only,False,False,unavailable,unavailable
e0f2bb19e19594c972c0ef15,counterfact,v0_stable,1,103,missing_cell,False,"[100,300,1000]",False,False,unavailable,full_validation AND sampled_drift only,False,False,unavailable,unavailable
0d4d946cb9ff28b7e6af3c4d,counterfact,v0_stable,1,104,missing_cell,False,"[100,300,1000]",False,False,unavailable,full_validation AND sampled_drift only,False,False,unavailable,unavailable
9179614db32d3fd8b437475b,mquake,v0_stable,1,100,missing_cell,False,"[100,300]",False,False,unavailable,full_validation AND sampled_drift only,False,False,unavailable,unavailable
e146662ae0ab343921979246,mquake,v0_stable,1,101,missing_cell,False,"[100,300]",False,False,unavailable,full_validation AND sampled_drift only,False,False,unavailable,unavailable
c770960b77b2d9f6304f1a34,mquake,v0_stable,1,102,missing_cell,False,"[100,300]",False,False,unavailable,full_validation AND sampled_drift only,False,False,unavailable,unavailable
d49ef9c7980da822326bc6ac,mquake,v0_stable,1,103,missing_cell,False,"[100,300]",False,False,unavailable,full_validation AND sampled_drift only,False,False,unavailable,unavailable
eef5c3dc3fc8291d75199816,mquake,v0_stable,1,104,missing_cell,False,"[100,300]",False,False,unavailable,full_validation AND sampled_drift only,False,False,unavailable,unavailable
0417f598d89548e3200a3fe4,zsre,R1_learned_ff,2,100,missing_cell,False,"[100,300,1000]",False,False,unavailable,full_validation AND sampled_drift only,False,False,unavailable,unavailable
12a9c0da62781d521da26cd5,zsre,R1_learned_ff,2,101,missing_cell,False,"[100,300,1000]",False,False,unavailable,full_validation AND sampled_drift only,False,False,unavailable,unavailable
c2a67190edb39398491bd651,zsre,R1_learned_ff,2,102,missing_cell,False,"[100,300,1000]",False,False,unavailable,full_validation AND sampled_drift only,False,False,unavailable,unavailable
58cc3599099d7ab60e5d1413,zsre,R1_learned_ff,2,103,missing_cell,False,"[100,300,1000]",False,False,unavailable,full_validation AND sampled_drift only,False,False,unavailable,unavailable
4206e18c23b43bb312e045e6,zsre,R1_learned_ff,2,104,missing_cell,False,"[100,300,1000]",False,False,unavailable,full_validation AND sampled_drift only,False,False,unavailable,unavailable
fa46e16c8436f7ea4a5c3f06,counterfact,R1_learned_ff,2,100,missing_cell,False,"[100,300,1000]",False,False,unavailable,full_validation AND sampled_drift only,False,False,unavailable,unavailable
162686f6303fe986619d236d,counterfact,R1_learned_ff,2,101,missing_cell,False,"[100,300,1000]",False,False,unavailable,full_validation AND sampled_drift only,False,False,unavailable,unavailable
029ecd260f3e085063714d3f,counterfact,R1_learned_ff,2,102,missing_cell,False,"[100,300,1000]",False,False,unavailable,full_validation AND sampled_drift only,False,False,unavailable,unavailable
7197775fb7f97a465fd3310e,counterfact,R1_learned_ff,2,103,missing_cell,False,"[100,300,1000]",False,False,unavailable,full_validation AND sampled_drift only,False,False,unavailable,unavailable
6de7e97b6cb167d048dc31ba,counterfact,R1_learned_ff,2,104,missing_cell,False,"[100,300,1000]",False,False,unavailable,full_validation AND sampled_drift only,False,False,unavailable,unavailable
fcd702d12d5d6bfae824379b,mquake,R1_learned_ff,2,100,missing_cell,False,"[100,300]",False,False,unavailable,full_validation AND sampled_drift only,False,False,unavailable,unavailable
9a1d038b95f534b43185c7fc,mquake,R1_learned_ff,2,101,missing_cell,False,"[100,300]",False,False,unavailable,full_validation AND sampled_drift only,False,False,unavailable,unavailable
dfc9c9b480e482911c457e07,mquake,R1_learned_ff,2,102,missing_cell,False,"[100,300]",False,False,unavailable,full_validation AND sampled_drift only,False,False,unavailable,unavailable
34fce88c919bcae6410e4d94,mquake,R1_learned_ff,2,103,missing_cell,False,"[100,300]",False,False,unavailable,full_validation AND sampled_drift only,False,False,unavailable,unavailable
7a39ae192fb0b1038c651f64,mquake,R1_learned_ff,2,104,missing_cell,False,"[100,300]",False,False,unavailable,full_validation AND sampled_drift only,False,False,unavailable,unavailable
13465e8d0dc3824fced8e891,zsre,R1_nonlearned,2,100,missing_cell,False,"[100,300,1000]",False,False,unavailable,full_validation AND sampled_drift only,False,False,unavailable,unavailable
24840672cf1682dd450fdcd2,zsre,R1_nonlearned,2,101,missing_cell,False,"[100,300,1000]",False,False,unavailable,full_validation AND sampled_drift only,False,False,unavailable,unavailable
12a6e3e550a7939c6d79349d,zsre,R1_nonlearned,2,102,missing_cell,False,"[100,300,1000]",False,False,unavailable,full_validation AND sampled_drift only,False,False,unavailable,unavailable
fa5b51891eb78dc707e6471f,zsre,R1_nonlearned,2,103,missing_cell,False,"[100,300,1000]",False,False,unavailable,full_validation AND sampled_drift only,False,False,unavailable,unavailable
861810fbdd6ebe7502383382,zsre,R1_nonlearned,2,104,missing_cell,False,"[100,300,1000]",False,False,unavailable,full_validation AND sampled_drift only,False,False,unavailable,unavailable
6ed2474713b3a311b4ec6b08,counterfact,R1_nonlearned,2,100,missing_cell,False,"[100,300,1000]",False,False,unavailable,full_validation AND sampled_drift only,False,False,unavailable,unavailable
f939f211b98675ac7c2d951f,counterfact,R1_nonlearned,2,101,missing_cell,False,"[100,300,1000]",False,False,unavailable,full_validation AND sampled_drift only,False,False,unavailable,unavailable
19b5e9b462930c6f50f2e2f6,counterfact,R1_nonlearned,2,102,missing_cell,False,"[100,300,1000]",False,False,unavailable,full_validation AND sampled_drift only,False,False,unavailable,unavailable
b14576e3d752f467db2abf18,counterfact,R1_nonlearned,2,103,missing_cell,False,"[100,300,1000]",False,False,unavailable,full_validation AND sampled_drift only,False,False,unavailable,unavailable
da9f71bdb9a8981dac078e6c,counterfact,R1_nonlearned,2,104,missing_cell,False,"[100,300,1000]",False,False,unavailable,full_validation AND sampled_drift only,False,False,unavailable,unavailable
9e98169ae668b50d60694317,mquake,R1_nonlearned,2,100,missing_cell,False,"[100,300]",False,False,unavailable,full_validation AND sampled_drift only,False,False,unavailable,unavailable
ff570734d7837a1ba9e77528,mquake,R1_nonlearned,2,101,missing_cell,False,"[100,300]",False,False,unavailable,full_validation AND sampled_drift only,False,False,unavailable,unavailable
4fd2bc51397502cb1c085b5c,mquake,R1_nonlearned,2,102,missing_cell,False,"[100,300]",False,False,unavailable,full_validation AND sampled_drift only,False,False,unavailable,unavailable
c0e77c94b06dd3464838be93,mquake,R1_nonlearned,2,103,missing_cell,False,"[100,300]",False,False,unavailable,full_validation AND sampled_drift only,False,False,unavailable,unavailable
4c700c665ce70ca41e4569dd,mquake,R1_nonlearned,2,104,missing_cell,False,"[100,300]",False,False,unavailable,full_validation AND sampled_drift only,False,False,unavailable,unavailable
dc17fc3637068157dba0207d,zsre,v0_stable,2,100,missing_cell,False,"[100,300,1000]",False,False,unavailable,full_validation AND sampled_drift only,False,False,unavailable,unavailable
727b32ab9723cb9feba71636,zsre,v0_stable,2,101,missing_cell,False,"[100,300,1000]",False,False,unavailable,full_validation AND sampled_drift only,False,False,unavailable,unavailable
a02980b0886a222f8e2f58e8,zsre,v0_stable,2,102,missing_cell,False,"[100,300,1000]",False,False,unavailable,full_validation AND sampled_drift only,False,False,unavailable,unavailable
9aeb330f6c7e29c85ee56da0,zsre,v0_stable,2,103,missing_cell,False,"[100,300,1000]",False,False,unavailable,full_validation AND sampled_drift only,False,False,unavailable,unavailable
0e0ee9a35e1116f7dafb423d,zsre,v0_stable,2,104,missing_cell,False,"[100,300,1000]",False,False,unavailable,full_validation AND sampled_drift only,False,False,unavailable,unavailable
862cd40c359e48e5a7998e3f,counterfact,v0_stable,2,100,missing_cell,False,"[100,300,1000]",False,False,unavailable,full_validation AND sampled_drift only,False,False,unavailable,unavailable
89b258fddde381d9a09429d9,counterfact,v0_stable,2,101,missing_cell,False,"[100,300,1000]",False,False,unavailable,full_validation AND sampled_drift only,False,False,unavailable,unavailable
090d1237381f4ee02fcbd05d,counterfact,v0_stable,2,102,missing_cell,False,"[100,300,1000]",False,False,unavailable,full_validation AND sampled_drift only,False,False,unavailable,unavailable
6e95ec72097ffded952889d6,counterfact,v0_stable,2,103,missing_cell,False,"[100,300,1000]",False,False,unavailable,full_validation AND sampled_drift only,False,False,unavailable,unavailable
c8ce51b334cc3e42a623be6c,counterfact,v0_stable,2,104,missing_cell,False,"[100,300,1000]",False,False,unavailable,full_validation AND sampled_drift only,False,False,unavailable,unavailable
cf6bd4a623aa24871f74d136,mquake,v0_stable,2,100,missing_cell,False,"[100,300]",False,False,unavailable,full_validation AND sampled_drift only,False,False,unavailable,unavailable
519b30353f979e8028ed03e1,mquake,v0_stable,2,101,missing_cell,False,"[100,300]",False,False,unavailable,full_validation AND sampled_drift only,False,False,unavailable,unavailable
89182e81a187807d2772cade,mquake,v0_stable,2,102,missing_cell,False,"[100,300]",False,False,unavailable,full_validation AND sampled_drift only,False,False,unavailable,unavailable
9ad3399cfc13f1297d17423d,mquake,v0_stable,2,103,missing_cell,False,"[100,300]",False,False,unavailable,full_validation AND sampled_drift only,False,False,unavailable,unavailable
046aa51d028b84dde8981351,mquake,v0_stable,2,104,missing_cell,False,"[100,300]",False,False,unavailable,full_validation AND sampled_drift only,False,False,unavailable,unavailable
c897cd3d2a3b35bfe999e87e,zsre,matched_update,0,100,missing_cell,False,"[100,300,1000]",False,False,unavailable,full_validation AND sampled_drift only,False,False,unavailable,unavailable
1689630f5ad581d9fcfc483e,zsre,matched_update,0,101,missing_cell,False,"[100,300,1000]",False,False,unavailable,full_validation AND sampled_drift only,False,False,unavailable,unavailable
c1c03ed850a40df57da8628a,zsre,matched_update,0,102,missing_cell,False,"[100,300,1000]",False,False,unavailable,full_validation AND sampled_drift only,False,False,unavailable,unavailable
d1690029ea53ae03b3705536,zsre,matched_update,0,103,missing_cell,False,"[100,300,1000]",False,False,unavailable,full_validation AND sampled_drift only,False,False,unavailable,unavailable
a921f9ab5443f978e56d2390,zsre,matched_update,0,104,missing_cell,False,"[100,300,1000]",False,False,unavailable,full_validation AND sampled_drift only,False,False,unavailable,unavailable
a86da75220343c5560c45373,zsre,matched_update,1,100,missing_cell,False,"[100,300,1000]",False,False,unavailable,full_validation AND sampled_drift only,False,False,unavailable,unavailable
e7b52c6db370d10a5fd7d891,zsre,matched_update,1,101,missing_cell,False,"[100,300,1000]",False,False,unavailable,full_validation AND sampled_drift only,False,False,unavailable,unavailable
735081421354eaafb893322d,zsre,matched_update,1,102,missing_cell,False,"[100,300,1000]",False,False,unavailable,full_validation AND sampled_drift only,False,False,unavailable,unavailable
824f602358ace0fc5cb69271,zsre,matched_update,1,103,missing_cell,False,"[100,300,1000]",False,False,unavailable,full_validation AND sampled_drift only,False,False,unavailable,unavailable
3bc2cef1ca9bab6e4a90e222,zsre,matched_update,1,104,missing_cell,False,"[100,300,1000]",False,False,unavailable,full_validation AND sampled_drift only,False,False,unavailable,unavailable
9c3c7c258bf086523ea6268e,zsre,matched_update,2,100,missing_cell,False,"[100,300,1000]",False,False,unavailable,full_validation AND sampled_drift only,False,False,unavailable,unavailable
58879f9745ed479686bd0481,zsre,matched_update,2,101,missing_cell,False,"[100,300,1000]",False,False,unavailable,full_validation AND sampled_drift only,False,False,unavailable,unavailable
b6ea6d9e337e3bf6f2eca5d2,zsre,matched_update,2,102,missing_cell,False,"[100,300,1000]",False,False,unavailable,full_validation AND sampled_drift only,False,False,unavailable,unavailable
16037ce355e4a2e9a43a2008,zsre,matched_update,2,103,missing_cell,False,"[100,300,1000]",False,False,unavailable,full_validation AND sampled_drift only,False,False,unavailable,unavailable
4597af8473d8e404f1490c57,zsre,matched_update,2,104,missing_cell,False,"[100,300,1000]",False,False,unavailable,full_validation AND sampled_drift only,False,False,unavailable,unavailable
7c933afa6e2adc84ccb287be,counterfact,matched_update,0,100,missing_cell,False,"[100,300,1000]",False,False,unavailable,full_validation AND sampled_drift only,False,False,unavailable,unavailable
0998eeed741b887bdb8664af,counterfact,matched_update,0,101,missing_cell,False,"[100,300,1000]",False,False,unavailable,full_validation AND sampled_drift only,False,False,unavailable,unavailable
bb4da95ca8ce5b0b8d3dbe35,counterfact,matched_update,0,102,missing_cell,False,"[100,300,1000]",False,False,unavailable,full_validation AND sampled_drift only,False,False,unavailable,unavailable
c5f1daa35261cf950172dfa8,counterfact,matched_update,0,103,missing_cell,False,"[100,300,1000]",False,False,unavailable,full_validation AND sampled_drift only,False,False,unavailable,unavailable
244f29ba9b89c48d08c257c7,counterfact,matched_update,0,104,missing_cell,False,"[100,300,1000]",False,False,unavailable,full_validation AND sampled_drift only,False,False,unavailable,unavailable
b8924c056fee6d000f5492d1,counterfact,matched_update,1,100,missing_cell,False,"[100,300,1000]",False,False,unavailable,full_validation AND sampled_drift only,False,False,unavailable,unavailable
4944219da107f9ed1daccef5,counterfact,matched_update,1,101,missing_cell,False,"[100,300,1000]",False,False,unavailable,full_validation AND sampled_drift only,False,False,unavailable,unavailable
ac46789a7ebda9982aebd343,counterfact,matched_update,1,102,missing_cell,False,"[100,300,1000]",False,False,unavailable,full_validation AND sampled_drift only,False,False,unavailable,unavailable
ccf4e4f1fca14a048eecd38f,counterfact,matched_update,1,103,missing_cell,False,"[100,300,1000]",False,False,unavailable,full_validation AND sampled_drift only,False,False,unavailable,unavailable
6c9ac68dd90eb2d39d339b6a,counterfact,matched_update,1,104,missing_cell,False,"[100,300,1000]",False,False,unavailable,full_validation AND sampled_drift only,False,False,unavailable,unavailable
672b5b4a7ea9b83b8668fbe2,counterfact,matched_update,2,100,missing_cell,False,"[100,300,1000]",False,False,unavailable,full_validation AND sampled_drift only,False,False,unavailable,unavailable
b8f1ca491f4e29db862af920,counterfact,matched_update,2,101,missing_cell,False,"[100,300,1000]",False,False,unavailable,full_validation AND sampled_drift only,False,False,unavailable,unavailable
5efb497774b3f4f9ad8e7f7d,counterfact,matched_update,2,102,missing_cell,False,"[100,300,1000]",False,False,unavailable,full_validation AND sampled_drift only,False,False,unavailable,unavailable
47ee96bcecb134f64286c958,counterfact,matched_update,2,103,missing_cell,False,"[100,300,1000]",False,False,unavailable,full_validation AND sampled_drift only,False,False,unavailable,unavailable
a18ee644e09c84652cc9582a,counterfact,matched_update,2,104,missing_cell,False,"[100,300,1000]",False,False,unavailable,full_validation AND sampled_drift only,False,False,unavailable,unavailable
509cd28130eb44d35b27d08a,zsre,v0_live_C1,0,100,missing_cell,False,"[100,300,1000]",False,False,unavailable,full_validation AND sampled_drift only,False,False,unavailable,unavailable
a8a5ddc06de26a9885f75fe9,zsre,v0_live_C1,0,101,missing_cell,False,"[100,300,1000]",False,False,unavailable,full_validation AND sampled_drift only,False,False,unavailable,unavailable
5f818373c34233809fc57716,zsre,v0_live_C1,0,102,missing_cell,False,"[100,300,1000]",False,False,unavailable,full_validation AND sampled_drift only,False,False,unavailable,unavailable
baa8eccee6a4f8c27c11a09c,zsre,v0_live_C1,0,103,missing_cell,False,"[100,300,1000]",False,False,unavailable,full_validation AND sampled_drift only,False,False,unavailable,unavailable
2a91e17773f7272dbd36a048,zsre,v0_live_C1,0,104,missing_cell,False,"[100,300,1000]",False,False,unavailable,full_validation AND sampled_drift only,False,False,unavailable,unavailable
d0a5df19a69792ac87a703dc,zsre,v0_live_C1,1,100,missing_cell,False,"[100,300,1000]",False,False,unavailable,full_validation AND sampled_drift only,False,False,unavailable,unavailable
6d6930dcd4fe737e4d1ef3ed,zsre,v0_live_C1,1,101,missing_cell,False,"[100,300,1000]",False,False,unavailable,full_validation AND sampled_drift only,False,False,unavailable,unavailable
cf9c6af6097c6d96c9a5a1d3,zsre,v0_live_C1,1,102,missing_cell,False,"[100,300,1000]",False,False,unavailable,full_validation AND sampled_drift only,False,False,unavailable,unavailable
7317081e2468dfeeed3e4cc7,zsre,v0_live_C1,1,103,missing_cell,False,"[100,300,1000]",False,False,unavailable,full_validation AND sampled_drift only,False,False,unavailable,unavailable
ed2fff6199cac50f8e3c05d9,zsre,v0_live_C1,1,104,missing_cell,False,"[100,300,1000]",False,False,unavailable,full_validation AND sampled_drift only,False,False,unavailable,unavailable
5d52bba4bd205ffecf96212a,zsre,v0_live_C1,2,100,missing_cell,False,"[100,300,1000]",False,False,unavailable,full_validation AND sampled_drift only,False,False,unavailable,unavailable
e82412060e54893dc307a45e,zsre,v0_live_C1,2,101,missing_cell,False,"[100,300,1000]",False,False,unavailable,full_validation AND sampled_drift only,False,False,unavailable,unavailable
b42dfb1e539cb4645127e844,zsre,v0_live_C1,2,102,missing_cell,False,"[100,300,1000]",False,False,unavailable,full_validation AND sampled_drift only,False,False,unavailable,unavailable
2fe9909dbaad17941716efc9,zsre,v0_live_C1,2,103,missing_cell,False,"[100,300,1000]",False,False,unavailable,full_validation AND sampled_drift only,False,False,unavailable,unavailable
e45d4b2c01fc48117d5abec8,zsre,v0_live_C1,2,104,missing_cell,False,"[100,300,1000]",False,False,unavailable,full_validation AND sampled_drift only,False,False,unavailable,unavailable
978f353680dde68625399775,counterfact,v0_live_C1,0,100,missing_cell,False,"[100,300,1000]",False,False,unavailable,full_validation AND sampled_drift only,False,False,unavailable,unavailable
cdc8a1fbbb43d1f1ba93a366,counterfact,v0_live_C1,0,101,missing_cell,False,"[100,300,1000]",False,False,unavailable,full_validation AND sampled_drift only,False,False,unavailable,unavailable
3126d7f4d6378f131a26c41d,counterfact,v0_live_C1,0,102,missing_cell,False,"[100,300,1000]",False,False,unavailable,full_validation AND sampled_drift only,False,False,unavailable,unavailable
48f56fbee8eed89fe5598934,counterfact,v0_live_C1,0,103,missing_cell,False,"[100,300,1000]",False,False,unavailable,full_validation AND sampled_drift only,False,False,unavailable,unavailable
18cef3e100afe2f32847ac27,counterfact,v0_live_C1,0,104,missing_cell,False,"[100,300,1000]",False,False,unavailable,full_validation AND sampled_drift only,False,False,unavailable,unavailable
f67e77a0b124376f29b78302,counterfact,v0_live_C1,1,100,missing_cell,False,"[100,300,1000]",False,False,unavailable,full_validation AND sampled_drift only,False,False,unavailable,unavailable
7ab5a2ba2ca2072d49c86da9,counterfact,v0_live_C1,1,101,missing_cell,False,"[100,300,1000]",False,False,unavailable,full_validation AND sampled_drift only,False,False,unavailable,unavailable
ea3b0653f085cf535854d1b8,counterfact,v0_live_C1,1,102,missing_cell,False,"[100,300,1000]",False,False,unavailable,full_validation AND sampled_drift only,False,False,unavailable,unavailable
8905e452833b0a01defd8b1e,counterfact,v0_live_C1,1,103,missing_cell,False,"[100,300,1000]",False,False,unavailable,full_validation AND sampled_drift only,False,False,unavailable,unavailable
28555ca1e3c1d3ab551385b1,counterfact,v0_live_C1,1,104,missing_cell,False,"[100,300,1000]",False,False,unavailable,full_validation AND sampled_drift only,False,False,unavailable,unavailable
861414ea84239f8471f0ade8,counterfact,v0_live_C1,2,100,missing_cell,False,"[100,300,1000]",False,False,unavailable,full_validation AND sampled_drift only,False,False,unavailable,unavailable
1f19207d799d9bcd0b005ef9,counterfact,v0_live_C1,2,101,missing_cell,False,"[100,300,1000]",False,False,unavailable,full_validation AND sampled_drift only,False,False,unavailable,unavailable
ad007b170a6bbf5bc88d182d,counterfact,v0_live_C1,2,102,missing_cell,False,"[100,300,1000]",False,False,unavailable,full_validation AND sampled_drift only,False,False,unavailable,unavailable
94488c6aa407c3ea167ea51d,counterfact,v0_live_C1,2,103,missing_cell,False,"[100,300,1000]",False,False,unavailable,full_validation AND sampled_drift only,False,False,unavailable,unavailable
e6a5e4cd9fbe73077175c7b9,counterfact,v0_live_C1,2,104,missing_cell,False,"[100,300,1000]",False,False,unavailable,full_validation AND sampled_drift only,False,False,unavailable,unavailable
bca38cd4398e1159ed781bff,zsre,v0_live_C2,0,100,missing_cell,False,"[100,300,1000]",False,False,unavailable,full_validation AND sampled_drift only,False,False,unavailable,unavailable
68da09e4a00f4fe8d8b054fd,zsre,v0_live_C2,0,101,missing_cell,False,"[100,300,1000]",False,False,unavailable,full_validation AND sampled_drift only,False,False,unavailable,unavailable
da666451073f38000c71b39f,zsre,v0_live_C2,0,102,missing_cell,False,"[100,300,1000]",False,False,unavailable,full_validation AND sampled_drift only,False,False,unavailable,unavailable
57b0ace8ad261f0963cece6e,zsre,v0_live_C2,0,103,missing_cell,False,"[100,300,1000]",False,False,unavailable,full_validation AND sampled_drift only,False,False,unavailable,unavailable
b1be521b209066effb830ad1,zsre,v0_live_C2,0,104,missing_cell,False,"[100,300,1000]",False,False,unavailable,full_validation AND sampled_drift only,False,False,unavailable,unavailable
d246da52d2783b0000af34aa,zsre,v0_live_C2,1,100,missing_cell,False,"[100,300,1000]",False,False,unavailable,full_validation AND sampled_drift only,False,False,unavailable,unavailable
9ac1596b4a83bfd3759110f5,zsre,v0_live_C2,1,101,missing_cell,False,"[100,300,1000]",False,False,unavailable,full_validation AND sampled_drift only,False,False,unavailable,unavailable
d3e7acfb899406015f6d7e6a,zsre,v0_live_C2,1,102,missing_cell,False,"[100,300,1000]",False,False,unavailable,full_validation AND sampled_drift only,False,False,unavailable,unavailable
1b91b6d6beb187aaf9103cdc,zsre,v0_live_C2,1,103,missing_cell,False,"[100,300,1000]",False,False,unavailable,full_validation AND sampled_drift only,False,False,unavailable,unavailable
9a600f5f46fa47c339ccb4d1,zsre,v0_live_C2,1,104,missing_cell,False,"[100,300,1000]",False,False,unavailable,full_validation AND sampled_drift only,False,False,unavailable,unavailable
635bac1c845730dae487891a,zsre,v0_live_C2,2,100,missing_cell,False,"[100,300,1000]",False,False,unavailable,full_validation AND sampled_drift only,False,False,unavailable,unavailable
031ae1822109079d3cddb520,zsre,v0_live_C2,2,101,missing_cell,False,"[100,300,1000]",False,False,unavailable,full_validation AND sampled_drift only,False,False,unavailable,unavailable
3435ab1a884c517b32867161,zsre,v0_live_C2,2,102,missing_cell,False,"[100,300,1000]",False,False,unavailable,full_validation AND sampled_drift only,False,False,unavailable,unavailable
09d4451a2a5b030d1853c267,zsre,v0_live_C2,2,103,missing_cell,False,"[100,300,1000]",False,False,unavailable,full_validation AND sampled_drift only,False,False,unavailable,unavailable
fa309fa719c353f20a813699,zsre,v0_live_C2,2,104,missing_cell,False,"[100,300,1000]",False,False,unavailable,full_validation AND sampled_drift only,False,False,unavailable,unavailable
03ee79b7cf8d02ddb7baeea3,counterfact,v0_live_C2,0,100,missing_cell,False,"[100,300,1000]",False,False,unavailable,full_validation AND sampled_drift only,False,False,unavailable,unavailable
37aa09141ddb4b6e8f93f647,counterfact,v0_live_C2,0,101,missing_cell,False,"[100,300,1000]",False,False,unavailable,full_validation AND sampled_drift only,False,False,unavailable,unavailable
c14b2b630688912a588e1cf3,counterfact,v0_live_C2,0,102,missing_cell,False,"[100,300,1000]",False,False,unavailable,full_validation AND sampled_drift only,False,False,unavailable,unavailable
2eda7453d476d16c07a327ed,counterfact,v0_live_C2,0,103,missing_cell,False,"[100,300,1000]",False,False,unavailable,full_validation AND sampled_drift only,False,False,unavailable,unavailable
9a29639c43e873eec6a7d1ac,counterfact,v0_live_C2,0,104,missing_cell,False,"[100,300,1000]",False,False,unavailable,full_validation AND sampled_drift only,False,False,unavailable,unavailable
0362b36136a70031c319de5f,counterfact,v0_live_C2,1,100,missing_cell,False,"[100,300,1000]",False,False,unavailable,full_validation AND sampled_drift only,False,False,unavailable,unavailable
9397f85898818d3dc9d04c1e,counterfact,v0_live_C2,1,101,missing_cell,False,"[100,300,1000]",False,False,unavailable,full_validation AND sampled_drift only,False,False,unavailable,unavailable
4c1b2ab65e6ba3e75ac9b10a,counterfact,v0_live_C2,1,102,missing_cell,False,"[100,300,1000]",False,False,unavailable,full_validation AND sampled_drift only,False,False,unavailable,unavailable
d679f4cef5e7a847d5f6dc80,counterfact,v0_live_C2,1,103,missing_cell,False,"[100,300,1000]",False,False,unavailable,full_validation AND sampled_drift only,False,False,unavailable,unavailable
f19cc29f17b93bb9cbbd5f1a,counterfact,v0_live_C2,1,104,missing_cell,False,"[100,300,1000]",False,False,unavailable,full_validation AND sampled_drift only,False,False,unavailable,unavailable
e654a69635e2e4a1bcc2903b,counterfact,v0_live_C2,2,100,missing_cell,False,"[100,300,1000]",False,False,unavailable,full_validation AND sampled_drift only,False,False,unavailable,unavailable
508b709256adff820b7fdf82,counterfact,v0_live_C2,2,101,missing_cell,False,"[100,300,1000]",False,False,unavailable,full_validation AND sampled_drift only,False,False,unavailable,unavailable
0ebaffd3a3e8d10252da8bd5,counterfact,v0_live_C2,2,102,missing_cell,False,"[100,300,1000]",False,False,unavailable,full_validation AND sampled_drift only,False,False,unavailable,unavailable
6f8cac15c1ed9dd1fb79b212,counterfact,v0_live_C2,2,103,missing_cell,False,"[100,300,1000]",False,False,unavailable,full_validation AND sampled_drift only,False,False,unavailable,unavailable
302070707affaaec2265e772,counterfact,v0_live_C2,2,104,missing_cell,False,"[100,300,1000]",False,False,unavailable,full_validation AND sampled_drift only,False,False,unavailable,unavailable
74feefbadad2b95947437ed6,zsre,S1_LM,0,100,missing_cell,False,"[100,300,1000]",False,False,unavailable,full_validation AND sampled_drift only,False,False,unavailable,unavailable
982870b0fcc4a8bef4a297af,zsre,S1_LM,0,101,missing_cell,False,"[100,300,1000]",False,False,unavailable,full_validation AND sampled_drift only,False,False,unavailable,unavailable
2e5068d168160234340d32fa,zsre,S1_LM,0,102,missing_cell,False,"[100,300,1000]",False,False,unavailable,full_validation AND sampled_drift only,False,False,unavailable,unavailable
f642d1e953d4e4b42c9a916e,zsre,S1_LM,0,103,missing_cell,False,"[100,300,1000]",False,False,unavailable,full_validation AND sampled_drift only,False,False,unavailable,unavailable
d7884b1e2a9c1c3790535590,zsre,S1_LM,0,104,missing_cell,False,"[100,300,1000]",False,False,unavailable,full_validation AND sampled_drift only,False,False,unavailable,unavailable
8499903e83df71431114aaa8,zsre,S1_LM,1,100,missing_cell,False,"[100,300,1000]",False,False,unavailable,full_validation AND sampled_drift only,False,False,unavailable,unavailable
272db4c9310a73f01bf46d4b,zsre,S1_LM,1,101,missing_cell,False,"[100,300,1000]",False,False,unavailable,full_validation AND sampled_drift only,False,False,unavailable,unavailable
9f020616201afdc368d77f9b,zsre,S1_LM,1,102,missing_cell,False,"[100,300,1000]",False,False,unavailable,full_validation AND sampled_drift only,False,False,unavailable,unavailable
26318156d310334e8b260e87,zsre,S1_LM,1,103,missing_cell,False,"[100,300,1000]",False,False,unavailable,full_validation AND sampled_drift only,False,False,unavailable,unavailable
d7241b9882514c2709082321,zsre,S1_LM,1,104,missing_cell,False,"[100,300,1000]",False,False,unavailable,full_validation AND sampled_drift only,False,False,unavailable,unavailable
a5b3de3764680273ff4760e1,zsre,S1_LM,2,100,missing_cell,False,"[100,300,1000]",False,False,unavailable,full_validation AND sampled_drift only,False,False,unavailable,unavailable
e5c2ea10bc6ce298f6065199,zsre,S1_LM,2,101,missing_cell,False,"[100,300,1000]",False,False,unavailable,full_validation AND sampled_drift only,False,False,unavailable,unavailable
847f33277d9d89fe17482367,zsre,S1_LM,2,102,missing_cell,False,"[100,300,1000]",False,False,unavailable,full_validation AND sampled_drift only,False,False,unavailable,unavailable
77568a85e217721985cd8ea4,zsre,S1_LM,2,103,missing_cell,False,"[100,300,1000]",False,False,unavailable,full_validation AND sampled_drift only,False,False,unavailable,unavailable
793ee3d9708b970c08a0fbe2,zsre,S1_LM,2,104,missing_cell,False,"[100,300,1000]",False,False,unavailable,full_validation AND sampled_drift only,False,False,unavailable,unavailable
129251f55876e9cdc9e907a6,counterfact,S1_LM,0,100,missing_cell,False,"[100,300,1000]",False,False,unavailable,full_validation AND sampled_drift only,False,False,unavailable,unavailable
40059b37d028ec2cd587bbb1,counterfact,S1_LM,0,101,missing_cell,False,"[100,300,1000]",False,False,unavailable,full_validation AND sampled_drift only,False,False,unavailable,unavailable
30756d73095e1914cf757782,counterfact,S1_LM,0,102,missing_cell,False,"[100,300,1000]",False,False,unavailable,full_validation AND sampled_drift only,False,False,unavailable,unavailable
d74e8582f780dfdeb9281671,counterfact,S1_LM,0,103,missing_cell,False,"[100,300,1000]",False,False,unavailable,full_validation AND sampled_drift only,False,False,unavailable,unavailable
88dfe1aa76490ae40e93f05f,counterfact,S1_LM,0,104,missing_cell,False,"[100,300,1000]",False,False,unavailable,full_validation AND sampled_drift only,False,False,unavailable,unavailable
9adac77b91eae4f8ea4d8df2,counterfact,S1_LM,1,100,missing_cell,False,"[100,300,1000]",False,False,unavailable,full_validation AND sampled_drift only,False,False,unavailable,unavailable
bbbda4ebfb279ed21179678b,counterfact,S1_LM,1,101,missing_cell,False,"[100,300,1000]",False,False,unavailable,full_validation AND sampled_drift only,False,False,unavailable,unavailable
34f5fb1acf8d86a8a7a94e1c,counterfact,S1_LM,1,102,missing_cell,False,"[100,300,1000]",False,False,unavailable,full_validation AND sampled_drift only,False,False,unavailable,unavailable
c9dc2d0cfe6d53ccdef2f1ef,counterfact,S1_LM,1,103,missing_cell,False,"[100,300,1000]",False,False,unavailable,full_validation AND sampled_drift only,False,False,unavailable,unavailable
22b85c86caaee83341968cec,counterfact,S1_LM,1,104,missing_cell,False,"[100,300,1000]",False,False,unavailable,full_validation AND sampled_drift only,False,False,unavailable,unavailable
1a27fc67e8978362681b5d20,counterfact,S1_LM,2,100,missing_cell,False,"[100,300,1000]",False,False,unavailable,full_validation AND sampled_drift only,False,False,unavailable,unavailable
f9ebb0802bd50e68ec18fcb0,counterfact,S1_LM,2,101,missing_cell,False,"[100,300,1000]",False,False,unavailable,full_validation AND sampled_drift only,False,False,unavailable,unavailable
be9a4b3ce1acb50722ae8614,counterfact,S1_LM,2,102,missing_cell,False,"[100,300,1000]",False,False,unavailable,full_validation AND sampled_drift only,False,False,unavailable,unavailable
5c5511653f8d590c63a39794,counterfact,S1_LM,2,103,missing_cell,False,"[100,300,1000]",False,False,unavailable,full_validation AND sampled_drift only,False,False,unavailable,unavailable
7cbec59a4f05afaa8ebed3fb,counterfact,S1_LM,2,104,missing_cell,False,"[100,300,1000]",False,False,unavailable,full_validation AND sampled_drift only,False,False,unavailable,unavailable
b1a17c1fb747eef11f253278,zsre,S1_literal,0,100,missing_cell,False,"[100,300,1000]",False,False,unavailable,full_validation AND sampled_drift only,False,False,unavailable,unavailable
edb61534cb4ec7a4187ebbdb,zsre,S1_literal,0,101,missing_cell,False,"[100,300,1000]",False,False,unavailable,full_validation AND sampled_drift only,False,False,unavailable,unavailable
78360f37e3cd5a3eb5cc2b3e,zsre,S1_literal,0,102,missing_cell,False,"[100,300,1000]",False,False,unavailable,full_validation AND sampled_drift only,False,False,unavailable,unavailable
46d6404412a25fbdd2965880,zsre,S1_literal,0,103,missing_cell,False,"[100,300,1000]",False,False,unavailable,full_validation AND sampled_drift only,False,False,unavailable,unavailable
50af2a28b866c26021d83b01,zsre,S1_literal,0,104,missing_cell,False,"[100,300,1000]",False,False,unavailable,full_validation AND sampled_drift only,False,False,unavailable,unavailable
22a5ac50d5ca3c952b8b1e34,zsre,S1_literal,1,100,missing_cell,False,"[100,300,1000]",False,False,unavailable,full_validation AND sampled_drift only,False,False,unavailable,unavailable
7d93e4d997ec1f974bb6c71a,zsre,S1_literal,1,101,missing_cell,False,"[100,300,1000]",False,False,unavailable,full_validation AND sampled_drift only,False,False,unavailable,unavailable
0f466b21fb4514acd9d1ff1e,zsre,S1_literal,1,102,missing_cell,False,"[100,300,1000]",False,False,unavailable,full_validation AND sampled_drift only,False,False,unavailable,unavailable
151bacf1f85b74f88864784e,zsre,S1_literal,1,103,missing_cell,False,"[100,300,1000]",False,False,unavailable,full_validation AND sampled_drift only,False,False,unavailable,unavailable
330479ee3f94e169b8496e0b,zsre,S1_literal,1,104,missing_cell,False,"[100,300,1000]",False,False,unavailable,full_validation AND sampled_drift only,False,False,unavailable,unavailable
e4019672011694d495923c6f,zsre,S1_literal,2,100,missing_cell,False,"[100,300,1000]",False,False,unavailable,full_validation AND sampled_drift only,False,False,unavailable,unavailable
bf89e6ad180b60ad56c35a7e,zsre,S1_literal,2,101,missing_cell,False,"[100,300,1000]",False,False,unavailable,full_validation AND sampled_drift only,False,False,unavailable,unavailable
70aacd394ef41b887377260a,zsre,S1_literal,2,102,missing_cell,False,"[100,300,1000]",False,False,unavailable,full_validation AND sampled_drift only,False,False,unavailable,unavailable
b3f4ad21a596171a9a43e0aa,zsre,S1_literal,2,103,missing_cell,False,"[100,300,1000]",False,False,unavailable,full_validation AND sampled_drift only,False,False,unavailable,unavailable
6885c03ed3db8fb41a5e20dd,zsre,S1_literal,2,104,missing_cell,False,"[100,300,1000]",False,False,unavailable,full_validation AND sampled_drift only,False,False,unavailable,unavailable
9a22bb61d6e0f49880a936a3,counterfact,S1_literal,0,100,missing_cell,False,"[100,300,1000]",False,False,unavailable,full_validation AND sampled_drift only,False,False,unavailable,unavailable
eafb85daf9dfc6661b0bc2d8,counterfact,S1_literal,0,101,missing_cell,False,"[100,300,1000]",False,False,unavailable,full_validation AND sampled_drift only,False,False,unavailable,unavailable
f3375c98045e9e28a348b9d0,counterfact,S1_literal,0,102,missing_cell,False,"[100,300,1000]",False,False,unavailable,full_validation AND sampled_drift only,False,False,unavailable,unavailable
d62c99156470a7900dc43bc6,counterfact,S1_literal,0,103,missing_cell,False,"[100,300,1000]",False,False,unavailable,full_validation AND sampled_drift only,False,False,unavailable,unavailable
fa0defe230fa592c6e1395ce,counterfact,S1_literal,0,104,missing_cell,False,"[100,300,1000]",False,False,unavailable,full_validation AND sampled_drift only,False,False,unavailable,unavailable
9d8fa010baff9d2225fff4d4,counterfact,S1_literal,1,100,missing_cell,False,"[100,300,1000]",False,False,unavailable,full_validation AND sampled_drift only,False,False,unavailable,unavailable
d059ce23baa1380031ffc8cb,counterfact,S1_literal,1,101,missing_cell,False,"[100,300,1000]",False,False,unavailable,full_validation AND sampled_drift only,False,False,unavailable,unavailable
058509628604e5ca4527273b,counterfact,S1_literal,1,102,missing_cell,False,"[100,300,1000]",False,False,unavailable,full_validation AND sampled_drift only,False,False,unavailable,unavailable
165be2e488d7d1013b36ff1b,counterfact,S1_literal,1,103,missing_cell,False,"[100,300,1000]",False,False,unavailable,full_validation AND sampled_drift only,False,False,unavailable,unavailable
6c498709f6484559ef4e1e7f,counterfact,S1_literal,1,104,missing_cell,False,"[100,300,1000]",False,False,unavailable,full_validation AND sampled_drift only,False,False,unavailable,unavailable
789321f88cd80b79c41108d3,counterfact,S1_literal,2,100,missing_cell,False,"[100,300,1000]",False,False,unavailable,full_validation AND sampled_drift only,False,False,unavailable,unavailable
58f67f71157df294642d7924,counterfact,S1_literal,2,101,missing_cell,False,"[100,300,1000]",False,False,unavailable,full_validation AND sampled_drift only,False,False,unavailable,unavailable
f434980db097ed5dc29aa6b8,counterfact,S1_literal,2,102,missing_cell,False,"[100,300,1000]",False,False,unavailable,full_validation AND sampled_drift only,False,False,unavailable,unavailable
0eadfbc9b2c2899d71a5dcee,counterfact,S1_literal,2,103,missing_cell,False,"[100,300,1000]",False,False,unavailable,full_validation AND sampled_drift only,False,False,unavailable,unavailable
509562eef48054a3aeac166a,counterfact,S1_literal,2,104,missing_cell,False,"[100,300,1000]",False,False,unavailable,full_validation AND sampled_drift only,False,False,unavailable,unavailable
8515821d35005362bf80ca86,zsre,R1_learned_ff_v2,0,100,missing_cell,False,"[100,300,1000]",False,False,unavailable,full_validation AND sampled_drift only,False,False,unavailable,unavailable
ce81522f547c386fa9c08c2b,zsre,R1_learned_ff_v2,0,101,missing_cell,False,"[100,300,1000]",False,False,unavailable,full_validation AND sampled_drift only,False,False,unavailable,unavailable
67fbcd1e5ac9b7dcb8f292b9,zsre,R1_learned_ff_v2,0,102,missing_cell,False,"[100,300,1000]",False,False,unavailable,full_validation AND sampled_drift only,False,False,unavailable,unavailable
90334bd842b032c804251295,zsre,R1_learned_ff_v2,0,103,missing_cell,False,"[100,300,1000]",False,False,unavailable,full_validation AND sampled_drift only,False,False,unavailable,unavailable
62cd670d3fc0e07b1d6ff2d7,zsre,R1_learned_ff_v2,0,104,missing_cell,False,"[100,300,1000]",False,False,unavailable,full_validation AND sampled_drift only,False,False,unavailable,unavailable
c2a654d2b5c10bec5b192bd4,zsre,R1_learned_ff_v2,1,100,missing_cell,False,"[100,300,1000]",False,False,unavailable,full_validation AND sampled_drift only,False,False,unavailable,unavailable
e513b37dc4ee2ea0c2ec9a4a,zsre,R1_learned_ff_v2,1,101,missing_cell,False,"[100,300,1000]",False,False,unavailable,full_validation AND sampled_drift only,False,False,unavailable,unavailable
5605235e2ed700e3724eec66,zsre,R1_learned_ff_v2,1,102,missing_cell,False,"[100,300,1000]",False,False,unavailable,full_validation AND sampled_drift only,False,False,unavailable,unavailable
caef53a035b7c9e1ee694a16,zsre,R1_learned_ff_v2,1,103,missing_cell,False,"[100,300,1000]",False,False,unavailable,full_validation AND sampled_drift only,False,False,unavailable,unavailable
3e16fbe7ff4d0e5b55e6d9d1,zsre,R1_learned_ff_v2,1,104,missing_cell,False,"[100,300,1000]",False,False,unavailable,full_validation AND sampled_drift only,False,False,unavailable,unavailable
66c77006152a19f5b1a397d3,zsre,R1_learned_ff_v2,2,100,missing_cell,False,"[100,300,1000]",False,False,unavailable,full_validation AND sampled_drift only,False,False,unavailable,unavailable
6837bb994c30db520b1c50f5,zsre,R1_learned_ff_v2,2,101,missing_cell,False,"[100,300,1000]",False,False,unavailable,full_validation AND sampled_drift only,False,False,unavailable,unavailable
4d261cc6ea3f349110835054,zsre,R1_learned_ff_v2,2,102,missing_cell,False,"[100,300,1000]",False,False,unavailable,full_validation AND sampled_drift only,False,False,unavailable,unavailable
b42ba0f2b0ed1a420be6ddb5,zsre,R1_learned_ff_v2,2,103,missing_cell,False,"[100,300,1000]",False,False,unavailable,full_validation AND sampled_drift only,False,False,unavailable,unavailable
10d0d6ef3ebaeeab62506369,zsre,R1_learned_ff_v2,2,104,missing_cell,False,"[100,300,1000]",False,False,unavailable,full_validation AND sampled_drift only,False,False,unavailable,unavailable
2fcaaa6515b6d07526750ec2,counterfact,R1_learned_ff_v2,0,100,missing_cell,False,"[100,300,1000]",False,False,unavailable,full_validation AND sampled_drift only,False,False,unavailable,unavailable
19a7255c9f6a76e216f4f3d3,counterfact,R1_learned_ff_v2,0,101,missing_cell,False,"[100,300,1000]",False,False,unavailable,full_validation AND sampled_drift only,False,False,unavailable,unavailable
875c812006d2f01a6a67e48b,counterfact,R1_learned_ff_v2,0,102,missing_cell,False,"[100,300,1000]",False,False,unavailable,full_validation AND sampled_drift only,False,False,unavailable,unavailable
29c34b1e7fff719ad0530aaf,counterfact,R1_learned_ff_v2,0,103,missing_cell,False,"[100,300,1000]",False,False,unavailable,full_validation AND sampled_drift only,False,False,unavailable,unavailable
4c03d7d4cf05c04e6563204a,counterfact,R1_learned_ff_v2,0,104,missing_cell,False,"[100,300,1000]",False,False,unavailable,full_validation AND sampled_drift only,False,False,unavailable,unavailable
56dad6836419abb22b9f3fc5,counterfact,R1_learned_ff_v2,1,100,missing_cell,False,"[100,300,1000]",False,False,unavailable,full_validation AND sampled_drift only,False,False,unavailable,unavailable
722a6e81428fe90b28522578,counterfact,R1_learned_ff_v2,1,101,missing_cell,False,"[100,300,1000]",False,False,unavailable,full_validation AND sampled_drift only,False,False,unavailable,unavailable
64474eaad780d3d0f127b333,counterfact,R1_learned_ff_v2,1,102,missing_cell,False,"[100,300,1000]",False,False,unavailable,full_validation AND sampled_drift only,False,False,unavailable,unavailable
50bfcf7f7c0f6341243f0890,counterfact,R1_learned_ff_v2,1,103,missing_cell,False,"[100,300,1000]",False,False,unavailable,full_validation AND sampled_drift only,False,False,unavailable,unavailable
203da3ce23c2826be75941f8,counterfact,R1_learned_ff_v2,1,104,missing_cell,False,"[100,300,1000]",False,False,unavailable,full_validation AND sampled_drift only,False,False,unavailable,unavailable
6b9269f85604bbde03fb8ae2,counterfact,R1_learned_ff_v2,2,100,missing_cell,False,"[100,300,1000]",False,False,unavailable,full_validation AND sampled_drift only,False,False,unavailable,unavailable
6e30cfe3525aa76f6c298840,counterfact,R1_learned_ff_v2,2,101,missing_cell,False,"[100,300,1000]",False,False,unavailable,full_validation AND sampled_drift only,False,False,unavailable,unavailable
f5f8f6ab600ed0fff3f77575,counterfact,R1_learned_ff_v2,2,102,missing_cell,False,"[100,300,1000]",False,False,unavailable,full_validation AND sampled_drift only,False,False,unavailable,unavailable
a1ebc798b3d3dffdcb755fea,counterfact,R1_learned_ff_v2,2,103,missing_cell,False,"[100,300,1000]",False,False,unavailable,full_validation AND sampled_drift only,False,False,unavailable,unavailable
64083f876c4b931fac1666ac,counterfact,R1_learned_ff_v2,2,104,missing_cell,False,"[100,300,1000]",False,False,unavailable,full_validation AND sampled_drift only,False,False,unavailable,unavailable
3f0d5de719c7c2fac0765ae9,mquake,R1_learned_ff_v2,0,100,missing_cell,False,"[100,300]",False,False,unavailable,full_validation AND sampled_drift only,False,False,unavailable,unavailable
02fbdb7be57f6759883cb7f7,mquake,R1_learned_ff_v2,0,101,missing_cell,False,"[100,300]",False,False,unavailable,full_validation AND sampled_drift only,False,False,unavailable,unavailable
2eafd0179259617282b6bfe4,mquake,R1_learned_ff_v2,0,102,missing_cell,False,"[100,300]",False,False,unavailable,full_validation AND sampled_drift only,False,False,unavailable,unavailable
62b13a164930d43ad696b359,mquake,R1_learned_ff_v2,0,103,missing_cell,False,"[100,300]",False,False,unavailable,full_validation AND sampled_drift only,False,False,unavailable,unavailable
048ddd95d61026dbf40fa6f9,mquake,R1_learned_ff_v2,0,104,missing_cell,False,"[100,300]",False,False,unavailable,full_validation AND sampled_drift only,False,False,unavailable,unavailable
ea85d9daee87f0884e4f22e2,mquake,R1_learned_ff_v2,1,100,missing_cell,False,"[100,300]",False,False,unavailable,full_validation AND sampled_drift only,False,False,unavailable,unavailable
7e27f3fa1620b77e96f8da6f,mquake,R1_learned_ff_v2,1,101,missing_cell,False,"[100,300]",False,False,unavailable,full_validation AND sampled_drift only,False,False,unavailable,unavailable
46cc8880d731fbee52076712,mquake,R1_learned_ff_v2,1,102,missing_cell,False,"[100,300]",False,False,unavailable,full_validation AND sampled_drift only,False,False,unavailable,unavailable
45c033c5bc044beea6f5562c,mquake,R1_learned_ff_v2,1,103,missing_cell,False,"[100,300]",False,False,unavailable,full_validation AND sampled_drift only,False,False,unavailable,unavailable
be96aaad5d4e1dd91747a116,mquake,R1_learned_ff_v2,1,104,missing_cell,False,"[100,300]",False,False,unavailable,full_validation AND sampled_drift only,False,False,unavailable,unavailable
c28a7e48a1333e1bbbca134d,mquake,R1_learned_ff_v2,2,100,missing_cell,False,"[100,300]",False,False,unavailable,full_validation AND sampled_drift only,False,False,unavailable,unavailable
fda4c348dac5448fc10fd672,mquake,R1_learned_ff_v2,2,101,missing_cell,False,"[100,300]",False,False,unavailable,full_validation AND sampled_drift only,False,False,unavailable,unavailable
929c713ce993539177ad3985,mquake,R1_learned_ff_v2,2,102,missing_cell,False,"[100,300]",False,False,unavailable,full_validation AND sampled_drift only,False,False,unavailable,unavailable
47d567d51e4c0129ae905aa3,mquake,R1_learned_ff_v2,2,103,missing_cell,False,"[100,300]",False,False,unavailable,full_validation AND sampled_drift only,False,False,unavailable,unavailable
1a7b6658a55e4798f9674c67,mquake,R1_learned_ff_v2,2,104,missing_cell,False,"[100,300]",False,False,unavailable,full_validation AND sampled_drift only,False,False,unavailable,unavailable
