condition,dataset,realization,order,checkpoint,reference,positions,mean_signed,es99_positive,maximum,exceed_0.01,exceed_1,exceed_5,half_mass_positions,maximum_ties,half_mass_fraction,positive_mass,attempt,flat_index,window_index,target_column,target_token_offset,exceed_0.01_count,exceed_1_count,exceed_5_count
R1_learned_ff,counterfact,2,102,1000,own_capoff,245237,0.0060233174282145205,0.6218914060096205,14.030780591144318,0.0033355488772085777,0.0018186488988203248,0.0002772827917483903,146,1,0.0005953424646362498,1525.1078273558146,/home/derp/cap/pc_cap/results/R1/stage4_sealed_cells/R1_learned_ff-counterfact-2-102-0c301be6cfd251b75cd4/attempt-0000,153586,1209,43,44,818,446,68
v0_live_C2,zsre,2,101,1000,own_capoff,245237,0.0028730129161574367,0.28855224455237566,50.59746635680729,0.000146796772102089,0.00013456370776024826,0.00013048601964630132,10,1,4.0776881139469166e-05,707.6368679729101,/home/derp/cap/pc_cap/results/R1/stage4_sealed_cells/v0_live_C2-zsre-2-101-dc7a86e035a793f7d43f/attempt-0000,220350,1735,5,6,36,33,32
v0_stable,mquake,0,103,300,own_capoff,245237,0.0,0.0,0.0,0.0,0.0,0.0,,245237,,0.0,/home/derp/cap/pc_cap/results/R1/stage4_sealed_cells/v0_stable-mquake-0-103-d4449b18558c7bd2e2c8/attempt-0000,0,0,0,1,0,0,0
v0_live_C2,counterfact,1,100,1000,own_capoff,245237,0.0,0.0,0.0,0.0,0.0,0.0,,245237,,0.0,/home/derp/cap/pc_cap/results/R1/stage4_sealed_cells/v0_live_C2-counterfact-1-100-e35d30fc8249d51b8c03/attempt-0000,0,0,0,1,0,0,0
v0_live_C2,counterfact,0,100,1000,own_capoff,245237,0.0,0.0,0.0,0.0,0.0,0.0,,245237,,0.0,/home/derp/cap/pc_cap/results/R1/stage4_sealed_cells/v0_live_C2-counterfact-0-100-8e2946105251ba36d38d/attempt-0000,0,0,0,1,0,0,0
R1_learned_ff,zsre,2,100,1000,own_capoff,245237,0.0024543228367322413,0.2543246590535407,11.047746870391336,0.0015332107308440406,0.0007706830535359672,6.932069793709758e-05,67,1,0.0002732051036344434,623.6981641231321,/home/derp/cap/pc_cap/results/R1/stage4_sealed_cells/R1_learned_ff-zsre-2-100-29834c9573cb982108b5/attempt-0000,206169,1623,48,49,376,189,17
v0_stable,mquake,2,104,300,own_capoff,245237,0.0,0.0,0.0,0.0,0.0,0.0,,245237,,0.0,/home/derp/cap/pc_cap/results/R1/stage4_sealed_cells/v0_stable-mquake-2-104-4d5c339bfa5b96f8b533/attempt-0000,0,0,0,1,0,0,0
v0_stable,zsre,1,102,1000,own_capoff,245237,0.002078333171400014,0.236285345760356,26.287621263032214,0.0011132088551075083,0.00039961343516679783,0.00016718521267182357,24,1,9.7864514734726e-05,579.4590933823247,/home/derp/cap/pc_cap/results/R1/stage4_sealed_cells/v0_stable-zsre-1-102-b806c860b0492e64384a/attempt-0000,67696,533,5,6,273,98,41
v0_stable,counterfact,2,102,1000,own_capoff,245237,0.0,0.0,0.0,0.0,0.0,0.0,,245237,,0.0,/home/derp/cap/pc_cap/results/R1/stage4_sealed_cells/v0_stable-counterfact-2-102-6c3ce3eff7bef89478db/attempt-0000,0,0,0,1,0,0,0
matched_update,counterfact,0,101,1000,own_capoff,245237,0.0,0.0,0.0,0.0,0.0,0.0,,245237,,0.0,/home/derp/cap/pc_cap/results/R1/stage4_sealed_cells/matched_update-counterfact-0-101-80821bd8d22651d78add/attempt-0000,0,0,0,1,0,0,0
v0_live_C2,zsre,2,103,1000,own_capoff,245237,0.005244668628493173,0.5249138395149456,50.59746635680729,0.00032621504911575333,0.0003180596728878595,0.00030582660854601873,21,1,8.563145039288525e-05,1287.2829526112687,/home/derp/cap/pc_cap/results/R1/stage4_sealed_cells/v0_live_C2-zsre-2-103-6e4a45a479d3ff36db3e/attempt-0000,220350,1735,5,6,80,78,75
R1_nonlearned,counterfact,0,100,1000,own_capoff,245237,0.05952630359046135,5.023364038385823,20.283374764778678,0.018043769904215107,0.014765308660601785,0.004102154242630598,1077,1,0.0043916700987208296,14753.162572071138,/home/derp/cap/pc_cap/results/R1/stage4_sealed_cells/R1_nonlearned-counterfact-0-100-04c87c2a934aa733d627/attempt-0000,61343,483,2,3,4425,3621,1006
v0_stable,counterfact,1,104,1000,own_capoff,245237,0.0,0.0,0.0,0.0,0.0,0.0,,245237,,0.0,/home/derp/cap/pc_cap/results/R1/stage4_sealed_cells/v0_stable-counterfact-1-104-6c2faf00591c111e45e9/attempt-0000,0,0,0,1,0,0,0
v0_stable,zsre,2,104,1000,own_capoff,245237,0.0015174543365215933,0.17706024958409983,23.53842438171965,0.0008726252563846402,0.0003669919302552225,8.563145039288525e-05,18,1,7.33983860510445e-05,434.2172442725593,/home/derp/cap/pc_cap/results/R1/stage4_sealed_cells/v0_stable-zsre-2-104-f4e48bc1e49ffb156412/attempt-0000,220350,1735,5,6,214,90,21
v0_live_C2,counterfact,2,102,1000,own_capoff,245237,0.0,0.0,0.0,0.0,0.0,0.0,,245237,,0.0,/home/derp/cap/pc_cap/results/R1/stage4_sealed_cells/v0_live_C2-counterfact-2-102-e6ac0f2092fcb62df79c/attempt-0000,0,0,0,1,0,0,0
v0_stable,zsre,1,103,1000,own_capoff,245237,0.0015745178495619294,0.1732847934566388,26.287621263032214,0.000831848375245171,0.0003221373610018064,9.378682662077908e-05,15,1,6.116532170920375e-05,424.95842892925776,/home/derp/cap/pc_cap/results/R1/stage4_sealed_cells/v0_stable-zsre-1-103-54a08436fa4e1e169531/attempt-0000,67696,533,5,6,204,79,23
S1_LM,counterfact,0,100,1000,own_capoff,245237,0.0,0.0,0.0,0.0,0.0,0.0,,245237,,0.0,/home/derp/cap/pc_cap/results/R1/stage4_sealed_cells/S1_LM-counterfact-0-100-5c54266db75a055c91bb/attempt-0000,0,0,0,1,0,0,0
R1_nonlearned,zsre,2,102,1000,own_capoff,245237,0.0003765462884295844,0.038324028419082105,5.82136978298211,0.00018757365324155816,0.00015495214832998282,4.077688113946916e-06,13,1,5.3009945481309916e-05,93.98469757410447,/home/derp/cap/pc_cap/results/R1/stage4_sealed_cells/R1_nonlearned-zsre-2-102-c5c1791570b1c0c477c8/attempt-0000,113445,893,34,35,46,38,1
R1_learned_ff,zsre,2,101,1000,own_capoff,245237,0.002454322855970633,0.2543246742826483,11.047746873593319,0.0015332107308440406,0.0007706830535359672,6.932069793709758e-05,67,1,0.0002732051036344434,623.6982014705388,/home/derp/cap/pc_cap/results/R1/stage4_sealed_cells/R1_learned_ff-zsre-2-101-ed7af033b6b6b9435a48/attempt-0000,206169,1623,48,49,376,189,17
R1_nonlearned,zsre,2,100,1000,own_capoff,245237,0.0003765462884295844,0.038324028419082105,5.82136978298211,0.00018757365324155816,0.00015495214832998282,4.077688113946916e-06,13,1,5.3009945481309916e-05,93.98469757410447,/home/derp/cap/pc_cap/results/R1/stage4_sealed_cells/R1_nonlearned-zsre-2-100-48678a3d4b00c3e276a9/attempt-0000,113445,893,34,35,46,38,1
R1_nonlearned,mquake,1,100,300,own_capoff,245237,0.012087146884670967,1.2239674807271599,12.77094634013092,0.004049144297149288,0.0033355488772085777,0.0007013623555988697,258,1,0.0010520435333983046,3001.621130710868,/home/derp/cap/pc_cap/results/R1/stage4_sealed_cells/R1_nonlearned-mquake-1-100-c16d3b48f4455dc27a98/attempt-0000,186439,1468,3,4,993,818,172
R1_learned_ff,counterfact,1,101,1000,own_capoff,245237,0.00462080141133562,0.47987629167171597,11.365768313044663,0.0026341865216097083,0.0014557346566790492,0.00020796209381129276,114,1,0.0004648564449899485,1176.8342214069671,/home/derp/cap/pc_cap/results/R1/stage4_sealed_cells/R1_learned_ff-counterfact-1-101-0021b4c3ec1497675b5a/attempt-0000,28252,222,58,59,646,357,51
matched_update,zsre,2,103,1000,own_capoff,245237,0.0018143216160556252,0.20643480578689793,21.05434315832099,0.0009664120830054192,0.00040369112328074474,0.0001264083315323544,25,1,0.00010194220284867291,506.2545246676153,/home/derp/cap/pc_cap/results/R1/stage4_sealed_cells/matched_update-zsre-2-103-cb0e356b434b7ca62caa/attempt-0000,220350,1735,5,6,237,99,31
R1_learned_ff,counterfact,2,101,1000,own_capoff,245237,0.0060233174282145205,0.6218914060096205,14.030780591144318,0.0033355488772085777,0.0018186488988203248,0.0002772827917483903,146,1,0.0005953424646362498,1525.1078273558146,/home/derp/cap/pc_cap/results/R1/stage4_sealed_cells/R1_learned_ff-counterfact-2-101-1afdb3e94280379c422b/attempt-0000,153586,1209,43,44,818,446,68
matched_update,zsre,0,101,1000,own_capoff,245237,0.0015101409817037492,0.18637183640813312,24.61122466032678,0.0016555413742624482,0.0003139819847739126,9.7864514734726e-05,23,1,9.378682662077908e-05,457.05270045221374,/home/derp/cap/pc_cap/results/R1/stage4_sealed_cells/matched_update-zsre-0-101-7394615728f0eef87b4a/attempt-0000,35969,283,28,29,406,77,24
R1_learned_ff,mquake,1,104,300,own_capoff,245237,0.0069390172955069275,0.7100949173662303,17.060533069655875,0.003482345649310667,0.0021937962053034414,0.0002895158560902311,171,1,0.0006972846674849227,1741.4154725014237,/home/derp/cap/pc_cap/results/R1/stage4_sealed_cells/R1_learned_ff-mquake-1-104-1bb3bce17719a9bffb72/attempt-0000,201706,1588,30,31,854,538,71
v0_live_C1,counterfact,0,104,1000,own_capoff,245237,0.0,0.0,0.0,0.0,0.0,0.0,,245237,,0.0,/home/derp/cap/pc_cap/results/R1/stage4_sealed_cells/v0_live_C1-counterfact-0-104-104abc4bf265b5a3be05/attempt-0000,0,0,0,1,0,0,0
R1_learned_ff,mquake,1,100,300,own_capoff,245237,0.0069390172955069275,0.7100949173662303,17.060533069655875,0.003482345649310667,0.0021937962053034414,0.0002895158560902311,171,1,0.0006972846674849227,1741.4154725014237,/home/derp/cap/pc_cap/results/R1/stage4_sealed_cells/R1_learned_ff-mquake-1-100-a0a0d9fe59adaa180424/attempt-0000,201706,1588,30,31,854,538,71
R1_nonlearned,counterfact,2,102,1000,own_capoff,245237,0.06412106305565372,5.19268175146298,16.299413709741568,0.019886884931719112,0.01609463498574848,0.004514000742139237,1149,1,0.004685263642925007,15887.433959584812,/home/derp/cap/pc_cap/results/R1/stage4_sealed_cells/R1_nonlearned-counterfact-2-102-4db9ca33099540adcfd0/attempt-0000,15527,122,33,34,4877,3947,1107
v0_stable,mquake,0,104,300,own_capoff,245237,0.0,0.0,0.0,0.0,0.0,0.0,,245237,,0.0,/home/derp/cap/pc_cap/results/R1/stage4_sealed_cells/v0_stable-mquake-0-104-efb478b1f4d001dba7d3/attempt-0000,0,0,0,1,0,0,0
S1_LM,counterfact,2,100,1000,own_capoff,245237,0.0,0.0,0.0,0.0,0.0,0.0,,245237,,0.0,/home/derp/cap/pc_cap/results/R1/stage4_sealed_cells/S1_LM-counterfact-2-100-1f7d9be29585019b538c/attempt-0000,0,0,0,1,0,0,0
R1_nonlearned,mquake,1,104,300,own_capoff,245237,0.012087146884670967,1.2239674807271599,12.77094634013092,0.004049144297149288,0.0033355488772085777,0.0007013623555988697,258,1,0.0010520435333983046,3001.621130710868,/home/derp/cap/pc_cap/results/R1/stage4_sealed_cells/R1_nonlearned-mquake-1-104-9ae156ec02992439c5e2/attempt-0000,186439,1468,3,4,993,818,172
v0_live_C2,zsre,1,103,1000,own_capoff,245237,0.0021755206424566268,0.22019951592485193,40.96674275506942,0.00013864139587419516,0.00010601989096261983,0.00010194220284867291,8,1,3.262150491157533e-05,540.0106868686296,/home/derp/cap/pc_cap/results/R1/stage4_sealed_cells/v0_live_C2-zsre-1-103-60f178f9add42259336a/attempt-0000,4322,34,4,5,34,26,25
R1_nonlearned,mquake,0,102,300,own_capoff,245237,0.012047224059888832,1.2190759071328507,15.07216313229306,0.004142931123770067,0.0033722480702341002,0.0007013623555988697,254,1,0.0010357327809425167,2989.625182375392,/home/derp/cap/pc_cap/results/R1/stage4_sealed_cells/R1_nonlearned-mquake-0-102-0ebea1bf03f4eec225ce/attempt-0000,90176,710,6,7,1016,827,172
v0_live_C1,counterfact,2,101,1000,own_capoff,245237,0.0,0.0,0.0,0.0,0.0,0.0,,245237,,0.0,/home/derp/cap/pc_cap/results/R1/stage4_sealed_cells/v0_live_C1-counterfact-2-101-d873d02a4d90dfaefdc8/attempt-0000,0,0,0,1,0,0,0
R1_nonlearned,zsre,1,101,1000,own_capoff,245237,0.0007165783003183672,0.07356954694645619,7.000992705172072,0.0003955357470528509,0.0002487389749507619,2.0388440569734583e-05,22,1,8.970913850683216e-05,180.41974984508096,/home/derp/cap/pc_cap/results/R1/stage4_sealed_cells/R1_nonlearned-zsre-1-101-321179870e444dc63b86/attempt-0000,113445,893,34,35,97,61,5
S1_literal,zsre,1,100,1000,own_capoff,245237,0.0016044470333987913,0.18184677475498517,26.34424909745804,0.000880780632612534,0.00033437042534364714,0.00010194220284867291,17,1,6.932069793709758e-05,445.95557500588336,/home/derp/cap/pc_cap/results/R1/stage4_sealed_cells/S1_literal-zsre-1-100-6377cc6b05bf66da3d56/attempt-0000,67696,533,5,6,216,82,25
S1_LM,counterfact,1,104,1000,own_capoff,245237,0.0,0.0,0.0,0.0,0.0,0.0,,245237,,0.0,/home/derp/cap/pc_cap/results/R1/stage4_sealed_cells/S1_LM-counterfact-1-104-40f136bd3bbfb7af4292/attempt-0000,0,0,0,1,0,0,0
matched_update,counterfact,0,104,1000,own_capoff,245237,0.0,0.0,0.0,0.0,0.0,0.0,,245237,,0.0,/home/derp/cap/pc_cap/results/R1/stage4_sealed_cells/matched_update-counterfact-0-104-b9d50bca9a89a0ce2da6/attempt-0000,0,0,0,1,0,0,0
R1_nonlearned,zsre,2,101,1000,own_capoff,245237,0.0003765462884295844,0.038324028419082105,5.82136978298211,0.00018757365324155816,0.00015495214832998282,4.077688113946916e-06,13,1,5.3009945481309916e-05,93.98469757410447,/home/derp/cap/pc_cap/results/R1/stage4_sealed_cells/R1_nonlearned-zsre-2-101-8dae043458784b89d36c/attempt-0000,113445,893,34,35,46,38,1
S1_LM,zsre,1,103,1000,own_capoff,245237,0.0016348039628405508,0.1792524181655809,26.293760208789756,0.0008481591277009587,0.00033029273722970024,9.7864514734726e-05,16,1,6.524300982315066e-05,439.59325273672596,/home/derp/cap/pc_cap/results/R1/stage4_sealed_cells/S1_LM-zsre-1-103-c1ecc83676806b51a214/attempt-0000,63899,503,18,19,208,81,24
S1_LM,zsre,1,101,1000,own_capoff,245237,0.002750517789678066,0.30982162514101835,26.293760208789756,0.0019450572303526792,0.0003873803708249571,0.00017534058889971741,25,1,0.00010194220284867291,759.79725884708,/home/derp/cap/pc_cap/results/R1/stage4_sealed_cells/S1_LM-zsre-1-101-e02e5e3afc967331e050/attempt-0000,63899,503,18,19,477,95,43
v0_live_C1,counterfact,1,104,1000,own_capoff,245237,0.0,0.0,0.0,0.0,0.0,0.0,,245237,,0.0,/home/derp/cap/pc_cap/results/R1/stage4_sealed_cells/v0_live_C1-counterfact-1-104-27141b0a503c40aa5189/attempt-0000,0,0,0,1,0,0,0
v0_live_C1,zsre,0,104,1000,own_capoff,245237,0.0012994507880502116,0.14484447324675448,27.6841653955279,0.0006565077863454536,0.00020388440569734582,6.524300982315066e-05,10,1,4.0776881139469166e-05,355.2122408561436,/home/derp/cap/pc_cap/results/R1/stage4_sealed_cells/v0_live_C1-zsre-0-104-07d11fe35a0505f6e47e/attempt-0000,173499,1366,17,18,161,50,16
S1_LM,zsre,0,102,1000,own_capoff,245237,0.0006309121393686646,0.08415830503441485,25.885269531034798,0.000831848375245171,0.0002201951581531335,2.0388440569734583e-05,20,1,8.155376227893833e-05,206.38730251724814,/home/derp/cap/pc_cap/results/R1/stage4_sealed_cells/S1_LM-zsre-0-102-f3995b648aa8674f9c81/attempt-0000,35969,283,28,29,204,54,5
v0_live_C2,counterfact,0,103,1000,own_capoff,245237,0.0,0.0,0.0,0.0,0.0,0.0,,245237,,0.0,/home/derp/cap/pc_cap/results/R1/stage4_sealed_cells/v0_live_C2-counterfact-0-103-bc4c7aa015f723f54663/attempt-0000,0,0,0,1,0,0,0
v0_live_C1,zsre,2,103,1000,own_capoff,245237,0.001625316259557229,0.18812472542528522,19.640342582399008,0.0009582567067775254,0.00039961343516679783,0.00011417526719051366,27,1,0.00011009757907656675,461.35143289120714,/home/derp/cap/pc_cap/results/R1/stage4_sealed_cells/v0_live_C1-zsre-2-103-fa1355576857f1588ba4/attempt-0000,113302,892,18,19,235,98,28
v0_live_C2,counterfact,2,104,1000,own_capoff,245237,0.0,0.0,0.0,0.0,0.0,0.0,,245237,,0.0,/home/derp/cap/pc_cap/results/R1/stage4_sealed_cells/v0_live_C2-counterfact-2-104-f3a0345ff23ae3445655/attempt-0000,0,0,0,1,0,0,0
S1_LM,counterfact,0,102,1000,own_capoff,245237,0.0,0.0,0.0,0.0,0.0,0.0,,245237,,0.0,/home/derp/cap/pc_cap/results/R1/stage4_sealed_cells/S1_LM-counterfact-0-102-6aba08f059788bbfe063/attempt-0000,0,0,0,1,0,0,0
v0_live_C1,counterfact,0,102,1000,own_capoff,245237,0.0,0.0,0.0,0.0,0.0,0.0,,245237,,0.0,/home/derp/cap/pc_cap/results/R1/stage4_sealed_cells/v0_live_C1-counterfact-0-102-ff42c7bcd67acce1824c/attempt-0000,0,0,0,1,0,0,0
v0_live_C2,zsre,2,102,1000,own_capoff,245237,0.0035908657691991817,0.35932476897574045,50.59746635680729,0.00018349596512761126,0.00016718521267182357,0.00016718521267182357,14,1,5.708763359525683e-05,881.1972836930373,/home/derp/cap/pc_cap/results/R1/stage4_sealed_cells/v0_live_C2-zsre-2-102-8744a1610a1b555e8693/attempt-0000,220350,1735,5,6,45,41,41
S1_LM,counterfact,1,102,1000,own_capoff,245237,0.0,0.0,0.0,0.0,0.0,0.0,,245237,,0.0,/home/derp/cap/pc_cap/results/R1/stage4_sealed_cells/S1_LM-counterfact-1-102-4cc97c368acb8f90c599/attempt-0000,0,0,0,1,0,0,0
R1_learned_ff,mquake,2,103,300,own_capoff,245237,0.00413584786045882,0.42069364431359624,10.253230522864694,0.002295738408152114,0.0013904916468558985,0.00013048601964630132,114,1,0.0004648564449899485,1031.696472505335,/home/derp/cap/pc_cap/results/R1/stage4_sealed_cells/R1_learned_ff-mquake-2-103-747a8449074a253fb254/attempt-0000,202084,1591,27,28,563,341,32
v0_live_C2,counterfact,0,101,1000,own_capoff,245237,0.0,0.0,0.0,0.0,0.0,0.0,,245237,,0.0,/home/derp/cap/pc_cap/results/R1/stage4_sealed_cells/v0_live_C2-counterfact-0-101-af6ed3060d43cf3a14ce/attempt-0000,0,0,0,1,0,0,0
v0_stable,counterfact,0,103,1000,own_capoff,245237,0.0,0.0,0.0,0.0,0.0,0.0,,245237,,0.0,/home/derp/cap/pc_cap/results/R1/stage4_sealed_cells/v0_stable-counterfact-0-103-900067a70c64d328e022/attempt-0000,0,0,0,1,0,0,0
v0_stable,zsre,0,100,1000,own_capoff,245237,0.0008603806962147022,0.1065068880586491,25.859260091125346,0.0008033045584475426,0.00024058359872286807,4.8932257367363e-05,15,1,6.116532170920375e-05,261.1942970683895,/home/derp/cap/pc_cap/results/R1/stage4_sealed_cells/v0_stable-zsre-0-100-a1c75f554d769d78b3dd/attempt-0000,35969,283,28,29,197,59,12
v0_stable,zsre,1,100,1000,own_capoff,245237,0.0015912589922259608,0.18053995524297062,26.287621263032214,0.000880780632612534,0.00033029273722970024,0.00010194220284867291,17,1,6.932069793709758e-05,442.7507700392042,/home/derp/cap/pc_cap/results/R1/stage4_sealed_cells/v0_stable-zsre-1-100-83f4f2c91ef31a7aef42/attempt-0000,67696,533,5,6,216,81,25
matched_update,zsre,1,104,1000,own_capoff,245237,0.0012077731772350481,0.1436219532593879,18.442861488253662,0.0008685475682706932,0.00028543816797628414,5.708763359525683e-05,16,1,6.524300982315066e-05,352.2141695147254,/home/derp/cap/pc_cap/results/R1/stage4_sealed_cells/matched_update-zsre-1-104-a3f68e1e4e1be638493d/attempt-0000,67696,533,5,6,213,70,14
R1_nonlearned,mquake,1,101,300,own_capoff,245237,0.012087146884670967,1.2239674807271599,12.77094634013092,0.004049144297149288,0.0033355488772085777,0.0007013623555988697,258,1,0.0010520435333983046,3001.621130710868,/home/derp/cap/pc_cap/results/R1/stage4_sealed_cells/R1_nonlearned-mquake-1-101-b5c0a9f27bbcf20b52be/attempt-0000,186439,1468,3,4,993,818,172
R1_nonlearned,zsre,1,104,1000,own_capoff,245237,0.0007165783003183672,0.07356954694645619,7.000992705172072,0.0003955357470528509,0.0002487389749507619,2.0388440569734583e-05,22,1,8.970913850683216e-05,180.41974984508096,/home/derp/cap/pc_cap/results/R1/stage4_sealed_cells/R1_nonlearned-zsre-1-104-0a85edeca38d0c5316c2/attempt-0000,113445,893,34,35,97,61,5
v0_stable,zsre,1,104,1000,own_capoff,245237,0.0014574133574350762,0.16559873911653575,26.287621263032214,0.0008970913850683217,0.0003017489204320718,8.155376227893833e-05,16,1,6.524300982315066e-05,406.10937984721915,/home/derp/cap/pc_cap/results/R1/stage4_sealed_cells/v0_stable-zsre-1-104-79b51d9a617dae40c6bc/attempt-0000,67696,533,5,6,220,74,20
S1_LM,counterfact,0,101,1000,own_capoff,245237,0.0,0.0,0.0,0.0,0.0,0.0,,245237,,0.0,/home/derp/cap/pc_cap/results/R1/stage4_sealed_cells/S1_LM-counterfact-0-101-5592c52faffa729d928b/attempt-0000,0,0,0,1,0,0,0
R1_learned_ff,mquake,1,101,300,own_capoff,245237,0.0069390172955069275,0.7100949173662303,17.060533069655875,0.003482345649310667,0.0021937962053034414,0.0002895158560902311,171,1,0.0006972846674849227,1741.4154725014237,/home/derp/cap/pc_cap/results/R1/stage4_sealed_cells/R1_learned_ff-mquake-1-101-96fa827acb382262adce/attempt-0000,201706,1588,30,31,854,538,71
R1_learned_ff,zsre,2,104,1000,own_capoff,245237,0.0024543228367322413,0.2543246590535407,11.047746870391336,0.0015332107308440406,0.0007706830535359672,6.932069793709758e-05,67,1,0.0002732051036344434,623.6981641231321,/home/derp/cap/pc_cap/results/R1/stage4_sealed_cells/R1_learned_ff-zsre-2-104-b7a857314dcda76d6c20/attempt-0000,206169,1623,48,49,376,189,17
R1_learned_ff,counterfact,1,104,1000,own_capoff,245237,0.00462080141133562,0.47987629167171597,11.365768313044663,0.0026341865216097083,0.0014557346566790492,0.00020796209381129276,114,1,0.0004648564449899485,1176.8342214069671,/home/derp/cap/pc_cap/results/R1/stage4_sealed_cells/R1_learned_ff-counterfact-1-104-fc11a7999e46bb711d00/attempt-0000,28252,222,58,59,646,357,51
v0_stable,zsre,0,102,1000,own_capoff,245237,0.0006463290826583882,0.08395739920647459,25.859260091125346,0.0008359260633591179,0.0002201951581531335,2.0388440569734583e-05,20,1,8.155376227893833e-05,205.8946070919823,/home/derp/cap/pc_cap/results/R1/stage4_sealed_cells/v0_stable-zsre-0-102-a8a70ed87c0ee5fe54d7/attempt-0000,35969,283,28,29,205,54,5
R1_learned_ff,mquake,0,100,300,own_capoff,245237,0.007146157978726168,0.7306357017104766,13.144280378335093,0.003620987045184862,0.002238650774556857,0.00025689435117865573,185,1,0.0007543723010801796,1791.7890758037229,/home/derp/cap/pc_cap/results/R1/stage4_sealed_cells/R1_learned_ff-mquake-0-100-7134fa44ad543bb921fb/attempt-0000,213823,1683,82,83,888,549,63
matched_update,zsre,2,104,1000,own_capoff,245237,0.0014745746718978373,0.1721247227891875,21.05434315832099,0.0009337905780938439,0.000342525801571541,8.970913850683216e-05,18,1,7.33983860510445e-05,422.1135064265201,/home/derp/cap/pc_cap/results/R1/stage4_sealed_cells/matched_update-zsre-2-104-f9ac8199e524c375c5d3/attempt-0000,220350,1735,5,6,229,84,22
S1_literal,zsre,0,103,1000,own_capoff,245237,0.00120361508178818,0.1447926806051892,27.688297674748036,0.0009827228354612068,0.00023650591060892117,6.116532170920375e-05,12,1,4.8932257367363e-05,355.08522613574814,/home/derp/cap/pc_cap/results/R1/stage4_sealed_cells/S1_literal-zsre-0-103-41c7cec15b763a292e7b/attempt-0000,173499,1366,17,18,241,58,15
R1_learned_ff,zsre,1,101,1000,own_capoff,245237,0.0025530208561313976,0.2663146735358172,8.953987570983772,0.0016392306218066604,0.0008155376227893833,0.00010194220284867291,70,1,0.00028543816797628414,653.1021159390327,/home/derp/cap/pc_cap/results/R1/stage4_sealed_cells/R1_learned_ff-zsre-1-101-420e68bed62c87bf2e81/attempt-0000,113298,892,14,15,402,200,25
matched_update,counterfact,2,103,1000,own_capoff,245237,0.0,0.0,0.0,0.0,0.0,0.0,,245237,,0.0,/home/derp/cap/pc_cap/results/R1/stage4_sealed_cells/matched_update-counterfact-2-103-9587e7d4ea668714b967/attempt-0000,0,0,0,1,0,0,0
v0_live_C1,counterfact,0,103,1000,own_capoff,245237,0.0,0.0,0.0,0.0,0.0,0.0,,245237,,0.0,/home/derp/cap/pc_cap/results/R1/stage4_sealed_cells/v0_live_C1-counterfact-0-103-088d62cd38063f1b63b4/attempt-0000,0,0,0,1,0,0,0
matched_update,counterfact,1,101,1000,own_capoff,245237,0.0,0.0,0.0,0.0,0.0,0.0,,245237,,0.0,/home/derp/cap/pc_cap/results/R1/stage4_sealed_cells/matched_update-counterfact-1-101-b1cc427910569e0123ef/attempt-0000,0,0,0,1,0,0,0
R1_learned_ff,zsre,0,103,1000,own_capoff,245237,0.0024502257170824966,0.25880624104739064,9.262267463622692,0.0016106868050090322,0.0008033045584475426,8.563145039288525e-05,69,1,0.00028136047986233723,634.68866135739,/home/derp/cap/pc_cap/results/R1/stage4_sealed_cells/R1_learned_ff-zsre-0-103-79a2a0b8db5732bee27a/attempt-0000,109263,860,43,44,395,197,21
v0_live_C2,counterfact,1,102,1000,own_capoff,245237,0.0,0.0,0.0,0.0,0.0,0.0,,245237,,0.0,/home/derp/cap/pc_cap/results/R1/stage4_sealed_cells/v0_live_C2-counterfact-1-102-ca5f299c59231fa6d409/attempt-0000,0,0,0,1,0,0,0
R1_nonlearned,mquake,2,104,300,own_capoff,245237,0.012170898016140904,1.230438943288985,14.87381976477378,0.00407361042583297,0.003364092694006206,0.0006565077863454536,253,1,0.00103165509282857,3017.4915513536107,/home/derp/cap/pc_cap/results/R1/stage4_sealed_cells/R1_nonlearned-mquake-2-104-f5fdde20f09cc47c955c/attempt-0000,127024,1000,24,25,999,825,161
R1_learned_ff,zsre,1,102,1000,own_capoff,245237,0.0025530208561313976,0.2663146735358172,8.953987570983772,0.0016392306218066604,0.0008155376227893833,0.00010194220284867291,70,1,0.00028543816797628414,653.1021159390327,/home/derp/cap/pc_cap/results/R1/stage4_sealed_cells/R1_learned_ff-zsre-1-102-00df45c7dff6e6d6458d/attempt-0000,113298,892,14,15,402,200,25
R1_nonlearned,mquake,2,102,300,own_capoff,245237,0.012170898016140904,1.230438943288985,14.87381976477378,0.00407361042583297,0.003364092694006206,0.0006565077863454536,253,1,0.00103165509282857,3017.4915513536107,/home/derp/cap/pc_cap/results/R1/stage4_sealed_cells/R1_nonlearned-mquake-2-102-dc8469998d740c24943d/attempt-0000,127024,1000,24,25,999,825,161
v0_live_C2,counterfact,2,101,1000,own_capoff,245237,0.0,0.0,0.0,0.0,0.0,0.0,,245237,,0.0,/home/derp/cap/pc_cap/results/R1/stage4_sealed_cells/v0_live_C2-counterfact-2-101-be458b87ad93e674005c/attempt-0000,0,0,0,1,0,0,0
v0_live_C1,zsre,0,100,1000,own_capoff,245237,0.0008225368346393827,0.10277978211743531,25.859260091125346,0.000880780632612534,0.000195729029469452,4.0776881139469166e-05,14,1,5.708763359525683e-05,252.05405427133502,/home/derp/cap/pc_cap/results/R1/stage4_sealed_cells/v0_live_C1-zsre-0-100-ea8aaed7e961f191288e/attempt-0000,35969,283,28,29,216,48,10
S1_literal,zsre,0,104,1000,own_capoff,245237,0.0011751917303236775,0.13735888868377377,27.688297674748036,0.0008155376227893833,0.00022835053438102732,6.116532170920375e-05,10,1,4.0776881139469166e-05,336.8548178414265,/home/derp/cap/pc_cap/results/R1/stage4_sealed_cells/S1_literal-zsre-0-104-218a3ab852791266c94e/attempt-0000,173499,1366,17,18,200,56,15
v0_stable,mquake,2,101,300,own_capoff,245237,0.0,0.0,0.0,0.0,0.0,0.0,,245237,,0.0,/home/derp/cap/pc_cap/results/R1/stage4_sealed_cells/v0_stable-mquake-2-101-95d380b07a5eec15b16d/attempt-0000,0,0,0,1,0,0,0
R1_nonlearned,counterfact,1,103,1000,own_capoff,245237,0.08823741174386562,6.145143818789618,17.451521585492255,0.023418162838397143,0.02028649836688591,0.0070421673727863255,1552,1,0.006328571952845615,21814.394611191616,/home/derp/cap/pc_cap/results/R1/stage4_sealed_cells/R1_nonlearned-counterfact-1-103-bdb9c03b2440226e99dd/attempt-0000,91581,721,14,15,5743,4975,1727
R1_nonlearned,zsre,0,102,1000,own_capoff,245237,0.0003165613036146974,0.03246325343404385,5.660833539088998,0.00021611747003918657,0.00011417526719051366,4.077688113946916e-06,12,1,4.8932257367363e-05,79.61190882404618,/home/derp/cap/pc_cap/results/R1/stage4_sealed_cells/R1_nonlearned-zsre-0-102-46cf4f5858dc4603ee84/attempt-0000,113445,893,34,35,53,28,1
R1_learned_ff,mquake,0,102,300,own_capoff,245237,0.007146157978726168,0.7306357017104766,13.144280378335093,0.003620987045184862,0.002238650774556857,0.00025689435117865573,185,1,0.0007543723010801796,1791.7890758037229,/home/derp/cap/pc_cap/results/R1/stage4_sealed_cells/R1_learned_ff-mquake-0-102-55aec899edd6d6080654/attempt-0000,213823,1683,82,83,888,549,63
v0_live_C2,zsre,0,103,1000,own_capoff,245237,0.001875098196723842,0.18913921794839167,38.75530196121102,0.00017941827701366432,0.00011417526719051366,9.378682662077908e-05,8,1,3.262150491157533e-05,463.8393439200977,/home/derp/cap/pc_cap/results/R1/stage4_sealed_cells/v0_live_C2-zsre-0-103-1492336166dbc0cacc74/attempt-0000,35969,283,28,29,44,28,23
matched_update,zsre,2,101,1000,own_capoff,245237,0.0017567350199485883,0.2040709759522291,21.05434315832099,0.0011050534788796145,0.00044854569253416083,0.00010194220284867291,27,1,0.00011009757907656675,500.4575392959685,/home/derp/cap/pc_cap/results/R1/stage4_sealed_cells/matched_update-zsre-2-101-cc38b52eaa2df04953f8/attempt-0000,220350,1735,5,6,271,110,25
R1_learned_ff,zsre,2,103,1000,own_capoff,245237,0.0024543228367322413,0.2543246590535407,11.047746870391336,0.0015332107308440406,0.0007706830535359672,6.932069793709758e-05,67,1,0.0002732051036344434,623.6981641231321,/home/derp/cap/pc_cap/results/R1/stage4_sealed_cells/R1_learned_ff-zsre-2-103-1e5a623fe4a10b8aec18/attempt-0000,206169,1623,48,49,376,189,17
v0_stable,mquake,0,102,300,own_capoff,245237,0.0,0.0,0.0,0.0,0.0,0.0,,245237,,0.0,/home/derp/cap/pc_cap/results/R1/stage4_sealed_cells/v0_stable-mquake-0-102-fc1ae90ff2cbb505ca82/attempt-0000,0,0,0,1,0,0,0
R1_nonlearned,zsre,1,102,1000,own_capoff,245237,0.0007165783003183672,0.07356954694645619,7.000992705172072,0.0003955357470528509,0.0002487389749507619,2.0388440569734583e-05,22,1,8.970913850683216e-05,180.41974984508096,/home/derp/cap/pc_cap/results/R1/stage4_sealed_cells/R1_nonlearned-zsre-1-102-d650aa84d7e9aa316ef4/attempt-0000,113445,893,34,35,97,61,5
S1_LM,counterfact,2,103,1000,own_capoff,245237,0.0,0.0,0.0,0.0,0.0,0.0,,245237,,0.0,/home/derp/cap/pc_cap/results/R1/stage4_sealed_cells/S1_LM-counterfact-2-103-08642649fdc0c9ce3ad8/attempt-0000,0,0,0,1,0,0,0
R1_nonlearned,mquake,1,102,300,own_capoff,245237,0.012087146884670967,1.2239674807271599,12.77094634013092,0.004049144297149288,0.0033355488772085777,0.0007013623555988697,258,1,0.0010520435333983046,3001.621130710868,/home/derp/cap/pc_cap/results/R1/stage4_sealed_cells/R1_nonlearned-mquake-1-102-214a0ab1d36040de2a9c/attempt-0000,186439,1468,3,4,993,818,172
v0_live_C1,zsre,2,100,1000,own_capoff,245237,0.0014338894221673298,0.16974578568197246,19.33857784274852,0.0009378682662077909,0.0003955357470528509,9.7864514734726e-05,28,1,0.00011417526719051366,416.2794724328992,/home/derp/cap/pc_cap/results/R1/stage4_sealed_cells/v0_live_C1-zsre-2-100-0470d793c6b71bd4d15d/attempt-0000,113302,892,18,19,230,97,24
matched_update,counterfact,2,102,1000,own_capoff,245237,0.0,0.0,0.0,0.0,0.0,0.0,,245237,,0.0,/home/derp/cap/pc_cap/results/R1/stage4_sealed_cells/matched_update-counterfact-2-102-ea351484134d271b248c/attempt-0000,0,0,0,1,0,0,0
v0_live_C1,zsre,0,102,1000,own_capoff,245237,0.0017406884060218411,0.19850303919585105,25.859260091125346,0.0010601989096261984,0.00043223494007837315,0.00011417526719051366,33,1,0.00013456370776024826,486.8028982327296,/home/derp/cap/pc_cap/results/R1/stage4_sealed_cells/v0_live_C1-zsre-0-102-40595eb368834dd0af05/attempt-0000,35969,283,28,29,260,106,28
R1_learned_ff,zsre,0,100,1000,own_capoff,245237,0.0024502257170824966,0.25880624104739064,9.262267463622692,0.0016106868050090322,0.0008033045584475426,8.563145039288525e-05,69,1,0.00028136047986233723,634.68866135739,/home/derp/cap/pc_cap/results/R1/stage4_sealed_cells/R1_learned_ff-zsre-0-100-8d55a573070d47b3be15/attempt-0000,109263,860,43,44,395,197,21
v0_live_C2,zsre,2,100,1000,own_capoff,245237,0.003993265606866218,0.40191686299207496,44.93893853083522,0.00025689435117865573,0.00019980671758339892,0.00017941827701366432,16,1,6.524300982315066e-05,985.6488572958758,/home/derp/cap/pc_cap/results/R1/stage4_sealed_cells/v0_live_C2-zsre-2-100-f234e094ef33bf908a06/attempt-0000,205904,1621,37,38,63,49,44
matched_update,counterfact,2,100,1000,own_capoff,245237,0.0,0.0,0.0,0.0,0.0,0.0,,245237,,0.0,/home/derp/cap/pc_cap/results/R1/stage4_sealed_cells/matched_update-counterfact-2-100-7d684e06da3b2caec97a/attempt-0000,0,0,0,1,0,0,0
R1_learned_ff,counterfact,1,103,1000,own_capoff,245237,0.00462080141133562,0.47987629167171597,11.365768313044663,0.0026341865216097083,0.0014557346566790492,0.00020796209381129276,114,1,0.0004648564449899485,1176.8342214069671,/home/derp/cap/pc_cap/results/R1/stage4_sealed_cells/R1_learned_ff-counterfact-1-103-6d34f8f99141cde7cd37/attempt-0000,28252,222,58,59,646,357,51
v0_live_C2,zsre,0,101,1000,own_capoff,245237,0.002872663221600925,0.2874613450024716,38.75530196121102,0.00015495214832998282,0.000146796772102089,0.000146796772102089,12,1,4.8932257367363e-05,704.961578643712,/home/derp/cap/pc_cap/results/R1/stage4_sealed_cells/v0_live_C2-zsre-0-101-2c4c14cac59480d48828/attempt-0000,35969,283,28,29,38,36,36
R1_learned_ff,zsre,1,100,1000,own_capoff,245237,0.0025530208561313976,0.2663146735358172,8.953987570983772,0.0016392306218066604,0.0008155376227893833,0.00010194220284867291,70,1,0.00028543816797628414,653.1021159390327,/home/derp/cap/pc_cap/results/R1/stage4_sealed_cells/R1_learned_ff-zsre-1-100-8ab8ea177d1c51e1c50a/attempt-0000,113298,892,14,15,402,200,25
v0_stable,counterfact,0,102,1000,own_capoff,245237,0.0,0.0,0.0,0.0,0.0,0.0,,245237,,0.0,/home/derp/cap/pc_cap/results/R1/stage4_sealed_cells/v0_stable-counterfact-0-102-07ccc730f6b3a67b10d9/attempt-0000,0,0,0,1,0,0,0
matched_update,counterfact,1,104,1000,own_capoff,245237,0.0,0.0,0.0,0.0,0.0,0.0,,245237,,0.0,/home/derp/cap/pc_cap/results/R1/stage4_sealed_cells/matched_update-counterfact-1-104-212958f63259e55fe531/attempt-0000,0,0,0,1,0,0,0
R1_learned_ff,counterfact,0,102,1000,own_capoff,245237,0.005849625817388068,0.6100700093423872,15.381804505753664,0.002980790011295196,0.0016800075029461297,0.00032621504911575333,123,1,0.0005015556380154707,1496.1173888109918,/home/derp/cap/pc_cap/results/R1/stage4_sealed_cells/R1_learned_ff-counterfact-0-102-53e2b928aeab464f3fdd/attempt-0000,61242,482,28,29,731,412,80
v0_live_C1,zsre,1,101,1000,own_capoff,245237,0.003005566675020581,0.31441118412827357,13.117230752299717,0.0011417526719051366,0.0006932069793709758,0.0002201951581531335,58,1,0.00023650591060892117,771.052555620655,/home/derp/cap/pc_cap/results/R1/stage4_sealed_cells/v0_live_C1-zsre-1-101-992628087cb36954c9d6/attempt-0000,26696,210,26,27,280,170,54
v0_stable,counterfact,1,100,1000,own_capoff,245237,0.0,0.0,0.0,0.0,0.0,0.0,,245237,,0.0,/home/derp/cap/pc_cap/results/R1/stage4_sealed_cells/v0_stable-counterfact-1-100-156511f5534f5e2626d2/attempt-0000,0,0,0,1,0,0,0
R1_learned_ff,counterfact,2,104,1000,own_capoff,245237,0.0060233174282145205,0.6218914060096205,14.030780591144318,0.0033355488772085777,0.0018186488988203248,0.0002772827917483903,146,1,0.0005953424646362498,1525.1078273558146,/home/derp/cap/pc_cap/results/R1/stage4_sealed_cells/R1_learned_ff-counterfact-2-104-8e7258049e57cc386919/attempt-0000,153586,1209,43,44,818,446,68
v0_stable,counterfact,2,103,1000,own_capoff,245237,0.0,0.0,0.0,0.0,0.0,0.0,,245237,,0.0,/home/derp/cap/pc_cap/results/R1/stage4_sealed_cells/v0_stable-counterfact-2-103-518a591fe1170421fa6f/attempt-0000,0,0,0,1,0,0,0
R1_nonlearned,counterfact,2,100,1000,own_capoff,245237,0.06412106305565372,5.19268175146298,16.299413709741568,0.019886884931719112,0.01609463498574848,0.004514000742139237,1149,1,0.004685263642925007,15887.433959584812,/home/derp/cap/pc_cap/results/R1/stage4_sealed_cells/R1_nonlearned-counterfact-2-100-eae2eea77a1949acd9df/attempt-0000,15527,122,33,34,4877,3947,1107
v0_live_C2,counterfact,2,103,1000,own_capoff,245237,0.0,0.0,0.0,0.0,0.0,0.0,,245237,,0.0,/home/derp/cap/pc_cap/results/R1/stage4_sealed_cells/v0_live_C2-counterfact-2-103-bfd71b8c992dae659417/attempt-0000,0,0,0,1,0,0,0
R1_learned_ff,counterfact,2,103,1000,own_capoff,245237,0.0060233174282145205,0.6218914060096205,14.030780591144318,0.0033355488772085777,0.0018186488988203248,0.0002772827917483903,146,1,0.0005953424646362498,1525.1078273558146,/home/derp/cap/pc_cap/results/R1/stage4_sealed_cells/R1_learned_ff-counterfact-2-103-abb64ccc62faa709a52f/attempt-0000,153586,1209,43,44,818,446,68
v0_stable,zsre,2,101,1000,own_capoff,245237,0.0017430925247380147,0.20280853283538602,23.53842438171965,0.0011376749837911898,0.0004444680044202139,9.7864514734726e-05,25,1,0.00010194220284867291,497.36156166951605,/home/derp/cap/pc_cap/results/R1/stage4_sealed_cells/v0_stable-zsre-2-101-764fd67d7e5a7c331282/attempt-0000,220350,1735,5,6,279,109,24
v0_live_C1,zsre,1,103,1000,own_capoff,245237,0.0007468118174646187,0.08931109441536118,13.009984283998573,0.0006483524101175597,0.0002691274155204965,4.0776881139469166e-05,20,1,8.155376227893833e-05,219.02384861139947,/home/derp/cap/pc_cap/results/R1/stage4_sealed_cells/v0_live_C1-zsre-1-103-3dfd544444e66fc33ce9/attempt-0000,86241,679,8,9,159,66,10
matched_update,zsre,1,102,1000,own_capoff,245237,0.0018840782500802037,0.21764352222574315,18.442861488253662,0.0011213642313354021,0.00040776881139469165,0.00013048601964630132,24,1,9.7864514734726e-05,533.7424446007462,/home/derp/cap/pc_cap/results/R1/stage4_sealed_cells/matched_update-zsre-1-102-884a06a43956f4487024/attempt-0000,67696,533,5,6,275,100,32
R1_nonlearned,mquake,0,104,300,own_capoff,245237,0.012047224059888832,1.2190759071328507,15.07216313229306,0.004142931123770067,0.0033722480702341002,0.0007013623555988697,254,1,0.0010357327809425167,2989.625182375392,/home/derp/cap/pc_cap/results/R1/stage4_sealed_cells/R1_nonlearned-mquake-0-104-15d5c10c812a758f12fc/attempt-0000,90176,710,6,7,1016,827,172
S1_LM,zsre,0,100,1000,own_capoff,245237,0.0008488165879278433,0.10598835806653524,25.885269531034798,0.0008033045584475426,0.00023650591060892117,4.8932257367363e-05,15,1,6.116532170920375e-05,259.9226696716292,/home/derp/cap/pc_cap/results/R1/stage4_sealed_cells/S1_LM-zsre-0-100-49a8ca0805400b40da3d/attempt-0000,35969,283,28,29,197,58,12
S1_LM,zsre,2,103,1000,own_capoff,245237,0.0018146066251551788,0.20463907570326503,23.532723928394866,0.0009868005235751539,0.0003955357470528509,0.0001223306434184075,25,1,0.00010194220284867291,501.85073008241653,/home/derp/cap/pc_cap/results/R1/stage4_sealed_cells/S1_LM-zsre-2-103-ed41b387f7df8961b02b/attempt-0000,220350,1735,5,6,242,97,30
S1_literal,zsre,0,102,1000,own_capoff,245237,0.0006331708729920288,0.08326567869207993,25.844951071275425,0.0008236929990172772,0.0002201951581531335,2.0388440569734583e-05,20,1,8.155376227893833e-05,204.19825245409623,/home/derp/cap/pc_cap/results/R1/stage4_sealed_cells/S1_literal-zsre-0-102-e12c1112ad689a8ad27c/attempt-0000,35969,283,28,29,202,54,5
R1_nonlearned,counterfact,0,103,1000,own_capoff,245237,0.05952630359046135,5.023364038385823,20.283374764778678,0.018043769904215107,0.014765308660601785,0.004102154242630598,1077,1,0.0043916700987208296,14753.162572071138,/home/derp/cap/pc_cap/results/R1/stage4_sealed_cells/R1_nonlearned-counterfact-0-103-f3db59a14e092fc34de9/attempt-0000,61343,483,2,3,4425,3621,1006
R1_learned_ff,mquake,0,103,300,own_capoff,245237,0.007146157978726168,0.7306357017104766,13.144280378335093,0.003620987045184862,0.002238650774556857,0.00025689435117865573,185,1,0.0007543723010801796,1791.7890758037229,/home/derp/cap/pc_cap/results/R1/stage4_sealed_cells/R1_learned_ff-mquake-0-103-48aa16091584c09e143f/attempt-0000,213823,1683,82,83,888,549,63
S1_LM,zsre,2,104,1000,own_capoff,245237,0.0015153048945300508,0.17678836975390042,23.532723928394866,0.0008848583207264809,0.0003629142421412756,8.563145039288525e-05,18,1,7.33983860510445e-05,433.5504943333732,/home/derp/cap/pc_cap/results/R1/stage4_sealed_cells/S1_LM-zsre-2-104-347aa90d9852ca5ceb1b/attempt-0000,220350,1735,5,6,217,89,21
R1_learned_ff,mquake,2,104,300,own_capoff,245237,0.00413584786045882,0.42069364431359624,10.253230522864694,0.002295738408152114,0.0013904916468558985,0.00013048601964630132,114,1,0.0004648564449899485,1031.696472505335,/home/derp/cap/pc_cap/results/R1/stage4_sealed_cells/R1_learned_ff-mquake-2-104-b315dc901a3467ed7cc3/attempt-0000,202084,1591,27,28,563,341,32
v0_live_C1,counterfact,1,101,1000,own_capoff,245237,0.0,0.0,0.0,0.0,0.0,0.0,,245237,,0.0,/home/derp/cap/pc_cap/results/R1/stage4_sealed_cells/v0_live_C1-counterfact-1-101-4ea513978438ed1b05e1/attempt-0000,0,0,0,1,0,0,0
matched_update,counterfact,0,100,1000,own_capoff,245237,0.0,0.0,0.0,0.0,0.0,0.0,,245237,,0.0,/home/derp/cap/pc_cap/results/R1/stage4_sealed_cells/matched_update-counterfact-0-100-153d998b945a943b3a6a/attempt-0000,0,0,0,1,0,0,0
R1_learned_ff,counterfact,0,103,1000,own_capoff,245237,0.005849625817388068,0.6100700093423872,15.381804505753664,0.002980790011295196,0.0016800075029461297,0.00032621504911575333,123,1,0.0005015556380154707,1496.1173888109918,/home/derp/cap/pc_cap/results/R1/stage4_sealed_cells/R1_learned_ff-counterfact-0-103-7e64a1bd0b1c36792bf7/attempt-0000,61242,482,28,29,731,412,80
S1_LM,counterfact,2,104,1000,own_capoff,245237,0.0,0.0,0.0,0.0,0.0,0.0,,245237,,0.0,/home/derp/cap/pc_cap/results/R1/stage4_sealed_cells/S1_LM-counterfact-2-104-ee9bd58163d441d457d4/attempt-0000,0,0,0,1,0,0,0
S1_literal,zsre,1,101,1000,own_capoff,245237,0.0027471608752057505,0.30916274705968416,26.34424909745804,0.0019369018541247854,0.0003955357470528509,0.00017534058889971741,25,1,0.00010194220284867291,758.1814460067584,/home/derp/cap/pc_cap/results/R1/stage4_sealed_cells/S1_literal-zsre-1-101-5fcc82e486c68122994d/attempt-0000,67696,533,5,6,475,97,43
R1_nonlearned,zsre,0,103,1000,own_capoff,245237,0.0003165613036146974,0.03246325343404385,5.660833539088998,0.00021611747003918657,0.00011417526719051366,4.077688113946916e-06,12,1,4.8932257367363e-05,79.61190882404618,/home/derp/cap/pc_cap/results/R1/stage4_sealed_cells/R1_nonlearned-zsre-0-103-91440f30f3efdaaee1a5/attempt-0000,113445,893,34,35,53,28,1
matched_update,zsre,1,103,1000,own_capoff,245237,0.0014075101206461056,0.15927441877306303,18.442861488253662,0.0008440814395870118,0.00032621504911575333,8.155376227893833e-05,17,1,6.932069793709758e-05,390.59980636649703,/home/derp/cap/pc_cap/results/R1/stage4_sealed_cells/matched_update-zsre-1-103-4a9360d4e17ba1174556/attempt-0000,67696,533,5,6,207,80,20
R1_nonlearned,zsre,1,100,1000,own_capoff,245237,0.0007165783003183672,0.07356954694645619,7.000992705172072,0.0003955357470528509,0.0002487389749507619,2.0388440569734583e-05,22,1,8.970913850683216e-05,180.41974984508096,/home/derp/cap/pc_cap/results/R1/stage4_sealed_cells/R1_nonlearned-zsre-1-100-4000a0474afd7bd87c13/attempt-0000,113445,893,34,35,97,61,5
R1_learned_ff,counterfact,1,100,1000,own_capoff,245237,0.00462080141133562,0.47987629167171597,11.365768313044663,0.0026341865216097083,0.0014557346566790492,0.00020796209381129276,114,1,0.0004648564449899485,1176.8342214069671,/home/derp/cap/pc_cap/results/R1/stage4_sealed_cells/R1_learned_ff-counterfact-1-100-80a7b2f9c44d0e121f49/attempt-0000,28252,222,58,59,646,357,51
S1_LM,zsre,2,102,1000,own_capoff,245237,0.0014186452836766953,0.16754298054537584,23.532723928394866,0.0009174798256380562,0.0003873803708249571,8.563145039288525e-05,22,1,8.970913850683216e-05,410.8773792000637,/home/derp/cap/pc_cap/results/R1/stage4_sealed_cells/S1_LM-zsre-2-102-3de97f198210866a3308/attempt-0000,220350,1735,5,6,225,95,21
S1_LM,zsre,1,100,1000,own_capoff,245237,0.0016412833132848196,0.18550291358390122,26.293760208789756,0.0008848583207264809,0.00033437042534364714,0.00010601989096261983,18,1,7.33983860510445e-05,454.92178018575225,/home/derp/cap/pc_cap/results/R1/stage4_sealed_cells/S1_LM-zsre-1-100-641261f0c8a951d1e86a/attempt-0000,63899,503,18,19,217,82,26
v0_stable,zsre,1,101,1000,own_capoff,245237,0.00277312077437808,0.3117886131505196,26.287621263032214,0.0019409795422387322,0.0003955357470528509,0.00017534058889971741,24,1,9.7864514734726e-05,764.6210412319404,/home/derp/cap/pc_cap/results/R1/stage4_sealed_cells/v0_stable-zsre-1-101-7bd3fd4f309b13d47eb0/attempt-0000,67696,533,5,6,476,97,43
v0_live_C1,counterfact,2,100,1000,own_capoff,245237,0.0,0.0,0.0,0.0,0.0,0.0,,245237,,0.0,/home/derp/cap/pc_cap/results/R1/stage4_sealed_cells/v0_live_C1-counterfact-2-100-4ef2f3af81158a19aa18/attempt-0000,0,0,0,1,0,0,0
R1_nonlearned,zsre,2,104,1000,own_capoff,245237,0.0003765462884295844,0.038324028419082105,5.82136978298211,0.00018757365324155816,0.00015495214832998282,4.077688113946916e-06,13,1,5.3009945481309916e-05,93.98469757410447,/home/derp/cap/pc_cap/results/R1/stage4_sealed_cells/R1_nonlearned-zsre-2-104-8b8ed1743186bfe4779f/attempt-0000,113445,893,34,35,46,38,1
v0_stable,counterfact,2,100,1000,own_capoff,245237,0.0,0.0,0.0,0.0,0.0,0.0,,245237,,0.0,/home/derp/cap/pc_cap/results/R1/stage4_sealed_cells/v0_stable-counterfact-2-100-0e918f223cd58b2e4c22/attempt-0000,0,0,0,1,0,0,0
R1_learned_ff,zsre,0,101,1000,own_capoff,245237,0.0024502257170824966,0.25880624104739064,9.262267463622692,0.0016106868050090322,0.0008033045584475426,8.563145039288525e-05,69,1,0.00028136047986233723,634.68866135739,/home/derp/cap/pc_cap/results/R1/stage4_sealed_cells/R1_learned_ff-zsre-0-101-427c92cab81ce3072f7e/attempt-0000,109263,860,43,44,395,197,21
S1_LM,counterfact,0,104,1000,own_capoff,245237,0.0,0.0,0.0,0.0,0.0,0.0,,245237,,0.0,/home/derp/cap/pc_cap/results/R1/stage4_sealed_cells/S1_LM-counterfact-0-104-e332a4795d979f9e266a/attempt-0000,0,0,0,1,0,0,0
v0_live_C1,counterfact,1,103,1000,own_capoff,245237,0.0,0.0,0.0,0.0,0.0,0.0,,245237,,0.0,/home/derp/cap/pc_cap/results/R1/stage4_sealed_cells/v0_live_C1-counterfact-1-103-48e8260183b850aded36/attempt-0000,0,0,0,1,0,0,0
v0_stable,mquake,2,102,300,own_capoff,245237,0.0,0.0,0.0,0.0,0.0,0.0,,245237,,0.0,/home/derp/cap/pc_cap/results/R1/stage4_sealed_cells/v0_stable-mquake-2-102-fb88c34eef7d66128f8d/attempt-0000,0,0,0,1,0,0,0
v0_stable,counterfact,2,101,1000,own_capoff,245237,0.0,0.0,0.0,0.0,0.0,0.0,,245237,,0.0,/home/derp/cap/pc_cap/results/R1/stage4_sealed_cells/v0_stable-counterfact-2-101-f41c64571f0766912909/attempt-0000,0,0,0,1,0,0,0
R1_nonlearned,counterfact,1,104,1000,own_capoff,245237,0.08823741174386562,6.145143818789618,17.451521585492255,0.023418162838397143,0.02028649836688591,0.0070421673727863255,1552,1,0.006328571952845615,21814.394611191616,/home/derp/cap/pc_cap/results/R1/stage4_sealed_cells/R1_nonlearned-counterfact-1-104-ec16ee835582aacf10a9/attempt-0000,91581,721,14,15,5743,4975,1727
R1_nonlearned,counterfact,0,102,1000,own_capoff,245237,0.05952630359046135,5.023364038385823,20.283374764778678,0.018043769904215107,0.014765308660601785,0.004102154242630598,1077,1,0.0043916700987208296,14753.162572071138,/home/derp/cap/pc_cap/results/R1/stage4_sealed_cells/R1_nonlearned-counterfact-0-102-1bf7623184ff796a054c/attempt-0000,61343,483,2,3,4425,3621,1006
R1_learned_ff,zsre,0,102,1000,own_capoff,245237,0.0024502257170824966,0.25880624104739064,9.262267463622692,0.0016106868050090322,0.0008033045584475426,8.563145039288525e-05,69,1,0.00028136047986233723,634.68866135739,/home/derp/cap/pc_cap/results/R1/stage4_sealed_cells/R1_learned_ff-zsre-0-102-f4894b3d9d75edc37fd6/attempt-0000,109263,860,43,44,395,197,21
v0_stable,mquake,1,100,300,own_capoff,245237,0.0,0.0,0.0,0.0,0.0,0.0,,245237,,0.0,/home/derp/cap/pc_cap/results/R1/stage4_sealed_cells/v0_stable-mquake-1-100-966f7630d0c883f0d069/attempt-0000,0,0,0,1,0,0,0
v0_stable,zsre,0,104,1000,own_capoff,245237,0.0011674286545119987,0.13609338417707603,27.6841653955279,0.0008114599346754364,0.00022427284626708042,6.116532170920375e-05,10,1,4.0776881139469166e-05,333.75133255433616,/home/derp/cap/pc_cap/results/R1/stage4_sealed_cells/v0_stable-zsre-0-104-75bee09f41011fa2617e/attempt-0000,173499,1366,17,18,199,55,15
v0_live_C2,counterfact,1,101,1000,own_capoff,245237,0.0,0.0,0.0,0.0,0.0,0.0,,245237,,0.0,/home/derp/cap/pc_cap/results/R1/stage4_sealed_cells/v0_live_C2-counterfact-1-101-f85d3e7d23afb6bb3e1d/attempt-0000,0,0,0,1,0,0,0
v0_live_C1,counterfact,2,103,1000,own_capoff,245237,0.0,0.0,0.0,0.0,0.0,0.0,,245237,,0.0,/home/derp/cap/pc_cap/results/R1/stage4_sealed_cells/v0_live_C1-counterfact-2-103-dff980e9e4af4950b05d/attempt-0000,0,0,0,1,0,0,0
R1_learned_ff,counterfact,0,104,1000,own_capoff,245237,0.005849625817388068,0.6100700093423872,15.381804505753664,0.002980790011295196,0.0016800075029461297,0.00032621504911575333,123,1,0.0005015556380154707,1496.1173888109918,/home/derp/cap/pc_cap/results/R1/stage4_sealed_cells/R1_learned_ff-counterfact-0-104-25762854c557a6b16a59/attempt-0000,61242,482,28,29,731,412,80
R1_learned_ff,counterfact,0,101,1000,own_capoff,245237,0.005849625817388068,0.6100700093423872,15.381804505753664,0.002980790011295196,0.0016800075029461297,0.00032621504911575333,123,1,0.0005015556380154707,1496.1173888109918,/home/derp/cap/pc_cap/results/R1/stage4_sealed_cells/R1_learned_ff-counterfact-0-101-059e36e05d4232b4ed3b/attempt-0000,61242,482,28,29,731,412,80
R1_learned_ff,counterfact,1,102,1000,own_capoff,245237,0.00462080141133562,0.47987629167171597,11.365768313044663,0.0026341865216097083,0.0014557346566790492,0.00020796209381129276,114,1,0.0004648564449899485,1176.8342214069671,/home/derp/cap/pc_cap/results/R1/stage4_sealed_cells/R1_learned_ff-counterfact-1-102-94fc53a397efff2b27d5/attempt-0000,28252,222,58,59,646,357,51
v0_live_C1,counterfact,0,100,1000,own_capoff,245237,0.0,0.0,0.0,0.0,0.0,0.0,,245237,,0.0,/home/derp/cap/pc_cap/results/R1/stage4_sealed_cells/v0_live_C1-counterfact-0-100-df96b3e36d5da677244b/attempt-0000,0,0,0,1,0,0,0
S1_LM,zsre,0,101,1000,own_capoff,245237,0.0015518267121481344,0.1899245172746715,27.605460339074313,0.001561754547641669,0.0003139819847739126,9.378682662077908e-05,18,1,7.33983860510445e-05,465.7651884288865,/home/derp/cap/pc_cap/results/R1/stage4_sealed_cells/S1_LM-zsre-0-101-c0d6df989a34868f872e/attempt-0000,173499,1366,17,18,383,77,23
R1_learned_ff,mquake,2,101,300,own_capoff,245237,0.00413584786045882,0.42069364431359624,10.253230522864694,0.002295738408152114,0.0013904916468558985,0.00013048601964630132,114,1,0.0004648564449899485,1031.696472505335,/home/derp/cap/pc_cap/results/R1/stage4_sealed_cells/R1_learned_ff-mquake-2-101-a4f394a376c85c13d0f2/attempt-0000,202084,1591,27,28,563,341,32
v0_live_C2,counterfact,0,104,1000,own_capoff,245237,0.0,0.0,0.0,0.0,0.0,0.0,,245237,,0.0,/home/derp/cap/pc_cap/results/R1/stage4_sealed_cells/v0_live_C2-counterfact-0-104-a20b02dcdd633db6443d/attempt-0000,0,0,0,1,0,0,0
v0_live_C2,zsre,1,104,1000,own_capoff,245237,0.0020251026960276283,0.2034530775866619,40.96674275506942,0.00010601989096261983,8.563145039288525e-05,8.155376227893833e-05,8,1,3.262150491157533e-05,498.9422238812025,/home/derp/cap/pc_cap/results/R1/stage4_sealed_cells/v0_live_C2-zsre-1-104-72f3a834e11cb04c2b95/attempt-0000,4322,34,4,5,26,21,20
v0_live_C2,zsre,1,101,1000,own_capoff,245237,0.005639441293011717,0.5674082265665656,41.21846693515233,0.000244661286836815,0.00022427284626708042,0.00022427284626708042,20,1,8.155376227893833e-05,1391.4949125850499,/home/derp/cap/pc_cap/results/R1/stage4_sealed_cells/v0_live_C2-zsre-1-101-e40727e9003f2403f753/attempt-0000,237885,1873,14,15,60,55,55
v0_stable,mquake,2,103,300,own_capoff,245237,0.0,0.0,0.0,0.0,0.0,0.0,,245237,,0.0,/home/derp/cap/pc_cap/results/R1/stage4_sealed_cells/v0_stable-mquake-2-103-6ba320375436444ff82a/attempt-0000,0,0,0,1,0,0,0
S1_LM,counterfact,1,100,1000,own_capoff,245237,0.0,0.0,0.0,0.0,0.0,0.0,,245237,,0.0,/home/derp/cap/pc_cap/results/R1/stage4_sealed_cells/S1_LM-counterfact-1-100-364c404b17943db90a5f/attempt-0000,0,0,0,1,0,0,0
v0_stable,zsre,2,103,1000,own_capoff,245237,0.0017725688937666679,0.20070178798377108,23.53842438171965,0.0009704897711193661,0.00038330268271101014,0.0001223306434184075,24,1,9.7864514734726e-05,492.19504379776106,/home/derp/cap/pc_cap/results/R1/stage4_sealed_cells/v0_stable-zsre-2-103-05ec5c918d81ab75452a/attempt-0000,220350,1735,5,6,238,94,30
matched_update,zsre,2,100,1000,own_capoff,245237,0.0019178877965052251,0.2154650001487585,17.08498920299334,0.0011213642313354021,0.0004974779499015238,0.00011825295530446058,28,1,0.00011417526719051366,528.3999024148113,/home/derp/cap/pc_cap/results/R1/stage4_sealed_cells/matched_update-zsre-2-100-74df1996f72b36269067/attempt-0000,113302,892,18,19,275,122,29
R1_nonlearned,mquake,2,100,300,own_capoff,245237,0.012170898016140904,1.230438943288985,14.87381976477378,0.00407361042583297,0.003364092694006206,0.0006565077863454536,253,1,0.00103165509282857,3017.4915513536107,/home/derp/cap/pc_cap/results/R1/stage4_sealed_cells/R1_nonlearned-mquake-2-100-d9f8e55c88a992462612/attempt-0000,127024,1000,24,25,999,825,161
R1_learned_ff,zsre,0,104,1000,own_capoff,245237,0.0024502257170824966,0.25880624104739064,9.262267463622692,0.0016106868050090322,0.0008033045584475426,8.563145039288525e-05,69,1,0.00028136047986233723,634.68866135739,/home/derp/cap/pc_cap/results/R1/stage4_sealed_cells/R1_learned_ff-zsre-0-104-3aeaf286f800d2e8763a/attempt-0000,109263,860,43,44,395,197,21
S1_LM,zsre,1,102,1000,own_capoff,245237,0.002121103937618789,0.24034503581241387,26.293760208789756,0.0011335972956772427,0.00039961343516679783,0.0001712629007857705,24,1,9.7864514734726e-05,589.41495547529,/home/derp/cap/pc_cap/results/R1/stage4_sealed_cells/S1_LM-zsre-1-102-f90313963bc8e6089baf/attempt-0000,63899,503,18,19,278,98,42
v0_stable,zsre,2,102,1000,own_capoff,245237,0.001399796740828729,0.16613229014896286,23.53842438171965,0.0009174798256380562,0.0003873803708249571,8.563145039288525e-05,21,1,8.563145039288525e-05,407.41784439261244,/home/derp/cap/pc_cap/results/R1/stage4_sealed_cells/v0_stable-zsre-2-102-449901d29ef0807030d6/attempt-0000,220350,1735,5,6,225,95,21
matched_update,counterfact,2,104,1000,own_capoff,245237,0.0,0.0,0.0,0.0,0.0,0.0,,245237,,0.0,/home/derp/cap/pc_cap/results/R1/stage4_sealed_cells/matched_update-counterfact-2-104-061a55aaff3a3814898e/attempt-0000,0,0,0,1,0,0,0
v0_stable,mquake,0,101,300,own_capoff,245237,0.0,0.0,0.0,0.0,0.0,0.0,,245237,,0.0,/home/derp/cap/pc_cap/results/R1/stage4_sealed_cells/v0_stable-mquake-0-101-d875ed427059625111d5/attempt-0000,0,0,0,1,0,0,0
S1_LM,zsre,2,100,1000,own_capoff,245237,0.001788641678823771,0.204869481314627,19.36200994392746,0.0010683542858540922,0.00045670106876205465,0.0001223306434184075,26,1,0.00010601989096261983,502.4157698915524,/home/derp/cap/pc_cap/results/R1/stage4_sealed_cells/S1_LM-zsre-2-100-13867512b1f838b02df5/attempt-0000,113302,892,18,19,262,112,30
R1_nonlearned,counterfact,1,100,1000,own_capoff,245237,0.08823741174386562,6.145143818789618,17.451521585492255,0.023418162838397143,0.02028649836688591,0.0070421673727863255,1552,1,0.006328571952845615,21814.394611191616,/home/derp/cap/pc_cap/results/R1/stage4_sealed_cells/R1_nonlearned-counterfact-1-100-c843c6c227c7e1bae136/attempt-0000,91581,721,14,15,5743,4975,1727
R1_nonlearned,mquake,1,103,300,own_capoff,245237,0.012087146884670967,1.2239674807271599,12.77094634013092,0.004049144297149288,0.0033355488772085777,0.0007013623555988697,258,1,0.0010520435333983046,3001.621130710868,/home/derp/cap/pc_cap/results/R1/stage4_sealed_cells/R1_nonlearned-mquake-1-103-af4470cc22613dd49c4f/attempt-0000,186439,1468,3,4,993,818,172
matched_update,zsre,1,100,1000,own_capoff,245237,0.001457734595603114,0.17012225184960098,18.442861488253662,0.0008685475682706932,0.00032621504911575333,8.563145039288525e-05,19,1,7.747607416499141e-05,417.2027067684063,/home/derp/cap/pc_cap/results/R1/stage4_sealed_cells/matched_update-zsre-1-100-add412baa334787db101/attempt-0000,67696,533,5,6,213,80,21
v0_live_C1,zsre,0,101,1000,own_capoff,245237,0.0012598338127933026,0.1415691271320212,27.6841653955279,0.0006157309052059844,0.00021203978192523967,7.747607416499141e-05,10,1,4.0776881139469166e-05,347.17988030475505,/home/derp/cap/pc_cap/results/R1/stage4_sealed_cells/v0_live_C1-zsre-0-101-983209e3fe1fc97436b8/attempt-0000,173499,1366,17,18,151,52,19
matched_update,zsre,0,104,1000,own_capoff,245237,0.0011412648755114553,0.1354735367264322,24.61122466032678,0.0008155376227893833,0.00024058359872286807,7.33983860510445e-05,14,1,5.708763359525683e-05,332.23123726180086,/home/derp/cap/pc_cap/results/R1/stage4_sealed_cells/matched_update-zsre-0-104-3eba3c7e25b96169133f/attempt-0000,35969,283,28,29,200,59,18
v0_stable,zsre,0,103,1000,own_capoff,245237,0.001206137054602848,0.14433038778853308,27.6841653955279,0.0009827228354612068,0.00023650591060892117,6.116532170920375e-05,12,1,4.8932257367363e-05,353.95151310096514,/home/derp/cap/pc_cap/results/R1/stage4_sealed_cells/v0_stable-zsre-0-103-b873b45fa5cc1c519b92/attempt-0000,173499,1366,17,18,241,58,15
R1_learned_ff,zsre,1,103,1000,own_capoff,245237,0.0025530208561313976,0.2663146735358172,8.953987570983772,0.0016392306218066604,0.0008155376227893833,0.00010194220284867291,70,1,0.00028543816797628414,653.1021159390327,/home/derp/cap/pc_cap/results/R1/stage4_sealed_cells/R1_learned_ff-zsre-1-103-ef0951bec6dcff8a54bd/attempt-0000,113298,892,14,15,402,200,25
matched_update,counterfact,1,102,1000,own_capoff,245237,0.0,0.0,0.0,0.0,0.0,0.0,,245237,,0.0,/home/derp/cap/pc_cap/results/R1/stage4_sealed_cells/matched_update-counterfact-1-102-309ede1c9020d738a8be/attempt-0000,0,0,0,1,0,0,0
v0_live_C1,counterfact,2,102,1000,own_capoff,245237,0.0,0.0,0.0,0.0,0.0,0.0,,245237,,0.0,/home/derp/cap/pc_cap/results/R1/stage4_sealed_cells/v0_live_C1-counterfact-2-102-7251b7d1c5a818ffe316/attempt-0000,0,0,0,1,0,0,0
R1_nonlearned,counterfact,1,102,1000,own_capoff,245237,0.08823741174386562,6.145143818789618,17.451521585492255,0.023418162838397143,0.02028649836688591,0.0070421673727863255,1552,1,0.006328571952845615,21814.394611191616,/home/derp/cap/pc_cap/results/R1/stage4_sealed_cells/R1_nonlearned-counterfact-1-102-07b6aa13a36d2e1af6fa/attempt-0000,91581,721,14,15,5743,4975,1727
R1_nonlearned,counterfact,2,103,1000,own_capoff,245237,0.06412106305565372,5.19268175146298,16.299413709741568,0.019886884931719112,0.01609463498574848,0.004514000742139237,1149,1,0.004685263642925007,15887.433959584812,/home/derp/cap/pc_cap/results/R1/stage4_sealed_cells/R1_nonlearned-counterfact-2-103-7eff40851ecaa8eb8896/attempt-0000,15527,122,33,34,4877,3947,1107
S1_literal,zsre,0,100,1000,own_capoff,245237,0.0008516884290398708,0.10626202359455686,25.844951071275425,0.0007992268703335957,0.00024058359872286807,4.8932257367363e-05,15,1,6.116532170920375e-05,260.59379880258365,/home/derp/cap/pc_cap/results/R1/stage4_sealed_cells/S1_literal-zsre-0-100-239bf176810d6ebb5eae/attempt-0000,35969,283,28,29,196,59,12
v0_live_C2,zsre,0,104,1000,own_capoff,245237,0.0025505369199699916,0.2573349398794334,38.75530196121102,0.00017941827701366432,0.00016310752455787666,0.000146796772102089,12,1,4.8932257367363e-05,631.0804865121266,/home/derp/cap/pc_cap/results/R1/stage4_sealed_cells/v0_live_C2-zsre-0-104-53aab2f3c59953cd8f0b/attempt-0000,35969,283,28,29,44,40,36
R1_learned_ff,mquake,0,104,300,own_capoff,245237,0.007146157978726168,0.7306357017104766,13.144280378335093,0.003620987045184862,0.002238650774556857,0.00025689435117865573,185,1,0.0007543723010801796,1791.7890758037229,/home/derp/cap/pc_cap/results/R1/stage4_sealed_cells/R1_learned_ff-mquake-0-104-449a8e369e1f96147c33/attempt-0000,213823,1683,82,83,888,549,63
v0_live_C1,zsre,2,102,1000,own_capoff,245237,0.0012093040949359526,0.1461081826310993,15.272623922218251,0.0008644698801567463,0.00038330268271101014,7.747607416499141e-05,26,1,0.00010601989096261983,358.3113238390293,/home/derp/cap/pc_cap/results/R1/stage4_sealed_cells/v0_live_C1-zsre-2-102-71e4786d707216fd3316/attempt-0000,169324,1333,33,34,212,94,19
R1_learned_ff,zsre,1,104,1000,own_capoff,245237,0.0025530208561313976,0.2663146735358172,8.953987570983772,0.0016392306218066604,0.0008155376227893833,0.00010194220284867291,70,1,0.00028543816797628414,653.1021159390327,/home/derp/cap/pc_cap/results/R1/stage4_sealed_cells/R1_learned_ff-zsre-1-104-fba9c542a8137385129d/attempt-0000,113298,892,14,15,402,200,25
v0_stable,counterfact,0,101,1000,own_capoff,245237,0.0,0.0,0.0,0.0,0.0,0.0,,245237,,0.0,/home/derp/cap/pc_cap/results/R1/stage4_sealed_cells/v0_stable-counterfact-0-101-6ab16c625f5954c234c2/attempt-0000,0,0,0,1,0,0,0
matched_update,zsre,2,102,1000,own_capoff,245237,0.0015237110807804367,0.17774106306570228,21.05434315832099,0.0009827228354612068,0.0003955357470528509,9.378682662077908e-05,22,1,8.970913850683216e-05,435.8868508304366,/home/derp/cap/pc_cap/results/R1/stage4_sealed_cells/matched_update-zsre-2-102-a85cec905955b442e1b9/attempt-0000,220350,1735,5,6,241,97,23
R1_learned_ff,mquake,1,103,300,own_capoff,245237,0.0069390172955069275,0.7100949173662303,17.060533069655875,0.003482345649310667,0.0021937962053034414,0.0002895158560902311,171,1,0.0006972846674849227,1741.4154725014237,/home/derp/cap/pc_cap/results/R1/stage4_sealed_cells/R1_learned_ff-mquake-1-103-44dfc76dd3301203c30e/attempt-0000,201706,1588,30,31,854,538,71
v0_stable,zsre,0,101,1000,own_capoff,245237,0.0015523107581326232,0.18985068675451516,27.6841653955279,0.001561754547641669,0.0003180596728878595,9.378682662077908e-05,18,1,7.33983860510445e-05,465.58412867617074,/home/derp/cap/pc_cap/results/R1/stage4_sealed_cells/v0_stable-zsre-0-101-4d218995e05a8c3ebbf4/attempt-0000,173499,1366,17,18,383,78,23
matched_update,counterfact,1,100,1000,own_capoff,245237,0.0,0.0,0.0,0.0,0.0,0.0,,245237,,0.0,/home/derp/cap/pc_cap/results/R1/stage4_sealed_cells/matched_update-counterfact-1-100-a45b77e067974fc47ecc/attempt-0000,0,0,0,1,0,0,0
matched_update,counterfact,2,101,1000,own_capoff,245237,0.0,0.0,0.0,0.0,0.0,0.0,,245237,,0.0,/home/derp/cap/pc_cap/results/R1/stage4_sealed_cells/matched_update-counterfact-2-101-8d27288a0d01758a2d2e/attempt-0000,0,0,0,1,0,0,0
v0_stable,counterfact,0,100,1000,own_capoff,245237,0.0,0.0,0.0,0.0,0.0,0.0,,245237,,0.0,/home/derp/cap/pc_cap/results/R1/stage4_sealed_cells/v0_stable-counterfact-0-100-87eb11280523597f4c1a/attempt-0000,0,0,0,1,0,0,0
v0_live_C1,zsre,0,103,1000,own_capoff,245237,0.002038853741065816,0.22627562032069015,27.6841653955279,0.0011376749837911898,0.0004159241876225855,0.00010601989096261983,26,1,0.00010601989096261983,554.9115430058514,/home/derp/cap/pc_cap/results/R1/stage4_sealed_cells/v0_live_C1-zsre-0-103-373d22782fbec392c593/attempt-0000,173499,1366,17,18,279,102,26
matched_update,counterfact,0,102,1000,own_capoff,245237,0.0,0.0,0.0,0.0,0.0,0.0,,245237,,0.0,/home/derp/cap/pc_cap/results/R1/stage4_sealed_cells/matched_update-counterfact-0-102-ec2ee1bf840958e430f2/attempt-0000,0,0,0,1,0,0,0
S1_LM,counterfact,1,101,1000,own_capoff,245237,0.0,0.0,0.0,0.0,0.0,0.0,,245237,,0.0,/home/derp/cap/pc_cap/results/R1/stage4_sealed_cells/S1_LM-counterfact-1-101-50da53adafbf6072e973/attempt-0000,0,0,0,1,0,0,0
v0_live_C2,zsre,0,100,1000,own_capoff,245237,0.0026371393195856415,0.2669490473155224,38.75530196121102,0.00019165134135550507,0.000146796772102089,0.00013048601964630132,12,1,4.8932257367363e-05,654.6578351651682,/home/derp/cap/pc_cap/results/R1/stage4_sealed_cells/v0_live_C2-zsre-0-100-490641443d1f823062b6/attempt-0000,35969,283,28,29,47,36,32
R1_nonlearned,mquake,0,101,300,own_capoff,245237,0.012047224059888832,1.2190759071328507,15.07216313229306,0.004142931123770067,0.0033722480702341002,0.0007013623555988697,254,1,0.0010357327809425167,2989.625182375392,/home/derp/cap/pc_cap/results/R1/stage4_sealed_cells/R1_nonlearned-mquake-0-101-54db87b12fa5834c3ce5/attempt-0000,90176,710,6,7,1016,827,172
R1_nonlearned,zsre,0,101,1000,own_capoff,245237,0.0003165613036146974,0.03246325343404385,5.660833539088998,0.00021611747003918657,0.00011417526719051366,4.077688113946916e-06,12,1,4.8932257367363e-05,79.61190882404618,/home/derp/cap/pc_cap/results/R1/stage4_sealed_cells/R1_nonlearned-zsre-0-101-f0d78d4eba54df07db3e/attempt-0000,113445,893,34,35,53,28,1
S1_LM,counterfact,2,102,1000,own_capoff,245237,0.0,0.0,0.0,0.0,0.0,0.0,,245237,,0.0,/home/derp/cap/pc_cap/results/R1/stage4_sealed_cells/S1_LM-counterfact-2-102-08ac4c587f525a0ce401/attempt-0000,0,0,0,1,0,0,0
R1_nonlearned,mquake,0,103,300,own_capoff,245237,0.012047224059888832,1.2190759071328507,15.07216313229306,0.004142931123770067,0.0033722480702341002,0.0007013623555988697,254,1,0.0010357327809425167,2989.625182375392,/home/derp/cap/pc_cap/results/R1/stage4_sealed_cells/R1_nonlearned-mquake-0-103-f8533f2c29240890fc89/attempt-0000,90176,710,6,7,1016,827,172
R1_nonlearned,mquake,2,103,300,own_capoff,245237,0.012170898016140904,1.230438943288985,14.87381976477378,0.00407361042583297,0.003364092694006206,0.0006565077863454536,253,1,0.00103165509282857,3017.4915513536107,/home/derp/cap/pc_cap/results/R1/stage4_sealed_cells/R1_nonlearned-mquake-2-103-3619e7b8cf54c689ab53/attempt-0000,127024,1000,24,25,999,825,161
v0_live_C2,counterfact,0,102,1000,own_capoff,245237,0.0,0.0,0.0,0.0,0.0,0.0,,245237,,0.0,/home/derp/cap/pc_cap/results/R1/stage4_sealed_cells/v0_live_C2-counterfact-0-102-cf9c51aef2f1bb4b12af/attempt-0000,0,0,0,1,0,0,0
matched_update,zsre,0,102,1000,own_capoff,245237,0.0007135646411977112,0.09148265028301948,24.61122466032678,0.0008930136969543748,0.00023242822249497426,2.8543816797628415e-05,22,1,8.970913850683216e-05,224.34930707456869,/home/derp/cap/pc_cap/results/R1/stage4_sealed_cells/matched_update-zsre-0-102-578d71e08c4768aa7ad2/attempt-0000,35969,283,28,29,219,57,7
R1_learned_ff,mquake,0,101,300,own_capoff,245237,0.007146157978726168,0.7306357017104766,13.144280378335093,0.003620987045184862,0.002238650774556857,0.00025689435117865573,185,1,0.0007543723010801796,1791.7890758037229,/home/derp/cap/pc_cap/results/R1/stage4_sealed_cells/R1_learned_ff-mquake-0-101-e2d05a85fb85e63e25b9/attempt-0000,213823,1683,82,83,888,549,63
R1_learned_ff,zsre,2,102,1000,own_capoff,245237,0.0024543228367322413,0.2543246590535407,11.047746870391336,0.0015332107308440406,0.0007706830535359672,6.932069793709758e-05,67,1,0.0002732051036344434,623.6981641231321,/home/derp/cap/pc_cap/results/R1/stage4_sealed_cells/R1_learned_ff-zsre-2-102-1cfdf4f955e07b8fea05/attempt-0000,206169,1623,48,49,376,189,17
v0_stable,mquake,0,100,300,own_capoff,245237,0.0,0.0,0.0,0.0,0.0,0.0,,245237,,0.0,/home/derp/cap/pc_cap/results/R1/stage4_sealed_cells/v0_stable-mquake-0-100-992520d17eaa54f5778b/attempt-0000,0,0,0,1,0,0,0
R1_nonlearned,counterfact,1,101,1000,own_capoff,245237,0.08823741174386562,6.145143818789618,17.451521585492255,0.023418162838397143,0.02028649836688591,0.0070421673727863255,1552,1,0.006328571952845615,21814.394611191616,/home/derp/cap/pc_cap/results/R1/stage4_sealed_cells/R1_nonlearned-counterfact-1-101-fa5b4a1fea773605c7ce/attempt-0000,91581,721,14,15,5743,4975,1727
matched_update,counterfact,0,103,1000,own_capoff,245237,0.0,0.0,0.0,0.0,0.0,0.0,,245237,,0.0,/home/derp/cap/pc_cap/results/R1/stage4_sealed_cells/matched_update-counterfact-0-103-86f5125de84e80d5f327/attempt-0000,0,0,0,1,0,0,0
v0_stable,mquake,1,102,300,own_capoff,245237,0.0,0.0,0.0,0.0,0.0,0.0,,245237,,0.0,/home/derp/cap/pc_cap/results/R1/stage4_sealed_cells/v0_stable-mquake-1-102-51c16971466d91d91783/attempt-0000,0,0,0,1,0,0,0
matched_update,zsre,0,100,1000,own_capoff,245237,0.0008752921585111592,0.10940900046813605,24.61122466032678,0.0007502946129662327,0.00023650591060892117,6.524300982315066e-05,15,1,6.116532170920375e-05,268.31135047804304,/home/derp/cap/pc_cap/results/R1/stage4_sealed_cells/matched_update-zsre-0-100-3da71b1908a70b375d68/attempt-0000,35969,283,28,29,184,58,16
v0_stable,counterfact,2,104,1000,own_capoff,245237,0.0,0.0,0.0,0.0,0.0,0.0,,245237,,0.0,/home/derp/cap/pc_cap/results/R1/stage4_sealed_cells/v0_stable-counterfact-2-104-6ad5046f03c73bfbf8f2/attempt-0000,0,0,0,1,0,0,0
R1_nonlearned,zsre,1,103,1000,own_capoff,245237,0.0007165783003183672,0.07356954694645619,7.000992705172072,0.0003955357470528509,0.0002487389749507619,2.0388440569734583e-05,22,1,8.970913850683216e-05,180.41974984508096,/home/derp/cap/pc_cap/results/R1/stage4_sealed_cells/R1_nonlearned-zsre-1-103-86907d5aa70412e237a4/attempt-0000,113445,893,34,35,97,61,5
S1_LM,counterfact,1,103,1000,own_capoff,245237,0.0,0.0,0.0,0.0,0.0,0.0,,245237,,0.0,/home/derp/cap/pc_cap/results/R1/stage4_sealed_cells/S1_LM-counterfact-1-103-b5b6056e1ecc2e3414f8/attempt-0000,0,0,0,1,0,0,0
matched_update,counterfact,1,103,1000,own_capoff,245237,0.0,0.0,0.0,0.0,0.0,0.0,,245237,,0.0,/home/derp/cap/pc_cap/results/R1/stage4_sealed_cells/matched_update-counterfact-1-103-0752042b2bd33afa2d30/attempt-0000,0,0,0,1,0,0,0
v0_live_C1,counterfact,0,101,1000,own_capoff,245237,0.0,0.0,0.0,0.0,0.0,0.0,,245237,,0.0,/home/derp/cap/pc_cap/results/R1/stage4_sealed_cells/v0_live_C1-counterfact-0-101-abf73e3e389c201a88dd/attempt-0000,0,0,0,1,0,0,0
R1_learned_ff,counterfact,0,100,1000,own_capoff,245237,0.005849625817388068,0.6100700093423872,15.381804505753664,0.002980790011295196,0.0016800075029461297,0.00032621504911575333,123,1,0.0005015556380154707,1496.1173888109918,/home/derp/cap/pc_cap/results/R1/stage4_sealed_cells/R1_learned_ff-counterfact-0-100-3623c10c328fead334c9/attempt-0000,61242,482,28,29,731,412,80
v0_stable,counterfact,1,101,1000,own_capoff,245237,0.0,0.0,0.0,0.0,0.0,0.0,,245237,,0.0,/home/derp/cap/pc_cap/results/R1/stage4_sealed_cells/v0_stable-counterfact-1-101-879a698e162e26345b27/attempt-0000,0,0,0,1,0,0,0
v0_stable,mquake,2,100,300,own_capoff,245237,0.0,0.0,0.0,0.0,0.0,0.0,,245237,,0.0,/home/derp/cap/pc_cap/results/R1/stage4_sealed_cells/v0_stable-mquake-2-100-b0e0034e8d88d14ca2ae/attempt-0000,0,0,0,1,0,0,0
v0_live_C1,zsre,1,102,1000,own_capoff,245237,0.002731089113245546,0.2913437868344069,11.888105465324974,0.0010683542858540922,0.0006728185388012413,0.000195729029469452,56,1,0.00022835053438102732,714.482762519095,/home/derp/cap/pc_cap/results/R1/stage4_sealed_cells/v0_live_C1-zsre-1-102-63b87e3fec4cedc66e57/attempt-0000,31119,245,4,5,262,165,48
v0_live_C1,zsre,1,100,1000,own_capoff,245237,0.0030161642691347544,0.31738593647213253,10.425630117717981,0.0011662188005888182,0.0007706830535359672,0.00018757365324155816,68,1,0.0002772827917483903,778.3477490261644,/home/derp/cap/pc_cap/results/R1/stage4_sealed_cells/v0_live_C1-zsre-1-100-9dddc895ea2c8a3ea681/attempt-0000,58681,462,7,8,286,189,46
matched_update,zsre,0,103,1000,own_capoff,245237,0.001041931053479971,0.12813000946864644,24.61122466032678,0.0010153443403727823,0.00023242822249497426,5.3009945481309916e-05,14,1,5.708763359525683e-05,314.22219132062475,/home/derp/cap/pc_cap/results/R1/stage4_sealed_cells/matched_update-zsre-0-103-6054f1a250ed5bb6abf3/attempt-0000,35969,283,28,29,249,57,13
v0_live_C2,zsre,1,100,1000,own_capoff,245237,0.0026329751635250634,0.26368837423472236,41.21846693515233,0.00013864139587419516,0.00011417526719051366,0.00011009757907656675,10,1,4.0776881139469166e-05,646.6614583220066,/home/derp/cap/pc_cap/results/R1/stage4_sealed_cells/v0_live_C2-zsre-1-100-0d5f0612e890fa931398/attempt-0000,237885,1873,14,15,34,28,27
v0_live_C2,zsre,1,102,1000,own_capoff,245237,0.004731483469534842,0.47510496432895766,41.21846693515233,0.00024058359872286807,0.00019165134135550507,0.00018349596512761126,17,1,6.932069793709758e-05,1165.133161371407,/home/derp/cap/pc_cap/results/R1/stage4_sealed_cells/v0_live_C2-zsre-1-102-c120a7b5668e6051cfe1/attempt-0000,237885,1873,14,15,59,47,45
v0_stable,mquake,1,103,300,own_capoff,245237,0.0,0.0,0.0,0.0,0.0,0.0,,245237,,0.0,/home/derp/cap/pc_cap/results/R1/stage4_sealed_cells/v0_stable-mquake-1-103-1ea03bc11c1c999c14bf/attempt-0000,0,0,0,1,0,0,0
v0_live_C2,counterfact,1,103,1000,own_capoff,245237,0.0,0.0,0.0,0.0,0.0,0.0,,245237,,0.0,/home/derp/cap/pc_cap/results/R1/stage4_sealed_cells/v0_live_C2-counterfact-1-103-6afd245fe57af9f39d3c/attempt-0000,0,0,0,1,0,0,0
S1_LM,zsre,1,104,1000,own_capoff,245237,0.0014983087576289683,0.16970368086681287,26.293760208789756,0.0009134021375241093,0.000293593544204178,8.563145039288525e-05,16,1,6.524300982315066e-05,416.17621584734627,/home/derp/cap/pc_cap/results/R1/stage4_sealed_cells/S1_LM-zsre-1-104-c630477e9b6ac784f404/attempt-0000,63899,503,18,19,224,72,21
S1_LM,counterfact,0,103,1000,own_capoff,245237,0.0,0.0,0.0,0.0,0.0,0.0,,245237,,0.0,/home/derp/cap/pc_cap/results/R1/stage4_sealed_cells/S1_LM-counterfact-0-103-4da996455107345962dc/attempt-0000,0,0,0,1,0,0,0
S1_LM,zsre,0,104,1000,own_capoff,245237,0.0012015996879340342,0.14003241933807162,27.605460339074313,0.0008236929990172772,0.00022835053438102732,6.524300982315066e-05,10,1,4.0776881139469166e-05,343.41130421210704,/home/derp/cap/pc_cap/results/R1/stage4_sealed_cells/S1_LM-zsre-0-104-08c0f31aca05635c9093/attempt-0000,173499,1366,17,18,202,56,16
v0_stable,counterfact,0,104,1000,own_capoff,245237,0.0,0.0,0.0,0.0,0.0,0.0,,245237,,0.0,/home/derp/cap/pc_cap/results/R1/stage4_sealed_cells/v0_stable-counterfact-0-104-3d3a0350b1143101afaa/attempt-0000,0,0,0,1,0,0,0
v0_live_C2,zsre,0,102,1000,own_capoff,245237,0.0021193084348522418,0.21197130502191652,38.75530196121102,0.00016310752455787666,0.0001508744602160359,0.00013048601964630132,10,1,4.0776881139469166e-05,519.8320692965979,/home/derp/cap/pc_cap/results/R1/stage4_sealed_cells/v0_live_C2-zsre-0-102-94a09380a1511df16d86/attempt-0000,35969,283,28,29,40,37,32
R1_nonlearned,counterfact,2,104,1000,own_capoff,245237,0.06412106305565372,5.19268175146298,16.299413709741568,0.019886884931719112,0.01609463498574848,0.004514000742139237,1149,1,0.004685263642925007,15887.433959584812,/home/derp/cap/pc_cap/results/R1/stage4_sealed_cells/R1_nonlearned-counterfact-2-104-421a2c7a7270e7c7521b/attempt-0000,15527,122,33,34,4877,3947,1107
v0_stable,zsre,2,100,1000,own_capoff,245237,0.001778430359773256,0.20486345291998284,19.33857784274852,0.0010561212215122514,0.00045262338064810774,0.00011825295530446058,26,1,0.00010601989096261983,502.4009860373788,/home/derp/cap/pc_cap/results/R1/stage4_sealed_cells/v0_stable-zsre-2-100-fb1af2875c3bc9839cba/attempt-0000,113302,892,18,19,259,111,29
R1_nonlearned,mquake,0,100,300,own_capoff,245237,0.012047224059888832,1.2190759071328507,15.07216313229306,0.004142931123770067,0.0033722480702341002,0.0007013623555988697,254,1,0.0010357327809425167,2989.625182375392,/home/derp/cap/pc_cap/results/R1/stage4_sealed_cells/R1_nonlearned-mquake-0-100-e78bb304fee39a8a37b4/attempt-0000,90176,710,6,7,1016,827,172
R1_nonlearned,counterfact,0,104,1000,own_capoff,245237,0.05952630359046135,5.023364038385823,20.283374764778678,0.018043769904215107,0.014765308660601785,0.004102154242630598,1077,1,0.0043916700987208296,14753.162572071138,/home/derp/cap/pc_cap/results/R1/stage4_sealed_cells/R1_nonlearned-counterfact-0-104-94733252edb6f67514a7/attempt-0000,61343,483,2,3,4425,3621,1006
R1_nonlearned,zsre,0,104,1000,own_capoff,245237,0.0003165613036146974,0.03246325343404385,5.660833539088998,0.00021611747003918657,0.00011417526719051366,4.077688113946916e-06,12,1,4.8932257367363e-05,79.61190882404618,/home/derp/cap/pc_cap/results/R1/stage4_sealed_cells/R1_nonlearned-zsre-0-104-4feca046caad9757106e/attempt-0000,113445,893,34,35,53,28,1
R1_learned_ff,mquake,2,102,300,own_capoff,245237,0.00413584786045882,0.42069364431359624,10.253230522864694,0.002295738408152114,0.0013904916468558985,0.00013048601964630132,114,1,0.0004648564449899485,1031.696472505335,/home/derp/cap/pc_cap/results/R1/stage4_sealed_cells/R1_learned_ff-mquake-2-102-f522547db090de16dbf8/attempt-0000,202084,1591,27,28,563,341,32
v0_stable,counterfact,1,103,1000,own_capoff,245237,0.0,0.0,0.0,0.0,0.0,0.0,,245237,,0.0,/home/derp/cap/pc_cap/results/R1/stage4_sealed_cells/v0_stable-counterfact-1-103-78ea6845a7e6ebef4272/attempt-0000,0,0,0,1,0,0,0
v0_stable,mquake,1,101,300,own_capoff,245237,0.0,0.0,0.0,0.0,0.0,0.0,,245237,,0.0,/home/derp/cap/pc_cap/results/R1/stage4_sealed_cells/v0_stable-mquake-1-101-30f9af1194ffbd6a9ed9/attempt-0000,0,0,0,1,0,0,0
v0_stable,counterfact,1,102,1000,own_capoff,245237,0.0,0.0,0.0,0.0,0.0,0.0,,245237,,0.0,/home/derp/cap/pc_cap/results/R1/stage4_sealed_cells/v0_stable-counterfact-1-102-dbd68108593a7cb60fab/attempt-0000,0,0,0,1,0,0,0
v0_live_C1,zsre,2,104,1000,own_capoff,245237,0.002025057122802192,0.22401895372691477,19.640342582399008,0.0009623343948914723,0.00048116719744573615,0.00015902983644392976,36,1,0.000146796772102089,549.3773615512744,/home/derp/cap/pc_cap/results/R1/stage4_sealed_cells/v0_live_C1-zsre-2-104-44bdc922befa01c9be2d/attempt-0000,113302,892,18,19,236,118,39
S1_LM,zsre,2,101,1000,own_capoff,245237,0.0017644219950161235,0.20468685446870907,23.532723928394866,0.0011499080481330306,0.0004444680044202139,9.7864514734726e-05,26,1,0.00010601989096261983,501.9679012934285,/home/derp/cap/pc_cap/results/R1/stage4_sealed_cells/S1_LM-zsre-2-101-b386a984fe217010a2ef/attempt-0000,220350,1735,5,6,282,109,24
v0_live_C2,counterfact,2,100,1000,own_capoff,245237,0.0,0.0,0.0,0.0,0.0,0.0,,245237,,0.0,/home/derp/cap/pc_cap/results/R1/stage4_sealed_cells/v0_live_C2-counterfact-2-100-58aa86bb3ad4c9fde4a4/attempt-0000,0,0,0,1,0,0,0
v0_live_C1,counterfact,2,104,1000,own_capoff,245237,0.0,0.0,0.0,0.0,0.0,0.0,,245237,,0.0,/home/derp/cap/pc_cap/results/R1/stage4_sealed_cells/v0_live_C1-counterfact-2-104-882e814d3e78511a038a/attempt-0000,0,0,0,1,0,0,0
matched_update,zsre,1,101,1000,own_capoff,245237,0.002970923608778706,0.3322173408800093,33.76696355841023,0.001855348091845847,0.0003873803708249571,0.00017941827701366432,23,1,9.378682662077908e-05,814.7198402539092,/home/derp/cap/pc_cap/results/R1/stage4_sealed_cells/matched_update-zsre-1-101-3d786f4a9f1564ba350f/attempt-0000,200156,1576,4,5,455,95,44
v0_live_C1,zsre,2,101,1000,own_capoff,245237,0.0019012004796153826,0.21760808348789512,19.640342582399008,0.0010438881571704106,0.0005015556380154707,0.0001223306434184075,35,1,0.00014271908398814207,533.6555357032099,/home/derp/cap/pc_cap/results/R1/stage4_sealed_cells/v0_live_C1-zsre-2-101-5573181d727868973358/attempt-0000,113302,892,18,19,256,123,30
v0_live_C1,counterfact,1,102,1000,own_capoff,245237,0.0,0.0,0.0,0.0,0.0,0.0,,245237,,0.0,/home/derp/cap/pc_cap/results/R1/stage4_sealed_cells/v0_live_C1-counterfact-1-102-d66a7eedb25bbbadd206/attempt-0000,0,0,0,1,0,0,0
v0_live_C1,zsre,1,104,1000,own_capoff,245237,0.003585992994464704,0.37430376074513916,13.009984283998573,0.0012396171866398626,0.0008400037514730648,0.00026097203929260264,71,1,0.0002895158560902311,917.9313137385578,/home/derp/cap/pc_cap/results/R1/stage4_sealed_cells/v0_live_C1-zsre-1-104-c95ca1a0ea74033315d1/attempt-0000,86241,679,8,9,304,206,64
S1_literal,zsre,0,101,1000,own_capoff,245237,0.0015651203704028537,0.19323799608851958,27.688297674748036,0.0015984537406671913,0.00033029273722970024,9.378682662077908e-05,19,1,7.747607416499141e-05,473.8910644676032,/home/derp/cap/pc_cap/results/R1/stage4_sealed_cells/S1_literal-zsre-0-101-c787fc5328218f870344/attempt-0000,173499,1366,17,18,392,81,23
R1_nonlearned,counterfact,0,101,1000,own_capoff,245237,0.05953122235103672,5.023364038385823,20.283374764778678,0.018047847592329053,0.014765308660601785,0.004102154242630598,1077,1,0.0043916700987208296,14753.330687859165,/home/derp/cap/pc_cap/results/R1/stage4_sealed_cells/R1_nonlearned-counterfact-0-101-f4f60100446de20f22bc/attempt-0000,61343,483,2,3,4426,3621,1006
v0_stable,mquake,1,104,300,own_capoff,245237,0.0,0.0,0.0,0.0,0.0,0.0,,245237,,0.0,/home/derp/cap/pc_cap/results/R1/stage4_sealed_cells/v0_stable-mquake-1-104-814e7ec9e59526eede95/attempt-0000,0,0,0,1,0,0,0
R1_learned_ff,mquake,1,102,300,own_capoff,245237,0.0069390172955069275,0.7100949173662303,17.060533069655875,0.003482345649310667,0.0021937962053034414,0.0002895158560902311,171,1,0.0006972846674849227,1741.4154725014237,/home/derp/cap/pc_cap/results/R1/stage4_sealed_cells/R1_learned_ff-mquake-1-102-5be6e9247bb2d3f89b01/attempt-0000,201706,1588,30,31,854,538,71
v0_live_C2,counterfact,1,104,1000,own_capoff,245237,0.0,0.0,0.0,0.0,0.0,0.0,,245237,,0.0,/home/derp/cap/pc_cap/results/R1/stage4_sealed_cells/v0_live_C2-counterfact-1-104-faa0bee03c055b4e46cc/attempt-0000,0,0,0,1,0,0,0
R1_nonlearned,zsre,0,100,1000,own_capoff,245237,0.0003165613036146974,0.03246325343404385,5.660833539088998,0.00021611747003918657,0.00011417526719051366,4.077688113946916e-06,12,1,4.8932257367363e-05,79.61190882404618,/home/derp/cap/pc_cap/results/R1/stage4_sealed_cells/R1_nonlearned-zsre-0-100-192e79d8dd13ede5adce/attempt-0000,113445,893,34,35,53,28,1
S1_LM,zsre,0,103,1000,own_capoff,245237,0.0012000097890580443,0.14441417928375544,27.605460339074313,0.0009868005235751539,0.00024058359872286807,6.116532170920375e-05,12,1,4.8932257367363e-05,354.1570008501036,/home/derp/cap/pc_cap/results/R1/stage4_sealed_cells/S1_LM-zsre-0-103-2f13371e9ef052049282/attempt-0000,173499,1366,17,18,242,59,15
v0_live_C1,counterfact,1,100,1000,own_capoff,245237,0.0,0.0,0.0,0.0,0.0,0.0,,245237,,0.0,/home/derp/cap/pc_cap/results/R1/stage4_sealed_cells/v0_live_C1-counterfact-1-100-4898806b2ae950c80816/attempt-0000,0,0,0,1,0,0,0
R1_nonlearned,counterfact,2,101,1000,own_capoff,245237,0.06412106305565372,5.19268175146298,16.299413709741568,0.019886884931719112,0.01609463498574848,0.004514000742139237,1149,1,0.004685263642925007,15887.433959584812,/home/derp/cap/pc_cap/results/R1/stage4_sealed_cells/R1_nonlearned-counterfact-2-101-7dea9c339f0e5506b492/attempt-0000,15527,122,33,34,4877,3947,1107
S1_LM,counterfact,2,101,1000,own_capoff,245237,0.0,0.0,0.0,0.0,0.0,0.0,,245237,,0.0,/home/derp/cap/pc_cap/results/R1/stage4_sealed_cells/S1_LM-counterfact-2-101-09a3bdee0f4fb7414d7a/attempt-0000,0,0,0,1,0,0,0
v0_live_C2,zsre,2,104,1000,own_capoff,245237,0.0030098934958128704,0.30178661721571154,50.59746635680729,0.0001508744602160359,0.00013048601964630132,0.0001223306434184075,10,1,4.0776881139469166e-05,740.0924464612951,/home/derp/cap/pc_cap/results/R1/stage4_sealed_cells/v0_live_C2-zsre-2-104-a8ed1560bf6b8949e03f/attempt-0000,220350,1735,5,6,37,32,30
R1_learned_ff,counterfact,2,100,1000,own_capoff,245237,0.0060233174282145205,0.6218914060096205,14.030780591144318,0.0033355488772085777,0.0018186488988203248,0.0002772827917483903,146,1,0.0005953424646362498,1525.1078273558146,/home/derp/cap/pc_cap/results/R1/stage4_sealed_cells/R1_learned_ff-counterfact-2-100-63ab19e8ac3999656b0b/attempt-0000,153586,1209,43,44,818,446,68
R1_nonlearned,zsre,2,103,1000,own_capoff,245237,0.0003765462884295844,0.038324028419082105,5.82136978298211,0.00018757365324155816,0.00015495214832998282,4.077688113946916e-06,13,1,5.3009945481309916e-05,93.98469757410447,/home/derp/cap/pc_cap/results/R1/stage4_sealed_cells/R1_nonlearned-zsre-2-103-f1b92a737ba1ab5fe2b3/attempt-0000,113445,893,34,35,46,38,1
R1_learned_ff,mquake,2,100,300,own_capoff,245237,0.00413584786045882,0.42069364431359624,10.253230522864694,0.002295738408152114,0.0013904916468558985,0.00013048601964630132,114,1,0.0004648564449899485,1031.696472505335,/home/derp/cap/pc_cap/results/R1/stage4_sealed_cells/R1_learned_ff-mquake-2-100-eda1023b046174d940c1/attempt-0000,202084,1591,27,28,563,341,32
R1_nonlearned,mquake,2,101,300,own_capoff,245237,0.012170898016140904,1.230438943288985,14.87381976477378,0.00407361042583297,0.003364092694006206,0.0006565077863454536,253,1,0.00103165509282857,3017.4915513536107,/home/derp/cap/pc_cap/results/R1/stage4_sealed_cells/R1_nonlearned-mquake-2-101-2f555b740c6f25bc6b17/attempt-0000,127024,1000,24,25,999,825,161
