cell_id,cell,block_number,status,missing_checkpoints
c897cd3d2a3b35bfe999e87e,"{""condition"":""matched_update"",""dataset"":""zsre"",""order"":100,""realization"":0}",4,missing_cell,"[100,300,1000]"
1689630f5ad581d9fcfc483e,"{""condition"":""matched_update"",""dataset"":""zsre"",""order"":101,""realization"":0}",4,missing_cell,"[100,300,1000]"
c1c03ed850a40df57da8628a,"{""condition"":""matched_update"",""dataset"":""zsre"",""order"":102,""realization"":0}",4,missing_cell,"[100,300,1000]"
d1690029ea53ae03b3705536,"{""condition"":""matched_update"",""dataset"":""zsre"",""order"":103,""realization"":0}",4,missing_cell,"[100,300,1000]"
a921f9ab5443f978e56d2390,"{""condition"":""matched_update"",""dataset"":""zsre"",""order"":104,""realization"":0}",4,missing_cell,"[100,300,1000]"
a86da75220343c5560c45373,"{""condition"":""matched_update"",""dataset"":""zsre"",""order"":100,""realization"":1}",4,missing_cell,"[100,300,1000]"
e7b52c6db370d10a5fd7d891,"{""condition"":""matched_update"",""dataset"":""zsre"",""order"":101,""realization"":1}",4,missing_cell,"[100,300,1000]"
735081421354eaafb893322d,"{""condition"":""matched_update"",""dataset"":""zsre"",""order"":102,""realization"":1}",4,missing_cell,"[100,300,1000]"
824f602358ace0fc5cb69271,"{""condition"":""matched_update"",""dataset"":""zsre"",""order"":103,""realization"":1}",4,missing_cell,"[100,300,1000]"
3bc2cef1ca9bab6e4a90e222,"{""condition"":""matched_update"",""dataset"":""zsre"",""order"":104,""realization"":1}",4,missing_cell,"[100,300,1000]"
9c3c7c258bf086523ea6268e,"{""condition"":""matched_update"",""dataset"":""zsre"",""order"":100,""realization"":2}",4,missing_cell,"[100,300,1000]"
58879f9745ed479686bd0481,"{""condition"":""matched_update"",""dataset"":""zsre"",""order"":101,""realization"":2}",4,missing_cell,"[100,300,1000]"
b6ea6d9e337e3bf6f2eca5d2,"{""condition"":""matched_update"",""dataset"":""zsre"",""order"":102,""realization"":2}",4,missing_cell,"[100,300,1000]"
16037ce355e4a2e9a43a2008,"{""condition"":""matched_update"",""dataset"":""zsre"",""order"":103,""realization"":2}",4,missing_cell,"[100,300,1000]"
4597af8473d8e404f1490c57,"{""condition"":""matched_update"",""dataset"":""zsre"",""order"":104,""realization"":2}",4,missing_cell,"[100,300,1000]"
7c933afa6e2adc84ccb287be,"{""condition"":""matched_update"",""dataset"":""counterfact"",""order"":100,""realization"":0}",4,missing_cell,"[100,300,1000]"
0998eeed741b887bdb8664af,"{""condition"":""matched_update"",""dataset"":""counterfact"",""order"":101,""realization"":0}",4,missing_cell,"[100,300,1000]"
bb4da95ca8ce5b0b8d3dbe35,"{""condition"":""matched_update"",""dataset"":""counterfact"",""order"":102,""realization"":0}",4,missing_cell,"[100,300,1000]"
c5f1daa35261cf950172dfa8,"{""condition"":""matched_update"",""dataset"":""counterfact"",""order"":103,""realization"":0}",4,missing_cell,"[100,300,1000]"
244f29ba9b89c48d08c257c7,"{""condition"":""matched_update"",""dataset"":""counterfact"",""order"":104,""realization"":0}",4,missing_cell,"[100,300,1000]"
b8924c056fee6d000f5492d1,"{""condition"":""matched_update"",""dataset"":""counterfact"",""order"":100,""realization"":1}",4,missing_cell,"[100,300,1000]"
4944219da107f9ed1daccef5,"{""condition"":""matched_update"",""dataset"":""counterfact"",""order"":101,""realization"":1}",4,missing_cell,"[100,300,1000]"
ac46789a7ebda9982aebd343,"{""condition"":""matched_update"",""dataset"":""counterfact"",""order"":102,""realization"":1}",4,missing_cell,"[100,300,1000]"
ccf4e4f1fca14a048eecd38f,"{""condition"":""matched_update"",""dataset"":""counterfact"",""order"":103,""realization"":1}",4,missing_cell,"[100,300,1000]"
6c9ac68dd90eb2d39d339b6a,"{""condition"":""matched_update"",""dataset"":""counterfact"",""order"":104,""realization"":1}",4,missing_cell,"[100,300,1000]"
672b5b4a7ea9b83b8668fbe2,"{""condition"":""matched_update"",""dataset"":""counterfact"",""order"":100,""realization"":2}",4,missing_cell,"[100,300,1000]"
b8f1ca491f4e29db862af920,"{""condition"":""matched_update"",""dataset"":""counterfact"",""order"":101,""realization"":2}",4,missing_cell,"[100,300,1000]"
5efb497774b3f4f9ad8e7f7d,"{""condition"":""matched_update"",""dataset"":""counterfact"",""order"":102,""realization"":2}",4,missing_cell,"[100,300,1000]"
47ee96bcecb134f64286c958,"{""condition"":""matched_update"",""dataset"":""counterfact"",""order"":103,""realization"":2}",4,missing_cell,"[100,300,1000]"
a18ee644e09c84652cc9582a,"{""condition"":""matched_update"",""dataset"":""counterfact"",""order"":104,""realization"":2}",4,missing_cell,"[100,300,1000]"
509cd28130eb44d35b27d08a,"{""condition"":""v0_live_C1"",""dataset"":""zsre"",""order"":100,""realization"":0}",4,missing_cell,"[100,300,1000]"
a8a5ddc06de26a9885f75fe9,"{""condition"":""v0_live_C1"",""dataset"":""zsre"",""order"":101,""realization"":0}",4,missing_cell,"[100,300,1000]"
5f818373c34233809fc57716,"{""condition"":""v0_live_C1"",""dataset"":""zsre"",""order"":102,""realization"":0}",4,missing_cell,"[100,300,1000]"
baa8eccee6a4f8c27c11a09c,"{""condition"":""v0_live_C1"",""dataset"":""zsre"",""order"":103,""realization"":0}",4,missing_cell,"[100,300,1000]"
2a91e17773f7272dbd36a048,"{""condition"":""v0_live_C1"",""dataset"":""zsre"",""order"":104,""realization"":0}",4,missing_cell,"[100,300,1000]"
d0a5df19a69792ac87a703dc,"{""condition"":""v0_live_C1"",""dataset"":""zsre"",""order"":100,""realization"":1}",4,missing_cell,"[100,300,1000]"
6d6930dcd4fe737e4d1ef3ed,"{""condition"":""v0_live_C1"",""dataset"":""zsre"",""order"":101,""realization"":1}",4,missing_cell,"[100,300,1000]"
cf9c6af6097c6d96c9a5a1d3,"{""condition"":""v0_live_C1"",""dataset"":""zsre"",""order"":102,""realization"":1}",4,missing_cell,"[100,300,1000]"
7317081e2468dfeeed3e4cc7,"{""condition"":""v0_live_C1"",""dataset"":""zsre"",""order"":103,""realization"":1}",4,missing_cell,"[100,300,1000]"
ed2fff6199cac50f8e3c05d9,"{""condition"":""v0_live_C1"",""dataset"":""zsre"",""order"":104,""realization"":1}",4,missing_cell,"[100,300,1000]"
5d52bba4bd205ffecf96212a,"{""condition"":""v0_live_C1"",""dataset"":""zsre"",""order"":100,""realization"":2}",4,missing_cell,"[100,300,1000]"
e82412060e54893dc307a45e,"{""condition"":""v0_live_C1"",""dataset"":""zsre"",""order"":101,""realization"":2}",4,missing_cell,"[100,300,1000]"
b42dfb1e539cb4645127e844,"{""condition"":""v0_live_C1"",""dataset"":""zsre"",""order"":102,""realization"":2}",4,missing_cell,"[100,300,1000]"
2fe9909dbaad17941716efc9,"{""condition"":""v0_live_C1"",""dataset"":""zsre"",""order"":103,""realization"":2}",4,missing_cell,"[100,300,1000]"
e45d4b2c01fc48117d5abec8,"{""condition"":""v0_live_C1"",""dataset"":""zsre"",""order"":104,""realization"":2}",4,missing_cell,"[100,300,1000]"
978f353680dde68625399775,"{""condition"":""v0_live_C1"",""dataset"":""counterfact"",""order"":100,""realization"":0}",4,missing_cell,"[100,300,1000]"
cdc8a1fbbb43d1f1ba93a366,"{""condition"":""v0_live_C1"",""dataset"":""counterfact"",""order"":101,""realization"":0}",4,missing_cell,"[100,300,1000]"
3126d7f4d6378f131a26c41d,"{""condition"":""v0_live_C1"",""dataset"":""counterfact"",""order"":102,""realization"":0}",4,missing_cell,"[100,300,1000]"
48f56fbee8eed89fe5598934,"{""condition"":""v0_live_C1"",""dataset"":""counterfact"",""order"":103,""realization"":0}",4,missing_cell,"[100,300,1000]"
18cef3e100afe2f32847ac27,"{""condition"":""v0_live_C1"",""dataset"":""counterfact"",""order"":104,""realization"":0}",4,missing_cell,"[100,300,1000]"
f67e77a0b124376f29b78302,"{""condition"":""v0_live_C1"",""dataset"":""counterfact"",""order"":100,""realization"":1}",4,missing_cell,"[100,300,1000]"
7ab5a2ba2ca2072d49c86da9,"{""condition"":""v0_live_C1"",""dataset"":""counterfact"",""order"":101,""realization"":1}",4,missing_cell,"[100,300,1000]"
ea3b0653f085cf535854d1b8,"{""condition"":""v0_live_C1"",""dataset"":""counterfact"",""order"":102,""realization"":1}",4,missing_cell,"[100,300,1000]"
8905e452833b0a01defd8b1e,"{""condition"":""v0_live_C1"",""dataset"":""counterfact"",""order"":103,""realization"":1}",4,missing_cell,"[100,300,1000]"
28555ca1e3c1d3ab551385b1,"{""condition"":""v0_live_C1"",""dataset"":""counterfact"",""order"":104,""realization"":1}",4,missing_cell,"[100,300,1000]"
861414ea84239f8471f0ade8,"{""condition"":""v0_live_C1"",""dataset"":""counterfact"",""order"":100,""realization"":2}",4,missing_cell,"[100,300,1000]"
1f19207d799d9bcd0b005ef9,"{""condition"":""v0_live_C1"",""dataset"":""counterfact"",""order"":101,""realization"":2}",4,missing_cell,"[100,300,1000]"
ad007b170a6bbf5bc88d182d,"{""condition"":""v0_live_C1"",""dataset"":""counterfact"",""order"":102,""realization"":2}",4,missing_cell,"[100,300,1000]"
94488c6aa407c3ea167ea51d,"{""condition"":""v0_live_C1"",""dataset"":""counterfact"",""order"":103,""realization"":2}",4,missing_cell,"[100,300,1000]"
e6a5e4cd9fbe73077175c7b9,"{""condition"":""v0_live_C1"",""dataset"":""counterfact"",""order"":104,""realization"":2}",4,missing_cell,"[100,300,1000]"
bca38cd4398e1159ed781bff,"{""condition"":""v0_live_C2"",""dataset"":""zsre"",""order"":100,""realization"":0}",4,missing_cell,"[100,300,1000]"
68da09e4a00f4fe8d8b054fd,"{""condition"":""v0_live_C2"",""dataset"":""zsre"",""order"":101,""realization"":0}",4,missing_cell,"[100,300,1000]"
da666451073f38000c71b39f,"{""condition"":""v0_live_C2"",""dataset"":""zsre"",""order"":102,""realization"":0}",4,missing_cell,"[100,300,1000]"
57b0ace8ad261f0963cece6e,"{""condition"":""v0_live_C2"",""dataset"":""zsre"",""order"":103,""realization"":0}",4,missing_cell,"[100,300,1000]"
b1be521b209066effb830ad1,"{""condition"":""v0_live_C2"",""dataset"":""zsre"",""order"":104,""realization"":0}",4,missing_cell,"[100,300,1000]"
d246da52d2783b0000af34aa,"{""condition"":""v0_live_C2"",""dataset"":""zsre"",""order"":100,""realization"":1}",4,missing_cell,"[100,300,1000]"
9ac1596b4a83bfd3759110f5,"{""condition"":""v0_live_C2"",""dataset"":""zsre"",""order"":101,""realization"":1}",4,missing_cell,"[100,300,1000]"
d3e7acfb899406015f6d7e6a,"{""condition"":""v0_live_C2"",""dataset"":""zsre"",""order"":102,""realization"":1}",4,missing_cell,"[100,300,1000]"
1b91b6d6beb187aaf9103cdc,"{""condition"":""v0_live_C2"",""dataset"":""zsre"",""order"":103,""realization"":1}",4,missing_cell,"[100,300,1000]"
9a600f5f46fa47c339ccb4d1,"{""condition"":""v0_live_C2"",""dataset"":""zsre"",""order"":104,""realization"":1}",4,missing_cell,"[100,300,1000]"
635bac1c845730dae487891a,"{""condition"":""v0_live_C2"",""dataset"":""zsre"",""order"":100,""realization"":2}",4,missing_cell,"[100,300,1000]"
031ae1822109079d3cddb520,"{""condition"":""v0_live_C2"",""dataset"":""zsre"",""order"":101,""realization"":2}",4,missing_cell,"[100,300,1000]"
3435ab1a884c517b32867161,"{""condition"":""v0_live_C2"",""dataset"":""zsre"",""order"":102,""realization"":2}",4,missing_cell,"[100,300,1000]"
09d4451a2a5b030d1853c267,"{""condition"":""v0_live_C2"",""dataset"":""zsre"",""order"":103,""realization"":2}",4,missing_cell,"[100,300,1000]"
fa309fa719c353f20a813699,"{""condition"":""v0_live_C2"",""dataset"":""zsre"",""order"":104,""realization"":2}",4,missing_cell,"[100,300,1000]"
03ee79b7cf8d02ddb7baeea3,"{""condition"":""v0_live_C2"",""dataset"":""counterfact"",""order"":100,""realization"":0}",4,missing_cell,"[100,300,1000]"
37aa09141ddb4b6e8f93f647,"{""condition"":""v0_live_C2"",""dataset"":""counterfact"",""order"":101,""realization"":0}",4,missing_cell,"[100,300,1000]"
c14b2b630688912a588e1cf3,"{""condition"":""v0_live_C2"",""dataset"":""counterfact"",""order"":102,""realization"":0}",4,missing_cell,"[100,300,1000]"
2eda7453d476d16c07a327ed,"{""condition"":""v0_live_C2"",""dataset"":""counterfact"",""order"":103,""realization"":0}",4,missing_cell,"[100,300,1000]"
9a29639c43e873eec6a7d1ac,"{""condition"":""v0_live_C2"",""dataset"":""counterfact"",""order"":104,""realization"":0}",4,missing_cell,"[100,300,1000]"
0362b36136a70031c319de5f,"{""condition"":""v0_live_C2"",""dataset"":""counterfact"",""order"":100,""realization"":1}",4,missing_cell,"[100,300,1000]"
9397f85898818d3dc9d04c1e,"{""condition"":""v0_live_C2"",""dataset"":""counterfact"",""order"":101,""realization"":1}",4,missing_cell,"[100,300,1000]"
4c1b2ab65e6ba3e75ac9b10a,"{""condition"":""v0_live_C2"",""dataset"":""counterfact"",""order"":102,""realization"":1}",4,missing_cell,"[100,300,1000]"
d679f4cef5e7a847d5f6dc80,"{""condition"":""v0_live_C2"",""dataset"":""counterfact"",""order"":103,""realization"":1}",4,missing_cell,"[100,300,1000]"
f19cc29f17b93bb9cbbd5f1a,"{""condition"":""v0_live_C2"",""dataset"":""counterfact"",""order"":104,""realization"":1}",4,missing_cell,"[100,300,1000]"
e654a69635e2e4a1bcc2903b,"{""condition"":""v0_live_C2"",""dataset"":""counterfact"",""order"":100,""realization"":2}",4,missing_cell,"[100,300,1000]"
508b709256adff820b7fdf82,"{""condition"":""v0_live_C2"",""dataset"":""counterfact"",""order"":101,""realization"":2}",4,missing_cell,"[100,300,1000]"
0ebaffd3a3e8d10252da8bd5,"{""condition"":""v0_live_C2"",""dataset"":""counterfact"",""order"":102,""realization"":2}",4,missing_cell,"[100,300,1000]"
6f8cac15c1ed9dd1fb79b212,"{""condition"":""v0_live_C2"",""dataset"":""counterfact"",""order"":103,""realization"":2}",4,missing_cell,"[100,300,1000]"
302070707affaaec2265e772,"{""condition"":""v0_live_C2"",""dataset"":""counterfact"",""order"":104,""realization"":2}",4,missing_cell,"[100,300,1000]"
74feefbadad2b95947437ed6,"{""condition"":""S1_LM"",""dataset"":""zsre"",""order"":100,""realization"":0}",5,missing_cell,"[100,300,1000]"
982870b0fcc4a8bef4a297af,"{""condition"":""S1_LM"",""dataset"":""zsre"",""order"":101,""realization"":0}",5,missing_cell,"[100,300,1000]"
2e5068d168160234340d32fa,"{""condition"":""S1_LM"",""dataset"":""zsre"",""order"":102,""realization"":0}",5,missing_cell,"[100,300,1000]"
f642d1e953d4e4b42c9a916e,"{""condition"":""S1_LM"",""dataset"":""zsre"",""order"":103,""realization"":0}",5,missing_cell,"[100,300,1000]"
d7884b1e2a9c1c3790535590,"{""condition"":""S1_LM"",""dataset"":""zsre"",""order"":104,""realization"":0}",5,missing_cell,"[100,300,1000]"
8499903e83df71431114aaa8,"{""condition"":""S1_LM"",""dataset"":""zsre"",""order"":100,""realization"":1}",5,missing_cell,"[100,300,1000]"
272db4c9310a73f01bf46d4b,"{""condition"":""S1_LM"",""dataset"":""zsre"",""order"":101,""realization"":1}",5,missing_cell,"[100,300,1000]"
9f020616201afdc368d77f9b,"{""condition"":""S1_LM"",""dataset"":""zsre"",""order"":102,""realization"":1}",5,missing_cell,"[100,300,1000]"
26318156d310334e8b260e87,"{""condition"":""S1_LM"",""dataset"":""zsre"",""order"":103,""realization"":1}",5,missing_cell,"[100,300,1000]"
d7241b9882514c2709082321,"{""condition"":""S1_LM"",""dataset"":""zsre"",""order"":104,""realization"":1}",5,missing_cell,"[100,300,1000]"
a5b3de3764680273ff4760e1,"{""condition"":""S1_LM"",""dataset"":""zsre"",""order"":100,""realization"":2}",5,missing_cell,"[100,300,1000]"
e5c2ea10bc6ce298f6065199,"{""condition"":""S1_LM"",""dataset"":""zsre"",""order"":101,""realization"":2}",5,missing_cell,"[100,300,1000]"
847f33277d9d89fe17482367,"{""condition"":""S1_LM"",""dataset"":""zsre"",""order"":102,""realization"":2}",5,missing_cell,"[100,300,1000]"
77568a85e217721985cd8ea4,"{""condition"":""S1_LM"",""dataset"":""zsre"",""order"":103,""realization"":2}",5,missing_cell,"[100,300,1000]"
793ee3d9708b970c08a0fbe2,"{""condition"":""S1_LM"",""dataset"":""zsre"",""order"":104,""realization"":2}",5,missing_cell,"[100,300,1000]"
129251f55876e9cdc9e907a6,"{""condition"":""S1_LM"",""dataset"":""counterfact"",""order"":100,""realization"":0}",5,missing_cell,"[100,300,1000]"
40059b37d028ec2cd587bbb1,"{""condition"":""S1_LM"",""dataset"":""counterfact"",""order"":101,""realization"":0}",5,missing_cell,"[100,300,1000]"
30756d73095e1914cf757782,"{""condition"":""S1_LM"",""dataset"":""counterfact"",""order"":102,""realization"":0}",5,missing_cell,"[100,300,1000]"
d74e8582f780dfdeb9281671,"{""condition"":""S1_LM"",""dataset"":""counterfact"",""order"":103,""realization"":0}",5,missing_cell,"[100,300,1000]"
88dfe1aa76490ae40e93f05f,"{""condition"":""S1_LM"",""dataset"":""counterfact"",""order"":104,""realization"":0}",5,missing_cell,"[100,300,1000]"
9adac77b91eae4f8ea4d8df2,"{""condition"":""S1_LM"",""dataset"":""counterfact"",""order"":100,""realization"":1}",5,missing_cell,"[100,300,1000]"
bbbda4ebfb279ed21179678b,"{""condition"":""S1_LM"",""dataset"":""counterfact"",""order"":101,""realization"":1}",5,missing_cell,"[100,300,1000]"
34f5fb1acf8d86a8a7a94e1c,"{""condition"":""S1_LM"",""dataset"":""counterfact"",""order"":102,""realization"":1}",5,missing_cell,"[100,300,1000]"
c9dc2d0cfe6d53ccdef2f1ef,"{""condition"":""S1_LM"",""dataset"":""counterfact"",""order"":103,""realization"":1}",5,missing_cell,"[100,300,1000]"
22b85c86caaee83341968cec,"{""condition"":""S1_LM"",""dataset"":""counterfact"",""order"":104,""realization"":1}",5,missing_cell,"[100,300,1000]"
1a27fc67e8978362681b5d20,"{""condition"":""S1_LM"",""dataset"":""counterfact"",""order"":100,""realization"":2}",5,missing_cell,"[100,300,1000]"
f9ebb0802bd50e68ec18fcb0,"{""condition"":""S1_LM"",""dataset"":""counterfact"",""order"":101,""realization"":2}",5,missing_cell,"[100,300,1000]"
be9a4b3ce1acb50722ae8614,"{""condition"":""S1_LM"",""dataset"":""counterfact"",""order"":102,""realization"":2}",5,missing_cell,"[100,300,1000]"
5c5511653f8d590c63a39794,"{""condition"":""S1_LM"",""dataset"":""counterfact"",""order"":103,""realization"":2}",5,missing_cell,"[100,300,1000]"
7cbec59a4f05afaa8ebed3fb,"{""condition"":""S1_LM"",""dataset"":""counterfact"",""order"":104,""realization"":2}",5,missing_cell,"[100,300,1000]"
b1a17c1fb747eef11f253278,"{""condition"":""S1_literal"",""dataset"":""zsre"",""order"":100,""realization"":0}",5,missing_cell,"[100,300,1000]"
edb61534cb4ec7a4187ebbdb,"{""condition"":""S1_literal"",""dataset"":""zsre"",""order"":101,""realization"":0}",5,missing_cell,"[100,300,1000]"
78360f37e3cd5a3eb5cc2b3e,"{""condition"":""S1_literal"",""dataset"":""zsre"",""order"":102,""realization"":0}",5,missing_cell,"[100,300,1000]"
46d6404412a25fbdd2965880,"{""condition"":""S1_literal"",""dataset"":""zsre"",""order"":103,""realization"":0}",5,missing_cell,"[100,300,1000]"
50af2a28b866c26021d83b01,"{""condition"":""S1_literal"",""dataset"":""zsre"",""order"":104,""realization"":0}",5,missing_cell,"[100,300,1000]"
22a5ac50d5ca3c952b8b1e34,"{""condition"":""S1_literal"",""dataset"":""zsre"",""order"":100,""realization"":1}",5,missing_cell,"[100,300,1000]"
7d93e4d997ec1f974bb6c71a,"{""condition"":""S1_literal"",""dataset"":""zsre"",""order"":101,""realization"":1}",5,missing_cell,"[100,300,1000]"
0f466b21fb4514acd9d1ff1e,"{""condition"":""S1_literal"",""dataset"":""zsre"",""order"":102,""realization"":1}",5,missing_cell,"[100,300,1000]"
151bacf1f85b74f88864784e,"{""condition"":""S1_literal"",""dataset"":""zsre"",""order"":103,""realization"":1}",5,missing_cell,"[100,300,1000]"
330479ee3f94e169b8496e0b,"{""condition"":""S1_literal"",""dataset"":""zsre"",""order"":104,""realization"":1}",5,missing_cell,"[100,300,1000]"
e4019672011694d495923c6f,"{""condition"":""S1_literal"",""dataset"":""zsre"",""order"":100,""realization"":2}",5,missing_cell,"[100,300,1000]"
bf89e6ad180b60ad56c35a7e,"{""condition"":""S1_literal"",""dataset"":""zsre"",""order"":101,""realization"":2}",5,missing_cell,"[100,300,1000]"
70aacd394ef41b887377260a,"{""condition"":""S1_literal"",""dataset"":""zsre"",""order"":102,""realization"":2}",5,missing_cell,"[100,300,1000]"
b3f4ad21a596171a9a43e0aa,"{""condition"":""S1_literal"",""dataset"":""zsre"",""order"":103,""realization"":2}",5,missing_cell,"[100,300,1000]"
6885c03ed3db8fb41a5e20dd,"{""condition"":""S1_literal"",""dataset"":""zsre"",""order"":104,""realization"":2}",5,missing_cell,"[100,300,1000]"
9a22bb61d6e0f49880a936a3,"{""condition"":""S1_literal"",""dataset"":""counterfact"",""order"":100,""realization"":0}",5,missing_cell,"[100,300,1000]"
eafb85daf9dfc6661b0bc2d8,"{""condition"":""S1_literal"",""dataset"":""counterfact"",""order"":101,""realization"":0}",5,missing_cell,"[100,300,1000]"
f3375c98045e9e28a348b9d0,"{""condition"":""S1_literal"",""dataset"":""counterfact"",""order"":102,""realization"":0}",5,missing_cell,"[100,300,1000]"
d62c99156470a7900dc43bc6,"{""condition"":""S1_literal"",""dataset"":""counterfact"",""order"":103,""realization"":0}",5,missing_cell,"[100,300,1000]"
fa0defe230fa592c6e1395ce,"{""condition"":""S1_literal"",""dataset"":""counterfact"",""order"":104,""realization"":0}",5,missing_cell,"[100,300,1000]"
9d8fa010baff9d2225fff4d4,"{""condition"":""S1_literal"",""dataset"":""counterfact"",""order"":100,""realization"":1}",5,missing_cell,"[100,300,1000]"
d059ce23baa1380031ffc8cb,"{""condition"":""S1_literal"",""dataset"":""counterfact"",""order"":101,""realization"":1}",5,missing_cell,"[100,300,1000]"
058509628604e5ca4527273b,"{""condition"":""S1_literal"",""dataset"":""counterfact"",""order"":102,""realization"":1}",5,missing_cell,"[100,300,1000]"
165be2e488d7d1013b36ff1b,"{""condition"":""S1_literal"",""dataset"":""counterfact"",""order"":103,""realization"":1}",5,missing_cell,"[100,300,1000]"
6c498709f6484559ef4e1e7f,"{""condition"":""S1_literal"",""dataset"":""counterfact"",""order"":104,""realization"":1}",5,missing_cell,"[100,300,1000]"
789321f88cd80b79c41108d3,"{""condition"":""S1_literal"",""dataset"":""counterfact"",""order"":100,""realization"":2}",5,missing_cell,"[100,300,1000]"
58f67f71157df294642d7924,"{""condition"":""S1_literal"",""dataset"":""counterfact"",""order"":101,""realization"":2}",5,missing_cell,"[100,300,1000]"
f434980db097ed5dc29aa6b8,"{""condition"":""S1_literal"",""dataset"":""counterfact"",""order"":102,""realization"":2}",5,missing_cell,"[100,300,1000]"
0eadfbc9b2c2899d71a5dcee,"{""condition"":""S1_literal"",""dataset"":""counterfact"",""order"":103,""realization"":2}",5,missing_cell,"[100,300,1000]"
509562eef48054a3aeac166a,"{""condition"":""S1_literal"",""dataset"":""counterfact"",""order"":104,""realization"":2}",5,missing_cell,"[100,300,1000]"
8515821d35005362bf80ca86,"{""condition"":""R1_learned_ff_v2"",""dataset"":""zsre"",""order"":100,""realization"":0}",6,missing_cell,"[100,300,1000]"
ce81522f547c386fa9c08c2b,"{""condition"":""R1_learned_ff_v2"",""dataset"":""zsre"",""order"":101,""realization"":0}",6,missing_cell,"[100,300,1000]"
67fbcd1e5ac9b7dcb8f292b9,"{""condition"":""R1_learned_ff_v2"",""dataset"":""zsre"",""order"":102,""realization"":0}",6,missing_cell,"[100,300,1000]"
90334bd842b032c804251295,"{""condition"":""R1_learned_ff_v2"",""dataset"":""zsre"",""order"":103,""realization"":0}",6,missing_cell,"[100,300,1000]"
62cd670d3fc0e07b1d6ff2d7,"{""condition"":""R1_learned_ff_v2"",""dataset"":""zsre"",""order"":104,""realization"":0}",6,missing_cell,"[100,300,1000]"
c2a654d2b5c10bec5b192bd4,"{""condition"":""R1_learned_ff_v2"",""dataset"":""zsre"",""order"":100,""realization"":1}",6,missing_cell,"[100,300,1000]"
e513b37dc4ee2ea0c2ec9a4a,"{""condition"":""R1_learned_ff_v2"",""dataset"":""zsre"",""order"":101,""realization"":1}",6,missing_cell,"[100,300,1000]"
5605235e2ed700e3724eec66,"{""condition"":""R1_learned_ff_v2"",""dataset"":""zsre"",""order"":102,""realization"":1}",6,missing_cell,"[100,300,1000]"
caef53a035b7c9e1ee694a16,"{""condition"":""R1_learned_ff_v2"",""dataset"":""zsre"",""order"":103,""realization"":1}",6,missing_cell,"[100,300,1000]"
3e16fbe7ff4d0e5b55e6d9d1,"{""condition"":""R1_learned_ff_v2"",""dataset"":""zsre"",""order"":104,""realization"":1}",6,missing_cell,"[100,300,1000]"
66c77006152a19f5b1a397d3,"{""condition"":""R1_learned_ff_v2"",""dataset"":""zsre"",""order"":100,""realization"":2}",6,missing_cell,"[100,300,1000]"
6837bb994c30db520b1c50f5,"{""condition"":""R1_learned_ff_v2"",""dataset"":""zsre"",""order"":101,""realization"":2}",6,missing_cell,"[100,300,1000]"
4d261cc6ea3f349110835054,"{""condition"":""R1_learned_ff_v2"",""dataset"":""zsre"",""order"":102,""realization"":2}",6,missing_cell,"[100,300,1000]"
b42ba0f2b0ed1a420be6ddb5,"{""condition"":""R1_learned_ff_v2"",""dataset"":""zsre"",""order"":103,""realization"":2}",6,missing_cell,"[100,300,1000]"
10d0d6ef3ebaeeab62506369,"{""condition"":""R1_learned_ff_v2"",""dataset"":""zsre"",""order"":104,""realization"":2}",6,missing_cell,"[100,300,1000]"
2fcaaa6515b6d07526750ec2,"{""condition"":""R1_learned_ff_v2"",""dataset"":""counterfact"",""order"":100,""realization"":0}",6,missing_cell,"[100,300,1000]"
19a7255c9f6a76e216f4f3d3,"{""condition"":""R1_learned_ff_v2"",""dataset"":""counterfact"",""order"":101,""realization"":0}",6,missing_cell,"[100,300,1000]"
875c812006d2f01a6a67e48b,"{""condition"":""R1_learned_ff_v2"",""dataset"":""counterfact"",""order"":102,""realization"":0}",6,missing_cell,"[100,300,1000]"
29c34b1e7fff719ad0530aaf,"{""condition"":""R1_learned_ff_v2"",""dataset"":""counterfact"",""order"":103,""realization"":0}",6,missing_cell,"[100,300,1000]"
4c03d7d4cf05c04e6563204a,"{""condition"":""R1_learned_ff_v2"",""dataset"":""counterfact"",""order"":104,""realization"":0}",6,missing_cell,"[100,300,1000]"
56dad6836419abb22b9f3fc5,"{""condition"":""R1_learned_ff_v2"",""dataset"":""counterfact"",""order"":100,""realization"":1}",6,missing_cell,"[100,300,1000]"
722a6e81428fe90b28522578,"{""condition"":""R1_learned_ff_v2"",""dataset"":""counterfact"",""order"":101,""realization"":1}",6,missing_cell,"[100,300,1000]"
64474eaad780d3d0f127b333,"{""condition"":""R1_learned_ff_v2"",""dataset"":""counterfact"",""order"":102,""realization"":1}",6,missing_cell,"[100,300,1000]"
50bfcf7f7c0f6341243f0890,"{""condition"":""R1_learned_ff_v2"",""dataset"":""counterfact"",""order"":103,""realization"":1}",6,missing_cell,"[100,300,1000]"
203da3ce23c2826be75941f8,"{""condition"":""R1_learned_ff_v2"",""dataset"":""counterfact"",""order"":104,""realization"":1}",6,missing_cell,"[100,300,1000]"
6b9269f85604bbde03fb8ae2,"{""condition"":""R1_learned_ff_v2"",""dataset"":""counterfact"",""order"":100,""realization"":2}",6,missing_cell,"[100,300,1000]"
6e30cfe3525aa76f6c298840,"{""condition"":""R1_learned_ff_v2"",""dataset"":""counterfact"",""order"":101,""realization"":2}",6,missing_cell,"[100,300,1000]"
f5f8f6ab600ed0fff3f77575,"{""condition"":""R1_learned_ff_v2"",""dataset"":""counterfact"",""order"":102,""realization"":2}",6,missing_cell,"[100,300,1000]"
a1ebc798b3d3dffdcb755fea,"{""condition"":""R1_learned_ff_v2"",""dataset"":""counterfact"",""order"":103,""realization"":2}",6,missing_cell,"[100,300,1000]"
64083f876c4b931fac1666ac,"{""condition"":""R1_learned_ff_v2"",""dataset"":""counterfact"",""order"":104,""realization"":2}",6,missing_cell,"[100,300,1000]"
3f0d5de719c7c2fac0765ae9,"{""condition"":""R1_learned_ff_v2"",""dataset"":""mquake"",""order"":100,""realization"":0}",6,missing_cell,"[100,300]"
02fbdb7be57f6759883cb7f7,"{""condition"":""R1_learned_ff_v2"",""dataset"":""mquake"",""order"":101,""realization"":0}",6,missing_cell,"[100,300]"
2eafd0179259617282b6bfe4,"{""condition"":""R1_learned_ff_v2"",""dataset"":""mquake"",""order"":102,""realization"":0}",6,missing_cell,"[100,300]"
62b13a164930d43ad696b359,"{""condition"":""R1_learned_ff_v2"",""dataset"":""mquake"",""order"":103,""realization"":0}",6,missing_cell,"[100,300]"
048ddd95d61026dbf40fa6f9,"{""condition"":""R1_learned_ff_v2"",""dataset"":""mquake"",""order"":104,""realization"":0}",6,missing_cell,"[100,300]"
ea85d9daee87f0884e4f22e2,"{""condition"":""R1_learned_ff_v2"",""dataset"":""mquake"",""order"":100,""realization"":1}",6,missing_cell,"[100,300]"
7e27f3fa1620b77e96f8da6f,"{""condition"":""R1_learned_ff_v2"",""dataset"":""mquake"",""order"":101,""realization"":1}",6,missing_cell,"[100,300]"
46cc8880d731fbee52076712,"{""condition"":""R1_learned_ff_v2"",""dataset"":""mquake"",""order"":102,""realization"":1}",6,missing_cell,"[100,300]"
45c033c5bc044beea6f5562c,"{""condition"":""R1_learned_ff_v2"",""dataset"":""mquake"",""order"":103,""realization"":1}",6,missing_cell,"[100,300]"
be96aaad5d4e1dd91747a116,"{""condition"":""R1_learned_ff_v2"",""dataset"":""mquake"",""order"":104,""realization"":1}",6,missing_cell,"[100,300]"
c28a7e48a1333e1bbbca134d,"{""condition"":""R1_learned_ff_v2"",""dataset"":""mquake"",""order"":100,""realization"":2}",6,missing_cell,"[100,300]"
fda4c348dac5448fc10fd672,"{""condition"":""R1_learned_ff_v2"",""dataset"":""mquake"",""order"":101,""realization"":2}",6,missing_cell,"[100,300]"
929c713ce993539177ad3985,"{""condition"":""R1_learned_ff_v2"",""dataset"":""mquake"",""order"":102,""realization"":2}",6,missing_cell,"[100,300]"
47d567d51e4c0129ae905aa3,"{""condition"":""R1_learned_ff_v2"",""dataset"":""mquake"",""order"":103,""realization"":2}",6,missing_cell,"[100,300]"
1a7b6658a55e4798f9674c67,"{""condition"":""R1_learned_ff_v2"",""dataset"":""mquake"",""order"":104,""realization"":2}",6,missing_cell,"[100,300]"
