report,status,bindings,receipts,discrepancies
PC-v0,PASS,1123,196,0
PC-v0 harm,PASS,1088,189,0
PC-v1,PASS,1112,194,0
PC-v1 harm,PASS,1105,194,0
depth/random controls,PASS,1433,260,0
matched control,PASS,137,18,0
AW-B,PASS,366,2,0
PC-reader,PASS,163,34,0
Option R,FAIL,373,0,1
AW-L,PASS,132,21,0
HT-17,PASS,2011,25,0
results/additional_work/PC-reader/profile-bp-s0,PASS,52,1,0
results/additional_work/PC-reader/profile-epc-s0,PASS,52,1,0
results/additional_work/PC-v0/dev-profile-20260927,PASS,15,8,0
results/additional_work/PC-v0/dev-profile-k1-20260928,PASS,16,8,0
results/additional_work/PC-v0/dev-profile-k32-20260928,PASS,16,8,0
results/additional_work/PC-v1/profile-20260927,PASS,61,8,0
results/additional_work/PC-v1/profile-k32-20260929,PASS,62,8,0
results/additional_work/PC-v1/profile-lr0.05-20260929,PASS,62,8,0
results/additional_work/PC-v1/profile-lr0.2-20260929,PASS,62,8,0
results/additional_work/PC-v1/replication-4-20260927,PASS,63,8,0
results/additional_work/PC-v1/replication-4-k32-20260929,PASS,64,8,0
results/additional_work/PC-v1/replication-4-lr0.05-20260929,PASS,64,8,0
results/additional_work/PC-v1/replication-4-lr0.2-20260929,PASS,64,8,0
