dataset,family,target,horizon,model,label,n,reference,mean_D,mean_D_ci_low,mean_D_ci_high,frac_worse,frac_worse_ci_low,frac_worse_ci_high,frac_better,frac_better_ci_low,frac_better_ci_high,frac_unchanged,mean_positive_D,mean_negative_D,p99_D,max_D,min_D,cvar95_D,n_D_gt_1,n_D_gt_2,n_D_gt_5,n_D_lt_minus_1,n_D_lt_minus_2,n_D_lt_minus_5,fired_rate,answer_changed_vs_frozen,answers_compared,record_own_reference_metric,record_own_reference_value
zsre,locality_item,true,300,bp_mean,BP-CAP (seed mean),296,frozen GPT-2 (direct),-8.583782183545106e-11,-6.094963373981221e-09,5.261911254464927e-09,0.0,0.0,0.0,0.0,0.0,0.0,1.0,0.0,0.0,6.073905800542394e-09,4.3900387769468807e-07,-5.850855426814405e-07,5.842187370911726e-08,0,0,0,0,0,0,0.0,,,,
zsre,locality_item,true,300,epc_mean,PC-CAP (seed mean),296,frozen GPT-2 (direct),-8.583782183545106e-11,-6.094963373981221e-09,5.261911254464927e-09,0.0,0.0,0.0,0.0,0.0,0.0,1.0,0.0,0.0,6.073905800542394e-09,4.3900387769468807e-07,-5.850855426814405e-07,5.842187370911726e-08,0,0,0,0,0,0,0.0,,,,
zsre,locality_item,true,300,bp_reader_s0,BP-CAP seed 0,296,frozen GPT-2 (direct),-8.583783533816353e-11,-6.09496337855714e-09,5.26191124970147e-09,0.0,0.0,0.0,0.0,0.0,0.0,1.0,0.0,0.0,6.073904956772895e-09,4.3900387769468807e-07,-5.850855426814405e-07,5.8421873057786415e-08,0,0,0,0,0,0,0.0,,,,
zsre,locality_item,true,300,bp_reader_s1,BP-CAP seed 1,296,frozen GPT-2 (direct),-8.583783533816353e-11,-6.09496337855714e-09,5.26191124970147e-09,0.0,0.0,0.0,0.0,0.0,0.0,1.0,0.0,0.0,6.073904956772895e-09,4.3900387769468807e-07,-5.850855426814405e-07,5.8421873057786415e-08,0,0,0,0,0,0,0.0,,,,
zsre,locality_item,true,300,bp_reader_s2,BP-CAP seed 2,296,frozen GPT-2 (direct),-8.583783533816353e-11,-6.09496337855714e-09,5.26191124970147e-09,0.0,0.0,0.0,0.0,0.0,0.0,1.0,0.0,0.0,6.073904956772895e-09,4.3900387769468807e-07,-5.850855426814405e-07,5.8421873057786415e-08,0,0,0,0,0,0,0.0,,,,
zsre,locality_item,true,300,epc_reader_s0,PC-CAP seed 0,296,frozen GPT-2 (direct),-8.583783533816353e-11,-6.09496337855714e-09,5.26191124970147e-09,0.0,0.0,0.0,0.0,0.0,0.0,1.0,0.0,0.0,6.073904956772895e-09,4.3900387769468807e-07,-5.850855426814405e-07,5.8421873057786415e-08,0,0,0,0,0,0,0.0,,,,
zsre,locality_item,true,300,epc_reader_s1,PC-CAP seed 1,296,frozen GPT-2 (direct),-8.583783533816353e-11,-6.09496337855714e-09,5.26191124970147e-09,0.0,0.0,0.0,0.0,0.0,0.0,1.0,0.0,0.0,6.073904956772895e-09,4.3900387769468807e-07,-5.850855426814405e-07,5.8421873057786415e-08,0,0,0,0,0,0,0.0,,,,
zsre,locality_item,true,300,epc_reader_s2,PC-CAP seed 2,296,frozen GPT-2 (direct),-8.583783533816353e-11,-6.09496337855714e-09,5.26191124970147e-09,0.0,0.0,0.0,0.0,0.0,0.0,1.0,0.0,0.0,6.073904956772895e-09,4.3900387769468807e-07,-5.850855426814405e-07,5.8421873057786415e-08,0,0,0,0,0,0,0.0,,,,
zsre,locality,true,300,bp_mean,BP-CAP (seed mean),50,frozen GPT-2 (direct),0.0,-5.329070518200751e-17,5.329070518200751e-17,0.0,0.0,0.0,0.0,0.0,0.0,1.0,0.0,0.0,4.529709940470621e-16,8.881784197001252e-16,-8.881784197001252e-16,2.9605947323337506e-16,0,0,0,0,0,0,0.0,,,,
zsre,locality,true,300,epc_mean,PC-CAP (seed mean),50,frozen GPT-2 (direct),0.0,-5.329070518200751e-17,5.329070518200751e-17,0.0,0.0,0.0,0.0,0.0,0.0,1.0,0.0,0.0,4.529709940470621e-16,8.881784197001252e-16,-8.881784197001252e-16,2.9605947323337506e-16,0,0,0,0,0,0,0.0,,,,
zsre,locality,true,300,bp_reader_s0,BP-CAP seed 0,50,frozen GPT-2 (direct),0.0,0.0,0.0,0.0,0.0,0.0,0.0,0.0,0.0,1.0,0.0,0.0,0.0,0.0,0.0,0.0,0,0,0,0,0,0,0.0,0.0,50.0,LS,1.0
zsre,locality,true,300,bp_reader_s1,BP-CAP seed 1,50,frozen GPT-2 (direct),0.0,0.0,0.0,0.0,0.0,0.0,0.0,0.0,0.0,1.0,0.0,0.0,0.0,0.0,0.0,0.0,0,0,0,0,0,0,0.0,0.0,50.0,LS,1.0
zsre,locality,true,300,bp_reader_s2,BP-CAP seed 2,50,frozen GPT-2 (direct),0.0,0.0,0.0,0.0,0.0,0.0,0.0,0.0,0.0,1.0,0.0,0.0,0.0,0.0,0.0,0.0,0,0,0,0,0,0,0.0,0.0,50.0,LS,1.0
zsre,locality,true,300,epc_reader_s0,PC-CAP seed 0,50,frozen GPT-2 (direct),0.0,0.0,0.0,0.0,0.0,0.0,0.0,0.0,0.0,1.0,0.0,0.0,0.0,0.0,0.0,0.0,0,0,0,0,0,0,0.0,0.0,50.0,LS,1.0
zsre,locality,true,300,epc_reader_s1,PC-CAP seed 1,50,frozen GPT-2 (direct),0.0,0.0,0.0,0.0,0.0,0.0,0.0,0.0,0.0,1.0,0.0,0.0,0.0,0.0,0.0,0.0,0,0,0,0,0,0,0.0,0.0,50.0,LS,1.0
zsre,locality,true,300,epc_reader_s2,PC-CAP seed 2,50,frozen GPT-2 (direct),0.0,0.0,0.0,0.0,0.0,0.0,0.0,0.0,0.0,1.0,0.0,0.0,0.0,0.0,0.0,0.0,0,0,0,0,0,0,0.0,0.0,50.0,LS,1.0
zsre,near_miss_neighbour,true,300,bp_mean,BP-CAP (seed mean),100,frozen GPT-2 (direct),0.19035253683032388,-0.06083028773189814,0.4738219605801399,0.14,0.07,0.21,0.07,0.03,0.13,0.79,2.3987604250175956,-2.0781987092445435,5.417516239659035,7.748848454600209,-3.313269971812649,4.294472785610937,10,5,3,5,4,0,0.15,,,,
zsre,near_miss_neighbour,true,300,epc_mean,PC-CAP (seed mean),100,frozen GPT-2 (direct),0.1261959895010053,-0.027712405239951932,0.33151218541336624,0.08,0.03,0.13,0.01,0.0,0.03,0.91,1.9916087780519152,-3.313269971812649,3.025777956387505,7.748848454600209,-3.313269971812649,2.532499409287048,4,2,1,1,1,0,0.05999999999999999,,,,
zsre,near_miss_neighbour,true,300,bp_reader_s0,BP-CAP seed 0,100,frozen GPT-2 (direct),0.21786611189586474,0.02067239092084978,0.46468639126168004,0.07,0.02,0.12,0.01,0.0,0.03,0.92,3.585697494843037,-3.313269971812649,5.417516239659035,7.748848454600209,-3.313269971812649,4.11362716480924,6,4,3,1,1,0,0.08,0.08,100.0,near_miss,0.85
zsre,near_miss_neighbour,true,300,bp_reader_s1,BP-CAP seed 1,100,frozen GPT-2 (direct),0.1867879511460118,-0.13252594465893294,0.5252644868227592,0.14,0.07,0.21,0.07,0.03,0.13,0.79,2.991246786434906,-3.3140940847121945,5.417516239659035,7.748848454600209,-4.863440947248343,4.994362096424665,11,8,3,6,6,0,0.21,0.21,100.0,near_miss,0.67
zsre,near_miss_neighbour,true,300,bp_reader_s2,BP-CAP seed 2,100,frozen GPT-2 (direct),0.16640354744909522,-0.11264526320960758,0.47500137121566083,0.11,0.05,0.17,0.05,0.01,0.1,0.84,3.070054579704461,-3.426048865867481,5.417516239659035,7.748848454600209,-4.863440947248343,4.616055168993326,9,6,3,4,4,0,0.16,0.16,100.0,near_miss,0.73
zsre,near_miss_neighbour,true,300,epc_reader_s0,PC-CAP seed 0,100,frozen GPT-2 (direct),0.07413647353862671,-0.06961739741860697,0.28540666044315066,0.02,0.0,0.05,0.01,0.0,0.03,0.97,5.36345931408873,-3.313269971812649,3.025777956387505,7.748848454600209,-3.313269971812649,1.78781977136291,2,2,1,1,1,0,0.03,0.03,100.0,near_miss,0.91
zsre,near_miss_neighbour,true,300,epc_reader_s1,PC-CAP seed 1,100,frozen GPT-2 (direct),0.17265330594272307,-0.007649683587963131,0.40190586404396195,0.07,0.02,0.12,0.01,0.0,0.03,0.92,2.9398002669410137,-3.313269971812649,5.201923206373966,7.748848454600209,-3.313269971812649,3.360080398923546,5,3,2,1,1,0,0.08,0.08,100.0,near_miss,0.85
zsre,near_miss_neighbour,true,300,epc_reader_s2,PC-CAP seed 2,100,frozen GPT-2 (direct),0.13179818902166626,-0.030347687280907157,0.3440639671536075,0.06,0.02,0.11,0.01,0.0,0.03,0.93,2.748848362746903,-3.313269971812649,3.025777956387505,7.748848454600209,-3.313269971812649,2.748848362746902,4,3,1,1,1,0,0.07,0.07,100.0,near_miss,0.85
zsre,unseen,new,300,bp_mean,BP-CAP (seed mean),100,frozen GPT-2 (direct),0.11247224642626204,-0.0959302819615264,0.3278354833881856,0.1,0.049750000000000016,0.16,0.04,0.01,0.08,0.86,2.2027447284586534,-2.695055660490083,4.247325475296425,5.669433941211025,-5.501868038823206,3.192277990215059,7,5,1,3,3,1,0.09666666666666666,,,,
zsre,unseen,new,300,epc_mean,PC-CAP (seed mean),100,frozen GPT-2 (direct),0.14791760266854145,0.02391715102091243,0.3099781214387423,0.05,0.01,0.1,0.0,0.0,0.0,0.95,2.9583520533708283,0.0,4.247325475296425,5.669433941211025,-8.881784197001252e-16,2.465293377809024,5,3,1,0,0,0,0.03666666666666666,,,,
zsre,unseen,new,300,bp_reader_s0,BP-CAP seed 0,100,frozen GPT-2 (direct),0.10173610103422134,0.0,0.24335586672097761,0.04,0.0,0.08,0.0,0.0,0.0,0.96,2.5434025258555337,0.0,2.5293683148441737,5.669433941211025,0.0,1.6956016839036891,3,2,1,0,0,0,0.04,0.04,100.0,unseen_false_fire_rate,0.04
zsre,unseen,new,300,bp_reader_s1,BP-CAP seed 1,100,frozen GPT-2 (direct),0.08196679894794244,-0.24311326564359845,0.37572581949306305,0.1,0.049750000000000016,0.16,0.04,0.01,0.08,0.86,2.8897346025609427,-5.175166532703796,5.67623401294868,6.349441114976223,-8.25280205823481,4.0444075319618324,8,6,2,4,4,2,0.14,0.14,100.0,unseen_false_fire_rate,0.14
zsre,unseen,new,300,bp_reader_s2,BP-CAP seed 2,100,frozen GPT-2 (direct),0.1537138392966224,-0.1246168527994472,0.4348991565468997,0.09,0.04,0.15,0.02,0.0,0.05,0.89,3.001265080525339,-5.820000897532906,5.67623401294868,6.349441114976223,-8.25280205823481,4.0444075319618324,7,6,2,2,2,1,0.11,0.11,100.0,unseen_false_fire_rate,0.11
zsre,unseen,new,300,epc_reader_s0,PC-CAP seed 0,100,frozen GPT-2 (direct),0.08167084421445417,0.0,0.22003602784101858,0.02,0.0,0.05,0.0,0.0,0.0,0.98,4.083542210722708,0.0,2.5293683148441737,5.669433941211025,0.0,1.3611807369075695,2,2,1,0,0,0,0.02,0.02,100.0,unseen_false_fire_rate,0.02
zsre,unseen,new,300,epc_reader_s1,PC-CAP seed 1,100,frozen GPT-2 (direct),0.20034430897776023,0.03860665416435033,0.40616306884801023,0.05,0.01,0.1,0.0,0.0,0.0,0.95,4.006886179555204,0.0,5.67623401294868,6.349441114976223,0.0,3.339071816296004,5,4,2,0,0,0,0.05,0.05,100.0,unseen_false_fire_rate,0.05
zsre,unseen,new,300,epc_reader_s2,PC-CAP seed 2,100,frozen GPT-2 (direct),0.1617376548134099,0.0165723994491935,0.35359353735425963,0.04,0.01,0.08,0.0,0.0,0.0,0.96,4.043441370335247,0.0,5.67623401294868,6.349441114976223,0.0,2.695627580223498,4,3,2,0,0,0,0.04,0.04,100.0,unseen_false_fire_rate,0.04
counterfact,locality_item,true,300,bp_mean,BP-CAP (seed mean),900,frozen GPT-2 (direct),-0.006290806147219812,-0.013885049707110046,-0.0008347423814040466,0.0,0.0,0.0,0.006666666666666667,0.0011111111111111111,0.013333333333333334,0.9933333333333333,0.0,-0.9436209220829718,0.0,0.0,-2.893618712726564,0.0,0,0,0,2,1,0,0.0033333333333333335,,,,
counterfact,locality_item,true,300,epc_mean,PC-CAP (seed mean),900,frozen GPT-2 (direct),-0.019077654682247782,-0.03268339795318258,-0.006981159319129999,0.0033333333333333335,0.0,0.0077777777777777776,0.02,0.011111111111111112,0.03,0.9766666666666667,0.6647821585564877,-1.0646797605384706,0.0,1.5093655369195433,-2.893618712726564,0.04335535816672746,1,0,0,7,3,0,0.010370370370370368,,,,
counterfact,locality_item,true,300,bp_reader_s0,BP-CAP seed 0,900,frozen GPT-2 (direct),-0.006951572928464821,-0.015913055049008473,0.0,0.0,0.0,0.0,0.0044444444444444444,0.0,0.01,0.9955555555555555,0.0,-1.5641039089045847,0.0,0.0,-2.893618712726564,0.0,0,0,0,3,1,0,0.0044444444444444444,,,,
counterfact,locality_item,true,300,bp_reader_s1,BP-CAP seed 1,900,frozen GPT-2 (direct),-0.0087057136101651,-0.02037017293490984,-0.0002563861884498743,0.0,0.0,0.0,0.0044444444444444444,0.0011111111111111111,0.008888888888888889,0.9955555555555555,0.0,-1.9587855622871473,0.0,0.0,-3.3710359041114017,0.0,0,0,0,3,2,0,0.0044444444444444444,,,,
counterfact,locality_item,true,300,bp_reader_s2,BP-CAP seed 2,900,frozen GPT-2 (direct),-0.0032151319030295157,-0.009645395709088546,0.0,0.0,0.0,0.0,0.0011111111111111111,0.0,0.0033333333333333335,0.9988888888888889,0.0,-2.893618712726564,0.0,0.0,-2.893618712726564,0.0,0,0,0,1,1,0,0.0011111111111111111,,,,
counterfact,locality_item,true,300,epc_reader_s0,PC-CAP seed 0,900,frozen GPT-2 (direct),-0.026611655036801626,-0.05034224976968243,-0.00572223610071303,0.0011111111111111111,0.0,0.0044444444444444444,0.008888888888888889,0.0033333333333333335,0.016666666666666666,0.99,2.2640483053793155,-3.2768172298125973,0.0,2.2640483053793155,-4.719680673580456,0.04921844142128946,1,1,0,7,7,0,0.01,,,,
counterfact,locality_item,true,300,epc_reader_s1,PC-CAP seed 1,900,frozen GPT-2 (direct),-0.023669736081476895,-0.04224383307112764,-0.006266087652035649,0.0033333333333333335,0.0,0.0077777777777777776,0.013333333333333334,0.006666666666666667,0.021111111111111112,0.9833333333333333,1.2396637072096925,-2.08514613291319,0.0,2.2640483053793155,-3.3710359041114017,0.08084763307889299,2,1,0,9,7,0,0.016666666666666666,,,,
counterfact,locality_item,true,300,epc_reader_s2,PC-CAP seed 2,900,frozen GPT-2 (direct),-0.006951572928464821,-0.015913055049008473,0.0,0.0,0.0,0.0,0.0044444444444444444,0.0,0.01,0.9955555555555555,0.0,-1.5641039089045847,0.0,0.0,-2.893618712726564,0.0,0,0,0,3,1,0,0.0044444444444444444,,,,
counterfact,locality,true,300,bp_mean,BP-CAP (seed mean),50,frozen GPT-2 (direct),-3.552713678800501e-17,-1.0658141036401502e-16,0.0,0.0,0.0,0.0,0.0,0.0,0.0,1.0,0.0,0.0,0.0,0.0,-1.7763568394002505e-15,0.0,0,0,0,0,0,0,0.0,,,,
counterfact,locality,true,300,epc_mean,PC-CAP (seed mean),50,frozen GPT-2 (direct),-3.552713678800501e-17,-1.0658141036401502e-16,0.0,0.0,0.0,0.0,0.0,0.0,0.0,1.0,0.0,0.0,0.0,0.0,-1.7763568394002505e-15,0.0,0,0,0,0,0,0,0.0,,,,
counterfact,locality,true,300,bp_reader_s0,BP-CAP seed 0,50,frozen GPT-2 (direct),0.0,0.0,0.0,0.0,0.0,0.0,0.0,0.0,0.0,1.0,0.0,0.0,0.0,0.0,0.0,0.0,0,0,0,0,0,0,0.0,0.0,50.0,LS,1.0
counterfact,locality,true,300,bp_reader_s1,BP-CAP seed 1,50,frozen GPT-2 (direct),0.0,0.0,0.0,0.0,0.0,0.0,0.0,0.0,0.0,1.0,0.0,0.0,0.0,0.0,0.0,0.0,0,0,0,0,0,0,0.0,0.0,50.0,LS,1.0
counterfact,locality,true,300,bp_reader_s2,BP-CAP seed 2,50,frozen GPT-2 (direct),0.0,0.0,0.0,0.0,0.0,0.0,0.0,0.0,0.0,1.0,0.0,0.0,0.0,0.0,0.0,0.0,0,0,0,0,0,0,0.0,0.0,50.0,LS,1.0
counterfact,locality,true,300,epc_reader_s0,PC-CAP seed 0,50,frozen GPT-2 (direct),0.0,0.0,0.0,0.0,0.0,0.0,0.0,0.0,0.0,1.0,0.0,0.0,0.0,0.0,0.0,0.0,0,0,0,0,0,0,0.0,0.0,50.0,LS,1.0
counterfact,locality,true,300,epc_reader_s1,PC-CAP seed 1,50,frozen GPT-2 (direct),0.0,0.0,0.0,0.0,0.0,0.0,0.0,0.0,0.0,1.0,0.0,0.0,0.0,0.0,0.0,0.0,0,0,0,0,0,0,0.0,0.0,50.0,LS,1.0
counterfact,locality,true,300,epc_reader_s2,PC-CAP seed 2,50,frozen GPT-2 (direct),0.0,0.0,0.0,0.0,0.0,0.0,0.0,0.0,0.0,1.0,0.0,0.0,0.0,0.0,0.0,0.0,0,0,0,0,0,0,0.0,0.0,50.0,LS,1.0
counterfact,near_miss_neighbour,true,300,bp_mean,BP-CAP (seed mean),100,frozen GPT-2 (direct),-0.006563569232906872,-0.019690707698720614,0.0,0.0,0.0,0.0,0.01,0.0,0.03,0.99,0.0,-0.6563569232906872,0.0,0.0,-0.6563569232906872,0.0,0,0,0,0,0,0,0.003333333333333333,,,,
counterfact,near_miss_neighbour,true,300,epc_mean,PC-CAP (seed mean),100,frozen GPT-2 (direct),-0.04780388075949249,-0.10661160937452387,-0.0033429136551803395,0.01,0.0,0.03,0.04,0.01,0.08,0.95,0.02990912924738609,-1.2025743012991588,0.0002990912924740139,0.02990912924738609,-2.3090011958878778,0.004984854874564348,0,0,0,2,1,0,0.026666666666666665,,,,
counterfact,near_miss_neighbour,true,300,bp_reader_s0,BP-CAP seed 0,100,frozen GPT-2 (direct),0.0,0.0,0.0,0.0,0.0,0.0,0.0,0.0,0.0,1.0,0.0,0.0,0.0,0.0,0.0,0.0,0,0,0,0,0,0,0.0,0.0,100.0,near_miss,1.0
counterfact,near_miss_neighbour,true,300,bp_reader_s1,BP-CAP seed 1,100,frozen GPT-2 (direct),-0.019690707698720614,-0.05907212309616185,0.0,0.0,0.0,0.0,0.01,0.0,0.03,0.99,0.0,-1.9690707698720615,0.0,0.0,-1.9690707698720615,0.0,0,0,0,1,0,0,0.01,0.01,100.0,near_miss,0.99
counterfact,near_miss_neighbour,true,300,bp_reader_s2,BP-CAP seed 2,100,frozen GPT-2 (direct),0.0,0.0,0.0,0.0,0.0,0.0,0.0,0.0,0.0,1.0,0.0,0.0,0.0,0.0,0.0,0.0,0,0,0,0,0,0,0.0,0.0,100.0,near_miss,1.0
counterfact,near_miss_neighbour,true,300,epc_reader_s0,PC-CAP seed 0,100,frozen GPT-2 (direct),-0.0569096341242529,-0.148454286186824,0.0,0.0,0.0,0.0,0.02,0.0,0.05,0.98,0.0,-2.845481706212645,0.0,0.0,-3.463501793831817,0.0,0,0,0,2,2,0,0.02,0.02,100.0,near_miss,0.98
counterfact,near_miss_neighbour,true,300,epc_reader_s1,PC-CAP seed 1,100,frozen GPT-2 (direct),-0.07627155468329846,-0.16649852601777332,-0.009131467088119436,0.01,0.0,0.03,0.04,0.01,0.08,0.95,0.08972738774215827,-1.929220714018001,0.0008972738774220418,0.08972738774215827,-3.463501793831817,0.014954564623693045,0,0,0,4,2,0,0.05,0.05,100.0,near_miss,0.95
counterfact,near_miss_neighbour,true,300,epc_reader_s2,PC-CAP seed 2,100,frozen GPT-2 (direct),-0.010230453470926121,-0.030691360412778364,0.0,0.0,0.0,0.0,0.01,0.0,0.03,0.99,0.0,-1.0230453470926122,0.0,0.0,-1.0230453470926122,0.0,0,0,0,1,0,0,0.01,0.01,100.0,near_miss,0.99
counterfact,unseen,new,300,bp_mean,BP-CAP (seed mean),100,frozen GPT-2 (direct),-0.0012220192145016551,-0.0036660576435049654,0.0,0.0,0.0,0.0,0.01,0.0,0.03,0.99,0.0,-0.12220192145016551,0.0,0.0,-0.12220192145016551,0.0,0,0,0,0,0,0,0.003333333333333333,,,,
counterfact,unseen,new,300,epc_mean,PC-CAP (seed mean),100,frozen GPT-2 (direct),-0.0012220192145016551,-0.0036660576435049654,0.0,0.0,0.0,0.0,0.01,0.0,0.03,0.99,0.0,-0.12220192145016551,0.0,0.0,-0.12220192145016551,0.0,0,0,0,0,0,0,0.003333333333333333,,,,
counterfact,unseen,new,300,bp_reader_s0,BP-CAP seed 0,100,frozen GPT-2 (direct),0.0,0.0,0.0,0.0,0.0,0.0,0.0,0.0,0.0,1.0,0.0,0.0,0.0,0.0,0.0,0.0,0,0,0,0,0,0,0.0,0.0,100.0,unseen_false_fire_rate,0.0
counterfact,unseen,new,300,bp_reader_s1,BP-CAP seed 1,100,frozen GPT-2 (direct),-0.0036660576435049563,-0.010998172930514869,0.0,0.0,0.0,0.0,0.01,0.0,0.03,0.99,0.0,-0.36660576435049563,0.0,0.0,-0.36660576435049563,0.0,0,0,0,0,0,0,0.01,0.01,100.0,unseen_false_fire_rate,0.01
counterfact,unseen,new,300,bp_reader_s2,BP-CAP seed 2,100,frozen GPT-2 (direct),0.0,0.0,0.0,0.0,0.0,0.0,0.0,0.0,0.0,1.0,0.0,0.0,0.0,0.0,0.0,0.0,0,0,0,0,0,0,0.0,0.0,100.0,unseen_false_fire_rate,0.0
counterfact,unseen,new,300,epc_reader_s0,PC-CAP seed 0,100,frozen GPT-2 (direct),0.0,0.0,0.0,0.0,0.0,0.0,0.0,0.0,0.0,1.0,0.0,0.0,0.0,0.0,0.0,0.0,0,0,0,0,0,0,0.0,0.0,100.0,unseen_false_fire_rate,0.0
counterfact,unseen,new,300,epc_reader_s1,PC-CAP seed 1,100,frozen GPT-2 (direct),-0.0036660576435049563,-0.010998172930514869,0.0,0.0,0.0,0.0,0.01,0.0,0.03,0.99,0.0,-0.36660576435049563,0.0,0.0,-0.36660576435049563,0.0,0,0,0,0,0,0,0.01,0.01,100.0,unseen_false_fire_rate,0.01
counterfact,unseen,new,300,epc_reader_s2,PC-CAP seed 2,100,frozen GPT-2 (direct),0.0,0.0,0.0,0.0,0.0,0.0,0.0,0.0,0.0,1.0,0.0,0.0,0.0,0.0,0.0,0.0,0,0,0,0,0,0,0.0,0.0,100.0,unseen_false_fire_rate,0.0
mquake,locality_item,true,300,bp_mean,BP-CAP (seed mean),600,frozen GPT-2 (direct),0.24352140332138628,0.16343820100282183,0.325908745822979,0.07666666666666666,0.056666666666666664,0.09833333333333333,0.0033333333333333335,0.0,0.008333333333333333,0.92,3.1975443833534967,-0.4870998207145656,4.721063043776116,10.118853754702563,-0.8285275519700104,4.142046296003477,44,31,6,0,0,0,0.07333333333333333,,,,
mquake,locality_item,true,300,epc_mean,PC-CAP (seed mean),600,frozen GPT-2 (direct),0.2505794157706054,0.16908997725977787,0.3338723094313201,0.07666666666666666,0.056666666666666664,0.09833333333333333,0.0033333333333333335,0.0,0.008333333333333333,0.92,3.325628352342008,-1.3156273726845764,5.302930949022889,10.118853754702563,-2.485582655910032,4.261098086190823,43,34,7,1,1,0,0.0761111111111111,,,,
mquake,locality_item,true,300,bp_reader_s0,BP-CAP seed 0,600,frozen GPT-2 (direct),0.2353334136026617,0.15607455801030792,0.317788048608951,0.07,0.05,0.09,0.0016666666666666668,0.0,0.005,0.9283333333333333,3.372311057856532,-0.43701626837736285,4.721063043776116,10.118853754702563,-0.43701626837736285,4.142046296003477,40,31,6,0,0,0,0.07166666666666667,,,,
mquake,locality_item,true,300,bp_reader_s1,BP-CAP seed 1,600,frozen GPT-2 (direct),0.24565266020639445,0.16637184963726173,0.32764290381771166,0.07166666666666667,0.051666666666666666,0.09166666666666666,0.0,0.0,0.0,0.9283333333333333,3.427711537763644,0.0,5.302930949022889,10.118853754702563,0.0,4.255609995028844,41,32,7,0,0,0,0.07166666666666667,,,,
mquake,locality_item,true,300,bp_reader_s2,BP-CAP seed 2,600,frozen GPT-2 (direct),0.24957813615510258,0.16888920403285376,0.3368283852849887,0.075,0.05333333333333334,0.09666666666666666,0.0016666666666666668,0.0,0.005,0.9233333333333333,3.3829436521993683,-2.485582655910032,4.721063043776116,10.118853754702563,-2.485582655910032,4.262276995330148,43,34,6,1,1,0,0.07666666666666666,,,,
mquake,locality_item,true,300,epc_reader_s0,PC-CAP seed 0,600,frozen GPT-2 (direct),0.2415100224465444,0.16051252537385954,0.32340721338839357,0.07166666666666667,0.051666666666666666,0.09166666666666666,0.0016666666666666668,0.0,0.005,0.9266666666666666,3.427711537763644,-2.485582655910032,5.302930949022889,10.118853754702563,-2.485582655910032,4.255609995028844,41,32,7,1,1,0,0.07333333333333333,,,,
mquake,locality_item,true,300,epc_reader_s1,PC-CAP seed 1,600,frozen GPT-2 (direct),0.2584406618642442,0.17595426125659328,0.34569091099413024,0.07666666666666666,0.056666666666666664,0.09833333333333333,0.0033333333333333335,0.0,0.008333333333333333,0.92,3.4344999139746504,-1.4612994621436974,5.302930949022889,10.118853754702563,-2.485582655910032,4.372255968097158,44,35,7,1,1,0,0.08,,,,
mquake,locality_item,true,300,epc_reader_s2,PC-CAP seed 2,600,frozen GPT-2 (direct),0.25178756300102745,0.1710275133520464,0.33614286263122656,0.07333333333333333,0.05333333333333334,0.09333333333333334,0.0016666666666666668,0.0,0.005,0.925,3.4899572831028753,-2.485582655910032,5.302930949022889,10.118853754702563,-2.485582655910032,4.338587151381401,42,34,7,1,1,0,0.075,,,,
mquake,locality,true,300,bp_mean,BP-CAP (seed mean),50,frozen GPT-2 (direct),2.6645352591003756e-17,-3.552713678800501e-17,1.0658141036401502e-16,0.0,0.0,0.0,0.0,0.0,0.0,1.0,0.0,0.0,8.881784197001252e-16,8.881784197001252e-16,-8.881784197001252e-16,8.881784197001252e-16,0,0,0,0,0,0,0.0,,,,
mquake,locality,true,300,epc_mean,PC-CAP (seed mean),50,frozen GPT-2 (direct),2.6645352591003756e-17,-3.552713678800501e-17,1.0658141036401502e-16,0.0,0.0,0.0,0.0,0.0,0.0,1.0,0.0,0.0,8.881784197001252e-16,8.881784197001252e-16,-8.881784197001252e-16,8.881784197001252e-16,0,0,0,0,0,0,0.0,,,,
mquake,locality,true,300,bp_reader_s0,BP-CAP seed 0,50,frozen GPT-2 (direct),0.0,0.0,0.0,0.0,0.0,0.0,0.0,0.0,0.0,1.0,0.0,0.0,0.0,0.0,0.0,0.0,0,0,0,0,0,0,0.0,0.0,50.0,LS,1.0
mquake,locality,true,300,bp_reader_s1,BP-CAP seed 1,50,frozen GPT-2 (direct),0.0,0.0,0.0,0.0,0.0,0.0,0.0,0.0,0.0,1.0,0.0,0.0,0.0,0.0,0.0,0.0,0,0,0,0,0,0,0.0,0.0,50.0,LS,1.0
mquake,locality,true,300,bp_reader_s2,BP-CAP seed 2,50,frozen GPT-2 (direct),0.0,0.0,0.0,0.0,0.0,0.0,0.0,0.0,0.0,1.0,0.0,0.0,0.0,0.0,0.0,0.0,0,0,0,0,0,0,0.0,0.0,50.0,LS,1.0
mquake,locality,true,300,epc_reader_s0,PC-CAP seed 0,50,frozen GPT-2 (direct),0.0,0.0,0.0,0.0,0.0,0.0,0.0,0.0,0.0,1.0,0.0,0.0,0.0,0.0,0.0,0.0,0,0,0,0,0,0,0.0,0.0,50.0,LS,1.0
mquake,locality,true,300,epc_reader_s1,PC-CAP seed 1,50,frozen GPT-2 (direct),0.0,0.0,0.0,0.0,0.0,0.0,0.0,0.0,0.0,1.0,0.0,0.0,0.0,0.0,0.0,0.0,0,0,0,0,0,0,0.0,0.0,50.0,LS,1.0
mquake,locality,true,300,epc_reader_s2,PC-CAP seed 2,50,frozen GPT-2 (direct),0.0,0.0,0.0,0.0,0.0,0.0,0.0,0.0,0.0,1.0,0.0,0.0,0.0,0.0,0.0,0.0,0,0,0,0,0,0,0.0,0.0,50.0,LS,1.0
mquake,near_miss_neighbour,true,300,bp_mean,BP-CAP (seed mean),100,frozen GPT-2 (direct),-1.9984014443252817e-17,-5.10702591327572e-17,4.440892098500626e-18,0.0,0.0,0.0,0.0,0.0,0.0,1.0,0.0,0.0,4.440892098502898e-18,4.440892098500626e-16,-8.881784197001252e-16,7.401486830834377e-17,0,0,0,0,0,0,0.0,,,,
mquake,near_miss_neighbour,true,300,epc_mean,PC-CAP (seed mean),100,frozen GPT-2 (direct),-1.9984014443252817e-17,-5.10702591327572e-17,4.440892098500626e-18,0.0,0.0,0.0,0.0,0.0,0.0,1.0,0.0,0.0,4.440892098502898e-18,4.440892098500626e-16,-8.881784197001252e-16,7.401486830834377e-17,0,0,0,0,0,0,0.0,,,,
mquake,near_miss_neighbour,true,300,bp_reader_s0,BP-CAP seed 0,100,frozen GPT-2 (direct),0.0,0.0,0.0,0.0,0.0,0.0,0.0,0.0,0.0,1.0,0.0,0.0,0.0,0.0,0.0,0.0,0,0,0,0,0,0,0.0,0.0,100.0,near_miss,1.0
mquake,near_miss_neighbour,true,300,bp_reader_s1,BP-CAP seed 1,100,frozen GPT-2 (direct),0.0,0.0,0.0,0.0,0.0,0.0,0.0,0.0,0.0,1.0,0.0,0.0,0.0,0.0,0.0,0.0,0,0,0,0,0,0,0.0,0.0,100.0,near_miss,1.0
mquake,near_miss_neighbour,true,300,bp_reader_s2,BP-CAP seed 2,100,frozen GPT-2 (direct),0.0,0.0,0.0,0.0,0.0,0.0,0.0,0.0,0.0,1.0,0.0,0.0,0.0,0.0,0.0,0.0,0,0,0,0,0,0,0.0,0.0,100.0,near_miss,1.0
mquake,near_miss_neighbour,true,300,epc_reader_s0,PC-CAP seed 0,100,frozen GPT-2 (direct),0.0,0.0,0.0,0.0,0.0,0.0,0.0,0.0,0.0,1.0,0.0,0.0,0.0,0.0,0.0,0.0,0,0,0,0,0,0,0.0,0.0,100.0,near_miss,1.0
mquake,near_miss_neighbour,true,300,epc_reader_s1,PC-CAP seed 1,100,frozen GPT-2 (direct),0.0,0.0,0.0,0.0,0.0,0.0,0.0,0.0,0.0,1.0,0.0,0.0,0.0,0.0,0.0,0.0,0,0,0,0,0,0,0.0,0.0,100.0,near_miss,1.0
mquake,near_miss_neighbour,true,300,epc_reader_s2,PC-CAP seed 2,100,frozen GPT-2 (direct),0.0,0.0,0.0,0.0,0.0,0.0,0.0,0.0,0.0,1.0,0.0,0.0,0.0,0.0,0.0,0.0,0,0,0,0,0,0,0.0,0.0,100.0,near_miss,1.0
mquake,unseen,new,300,bp_mean,BP-CAP (seed mean),100,frozen GPT-2 (direct),8.881784197001253e-18,-2.6645352591003756e-17,4.218847493575595e-17,0.0,0.0,0.0,0.0,0.0,0.0,1.0,0.0,0.0,4.485301019485655e-16,8.881784197001252e-16,-8.881784197001252e-16,4.440892098500626e-16,0,0,0,0,0,0,0.0,,,,
mquake,unseen,new,300,epc_mean,PC-CAP (seed mean),100,frozen GPT-2 (direct),8.881784197001253e-18,-2.6645352591003756e-17,4.218847493575595e-17,0.0,0.0,0.0,0.0,0.0,0.0,1.0,0.0,0.0,4.485301019485655e-16,8.881784197001252e-16,-8.881784197001252e-16,4.440892098500626e-16,0,0,0,0,0,0,0.0,,,,
mquake,unseen,new,300,bp_reader_s0,BP-CAP seed 0,100,frozen GPT-2 (direct),0.0,0.0,0.0,0.0,0.0,0.0,0.0,0.0,0.0,1.0,0.0,0.0,0.0,0.0,0.0,0.0,0,0,0,0,0,0,0.0,0.0,100.0,unseen_false_fire_rate,0.0
mquake,unseen,new,300,bp_reader_s1,BP-CAP seed 1,100,frozen GPT-2 (direct),0.0,0.0,0.0,0.0,0.0,0.0,0.0,0.0,0.0,1.0,0.0,0.0,0.0,0.0,0.0,0.0,0,0,0,0,0,0,0.0,0.0,100.0,unseen_false_fire_rate,0.0
mquake,unseen,new,300,bp_reader_s2,BP-CAP seed 2,100,frozen GPT-2 (direct),0.0,0.0,0.0,0.0,0.0,0.0,0.0,0.0,0.0,1.0,0.0,0.0,0.0,0.0,0.0,0.0,0,0,0,0,0,0,0.0,0.0,100.0,unseen_false_fire_rate,0.0
mquake,unseen,new,300,epc_reader_s0,PC-CAP seed 0,100,frozen GPT-2 (direct),0.0,0.0,0.0,0.0,0.0,0.0,0.0,0.0,0.0,1.0,0.0,0.0,0.0,0.0,0.0,0.0,0,0,0,0,0,0,0.0,0.0,100.0,unseen_false_fire_rate,0.0
mquake,unseen,new,300,epc_reader_s1,PC-CAP seed 1,100,frozen GPT-2 (direct),0.0,0.0,0.0,0.0,0.0,0.0,0.0,0.0,0.0,1.0,0.0,0.0,0.0,0.0,0.0,0.0,0,0,0,0,0,0,0.0,0.0,100.0,unseen_false_fire_rate,0.0
mquake,unseen,new,300,epc_reader_s2,PC-CAP seed 2,100,frozen GPT-2 (direct),0.0,0.0,0.0,0.0,0.0,0.0,0.0,0.0,0.0,1.0,0.0,0.0,0.0,0.0,0.0,0.0,0,0,0,0,0,0,0.0,0.0,100.0,unseen_false_fire_rate,0.0
