dataset,family,target,horizon,model,label,n,n_groups,k5,k1,mean,mean_ci_low,mean_ci_high,cvar95,cvar95_ci_low,cvar95_ci_high,cvar99,cvar99_ci_low,cvar99_ci_high,p95,p99,max
zsre,edit,new,300,frozen,Frozen GPT-2 (no cap),300,300,15,3,6.009370299918626,5.780189856071098,6.226732635250796,10.90819594785103,10.213878036220612,11.427848318749227,11.869889710513648,11.131870544422565,12.150352117611334,9.711056088201593,11.6250269278501,12.219442484634264
zsre,edit,new,300,bp_mean,BP-CAP (seed mean),300,300,15,3,0.014777672583287766,0.013629371453910947,0.015926937944717834,0.042913407981430764,0.038338287749764374,0.047263338328952735,0.05195862672761198,0.04365979541473647,0.05791106024503634,0.03701836617890493,0.04741582724407031,0.05791106024503634
zsre,edit,new,300,epc_mean,PC-CAP (seed mean),300,300,15,3,0.014777672583287766,0.013629371453910947,0.015926937944717834,0.042913407981430764,0.038338287749764374,0.047263338328952735,0.05195862672761198,0.04365979541473647,0.05791106024503634,0.03701836617890493,0.04741582724407031,0.05791106024503634
zsre,edit,new,300,bp_reader_s0,BP-CAP seed 0,300,300,15,3,0.014777672583287762,0.013629371453910947,0.015926937944717834,0.042913407981430764,0.038338287749764374,0.047263338328952735,0.05195862672761198,0.04365979541473647,0.05791106024503634,0.03701836617890493,0.04741582724407031,0.05791106024503634
zsre,edit,new,300,bp_reader_s1,BP-CAP seed 1,300,300,15,3,0.014777672583287762,0.013629371453910947,0.015926937944717834,0.042913407981430764,0.038338287749764374,0.047263338328952735,0.05195862672761198,0.04365979541473647,0.05791106024503634,0.03701836617890493,0.04741582724407031,0.05791106024503634
zsre,edit,new,300,bp_reader_s2,BP-CAP seed 2,300,300,15,3,0.014777672583287762,0.013629371453910947,0.015926937944717834,0.042913407981430764,0.038338287749764374,0.047263338328952735,0.05195862672761198,0.04365979541473647,0.05791106024503634,0.03701836617890493,0.04741582724407031,0.05791106024503634
zsre,edit,new,300,epc_reader_s0,PC-CAP seed 0,300,300,15,3,0.014777672583287762,0.013629371453910947,0.015926937944717834,0.042913407981430764,0.038338287749764374,0.047263338328952735,0.05195862672761198,0.04365979541473647,0.05791106024503634,0.03701836617890493,0.04741582724407031,0.05791106024503634
zsre,edit,new,300,epc_reader_s1,PC-CAP seed 1,300,300,15,3,0.014777672583287762,0.013629371453910947,0.015926937944717834,0.042913407981430764,0.038338287749764374,0.047263338328952735,0.05195862672761198,0.04365979541473647,0.05791106024503634,0.03701836617890493,0.04741582724407031,0.05791106024503634
zsre,edit,new,300,epc_reader_s2,PC-CAP seed 2,300,300,15,3,0.014777672583287762,0.013629371453910947,0.015926937944717834,0.042913407981430764,0.038338287749764374,0.047263338328952735,0.05195862672761198,0.04365979541473647,0.05791106024503634,0.03701836617890493,0.04741582724407031,0.05791106024503634
zsre,paraphrase,new,300,frozen,Frozen GPT-2 (no cap),300,300,15,3,6.097973553162249,5.858861595668554,6.331713895112798,11.331326204686771,10.772772751010766,11.687729815747026,12.1605845502301,11.371735649577065,12.587915499349503,10.828412156843074,11.649381888848929,12.692395137093627
zsre,paraphrase,new,300,bp_mean,BP-CAP (seed mean),300,300,15,3,0.12639251093764298,0.059073420903202466,0.20785628439440113,2.045986551943241,0.7839619107365675,3.52308871828555,5.2653190500297535,2.5585492807410666,6.255930831607308,0.0808651429444502,4.212094215726197,6.432907247605158
zsre,paraphrase,new,300,epc_mean,PC-CAP (seed mean),300,300,15,3,0.20286345900000072,0.11334482618080723,0.308689160452531,3.363974519406896,1.8174887100132509,4.479108773047279,5.749940532751908,3.5922577466055414,6.3317970916826924,1.7158049434661318,4.822502824950816,6.432907247605158
zsre,paraphrase,new,300,bp_reader_s0,BP-CAP seed 0,300,300,15,3,0.16081105157336642,0.07362968595969716,0.26576316551984247,2.695082628250512,1.0709340685921194,4.638813263568091,6.221354855038167,3.9258563649618043,6.400193155489697,0.06525840660274786,6.029401904371031,6.432907247605158
zsre,paraphrase,new,300,bp_reader_s1,BP-CAP seed 1,300,300,15,3,0.07667511864040272,0.02095610694468631,0.1458792708144855,1.1302435045431463,0.08831314849492354,2.411245100910075,4.266951190071282,0.14627670135239243,6.255930831607308,0.054515139493646454,0.2585574902906138,6.432907247605158
zsre,paraphrase,new,300,bp_reader_s2,BP-CAP seed 2,300,300,15,3,0.14169136259915982,0.06079491905992382,0.23763572624357762,2.3376143885433356,0.8302615929789458,4.1161390278700445,6.122106583569382,3.08988265112892,6.400193155489697,0.06413727889696991,5.72803623401677,6.432907247605158
zsre,paraphrase,new,300,epc_reader_s0,PC-CAP seed 0,300,300,15,3,0.3200338850602004,0.17932943241903515,0.4819460724580032,5.6346187061429225,3.0371596752674543,6.542763393985488,7.1209832831261215,6.1904727746805,7.734649698260927,2.1721035384509046,6.4383911935632145,7.934437375777871
zsre,paraphrase,new,300,epc_reader_s1,PC-CAP seed 1,300,300,15,3,0.16836037097442255,0.08149043237715557,0.2739795525404535,2.8309066841239408,1.2269394364565234,4.743087040913936,6.122106583569382,4.35712214508734,6.400193155489697,0.0808651429444502,5.72803623401677,6.432907247605158
zsre,paraphrase,new,300,epc_reader_s2,PC-CAP seed 2,300,300,15,3,0.1201961209653793,0.04480311560838642,0.21104420741548324,1.9342239482272774,0.5498034995427606,3.6032840283756657,5.749940532751908,2.0174918985192822,6.3317970916826924,0.06413727889696991,4.822502824950816,6.432907247605158
zsre,unseen,new,300,frozen,Frozen GPT-2 (no cap),100,100,5,1,6.127532507087945,5.742821460626407,6.513651938575853,10.353255971603316,9.149536167295938,11.352779980389073,11.486760368683843,9.716893965471595,12.07792211999309,9.37819843692924,10.907421852400786,12.07792211999309
zsre,unseen,new,300,bp_mean,BP-CAP (seed mean),100,100,5,1,6.240004753514207,5.783653191674544,6.687404937869987,12.052460994821715,10.184330176476356,13.596580434251237,13.616729973905336,11.119061846682033,15.03464058989298,10.771777128243064,12.227177570237462,15.03464058989298
zsre,unseen,new,300,epc_mean,PC-CAP (seed mean),100,100,5,1,6.275450109756487,5.844010538372349,6.719199096279905,11.837979582797546,9.886543756035211,13.433715180942434,13.556281354943035,10.89417354060942,15.03464058989298,10.771777128243064,12.107489304692104,15.03464058989298
zsre,unseen,new,300,bp_reader_s0,BP-CAP seed 0,100,100,5,1,6.229268608122166,5.8008986111405845,6.652608004631556,11.584408738865454,9.5292035147066,13.433715180942434,13.556281354943035,10.260320515501133,15.03464058989298,10.065433069600088,12.107489304692104,15.03464058989298
zsre,unseen,new,300,bp_reader_s1,BP-CAP seed 1,100,100,5,1,6.209499306035887,5.695890024580649,6.7028854811563,12.711678239994212,10.403059358858007,14.15951300153759,14.260174209977842,11.71022359799128,15.03464058989298,11.347775484420287,13.501197157661014,15.03464058989298
zsre,unseen,new,300,bp_reader_s2,BP-CAP seed 2,100,100,5,1,6.281246346384568,5.78417428690561,6.77926938793953,12.711678239994212,10.403059358858007,14.15951300153759,14.260174209977842,11.71022359799128,15.03464058989298,11.347775484420287,13.501197157661014,15.03464058989298
zsre,unseen,new,300,epc_reader_s0,PC-CAP seed 0,100,100,5,1,6.2092033513024,5.7832365306019256,6.6360481650249366,11.584408738865454,9.5292035147066,13.433715180942434,13.556281354943035,10.260320515501133,15.03464058989298,10.065433069600088,12.107489304692104,15.03464058989298
zsre,unseen,new,300,epc_reader_s1,PC-CAP seed 1,100,100,5,1,6.3278768160657055,5.876225822589497,6.785713652359788,12.619689135455673,10.135422710447633,14.15951300153759,14.260174209977842,11.486728433513584,15.03464058989298,10.917944940305338,13.501197157661014,15.03464058989298
zsre,unseen,new,300,epc_reader_s2,PC-CAP seed 2,100,100,5,1,6.289270161901356,5.849638763936593,6.730074538553012,12.054023878379551,9.897858345821552,13.82422084141907,13.958190584657089,10.895598617374596,15.03464058989298,10.131910404094398,12.903269579525928,15.03464058989298
zsre,locality_item,true,300,frozen,Frozen GPT-2 (no cap),296,296,15,3,6.222613011080029,6.011966350189458,6.4304269203962905,10.33309106694387,9.790013719007577,10.809773466952375,11.273781967523545,10.716668845232949,11.31362149612626,9.446642747957055,10.995488321350846,11.31362149612626
zsre,locality_item,true,300,bp_mean,BP-CAP (seed mean),296,296,15,3,6.222613010994191,6.011966356494103,6.430426914142581,10.33309106694387,9.790013719007577,10.809773466952375,11.273781967523545,10.716668845232949,11.31362149612626,9.446642747957055,10.995488321350846,11.31362149612626
zsre,locality_item,true,300,epc_mean,PC-CAP (seed mean),296,296,15,3,6.222613010994191,6.011966356494103,6.430426914142581,10.33309106694387,9.790013719007577,10.809773466952375,11.273781967523545,10.716668845232949,11.31362149612626,9.446642747957055,10.995488321350846,11.31362149612626
zsre,locality_item,true,300,bp_reader_s0,BP-CAP seed 0,296,296,15,3,6.222613010994191,6.011966356494103,6.430426914142581,10.33309106694387,9.790013719007577,10.809773466952375,11.273781967523545,10.716668845232949,11.31362149612626,9.446642747957055,10.995488321350846,11.31362149612626
zsre,locality_item,true,300,bp_reader_s1,BP-CAP seed 1,296,296,15,3,6.222613010994191,6.011966356494103,6.430426914142581,10.33309106694387,9.790013719007577,10.809773466952375,11.273781967523545,10.716668845232949,11.31362149612626,9.446642747957055,10.995488321350846,11.31362149612626
zsre,locality_item,true,300,bp_reader_s2,BP-CAP seed 2,296,296,15,3,6.222613010994191,6.011966356494103,6.430426914142581,10.33309106694387,9.790013719007577,10.809773466952375,11.273781967523545,10.716668845232949,11.31362149612626,9.446642747957055,10.995488321350846,11.31362149612626
zsre,locality_item,true,300,epc_reader_s0,PC-CAP seed 0,296,296,15,3,6.222613010994191,6.011966356494103,6.430426914142581,10.33309106694387,9.790013719007577,10.809773466952375,11.273781967523545,10.716668845232949,11.31362149612626,9.446642747957055,10.995488321350846,11.31362149612626
zsre,locality_item,true,300,epc_reader_s1,PC-CAP seed 1,296,296,15,3,6.222613010994191,6.011966356494103,6.430426914142581,10.33309106694387,9.790013719007577,10.809773466952375,11.273781967523545,10.716668845232949,11.31362149612626,9.446642747957055,10.995488321350846,11.31362149612626
zsre,locality_item,true,300,epc_reader_s2,PC-CAP seed 2,296,296,15,3,6.222613010994191,6.011966356494103,6.430426914142581,10.33309106694387,9.790013719007577,10.809773466952375,11.273781967523545,10.716668845232949,11.31362149612626,9.446642747957055,10.995488321350846,11.31362149612626
zsre,locality,true,300,frozen,Frozen GPT-2 (no cap),50,50,3,1,8.064826392753176,7.58614934273077,8.550365237981712,11.55686871003809,10.619293525219819,11.763392290465077,11.763392290465077,10.751671979229343,11.763392290465077,11.103770012760222,11.64185824077904,11.763392290465077
zsre,locality,true,300,bp_mean,BP-CAP (seed mean),50,50,3,1,8.064826392753176,7.58614934273077,8.550365237981712,11.55686871003809,10.619293525219819,11.763392290465077,11.763392290465077,10.751671979229343,11.763392290465077,11.103770012760222,11.64185824077904,11.763392290465077
zsre,locality,true,300,epc_mean,PC-CAP (seed mean),50,50,3,1,8.064826392753176,7.58614934273077,8.550365237981712,11.55686871003809,10.619293525219819,11.763392290465077,11.763392290465077,10.751671979229343,11.763392290465077,11.103770012760222,11.64185824077904,11.763392290465077
zsre,locality,true,300,bp_reader_s0,BP-CAP seed 0,50,50,3,1,8.064826392753176,7.58614934273077,8.550365237981712,11.55686871003809,10.619293525219819,11.763392290465077,11.763392290465077,10.751671979229343,11.763392290465077,11.103770012760222,11.64185824077904,11.763392290465077
zsre,locality,true,300,bp_reader_s1,BP-CAP seed 1,50,50,3,1,8.064826392753176,7.58614934273077,8.550365237981712,11.55686871003809,10.619293525219819,11.763392290465077,11.763392290465077,10.751671979229343,11.763392290465077,11.103770012760222,11.64185824077904,11.763392290465077
zsre,locality,true,300,bp_reader_s2,BP-CAP seed 2,50,50,3,1,8.064826392753176,7.58614934273077,8.550365237981712,11.55686871003809,10.619293525219819,11.763392290465077,11.763392290465077,10.751671979229343,11.763392290465077,11.103770012760222,11.64185824077904,11.763392290465077
zsre,locality,true,300,epc_reader_s0,PC-CAP seed 0,50,50,3,1,8.064826392753176,7.58614934273077,8.550365237981712,11.55686871003809,10.619293525219819,11.763392290465077,11.763392290465077,10.751671979229343,11.763392290465077,11.103770012760222,11.64185824077904,11.763392290465077
zsre,locality,true,300,epc_reader_s1,PC-CAP seed 1,50,50,3,1,8.064826392753176,7.58614934273077,8.550365237981712,11.55686871003809,10.619293525219819,11.763392290465077,11.763392290465077,10.751671979229343,11.763392290465077,11.103770012760222,11.64185824077904,11.763392290465077
zsre,locality,true,300,epc_reader_s2,PC-CAP seed 2,50,50,3,1,8.064826392753176,7.58614934273077,8.550365237981712,11.55686871003809,10.619293525219819,11.763392290465077,11.763392290465077,10.751671979229343,11.763392290465077,11.103770012760222,11.64185824077904,11.763392290465077
zsre,near_miss_neighbour,true,300,frozen,Frozen GPT-2 (no cap),100,100,5,1,5.974323118113805,5.605054962624081,6.357353127231121,11.376631402708545,9.618589838511317,12.146276257217679,12.248524198834655,10.877440650066868,12.471777715629912,10.275389104574728,12.029735752375306,12.471777715629912
zsre,near_miss_neighbour,true,300,bp_mean,BP-CAP (seed mean),100,100,5,1,6.164675654944128,5.7331252023807755,6.623703744503761,12.669273195540741,10.61333007453593,13.813003184877921,13.953355981768048,12.023183424338006,14.592817466565416,11.44245741482263,13.326683726666635,14.592817466565416
zsre,near_miss_neighbour,true,300,epc_mean,PC-CAP (seed mean),100,100,5,1,6.100519107614811,5.703189518432444,6.52593527693558,12.09744402436367,10.021011729665405,13.457879752165914,13.532297591097663,11.410734949682407,14.592817466565416,10.466633792281215,12.492988113139278,14.592817466565416
zsre,near_miss_neighbour,true,300,bp_reader_s0,BP-CAP seed 0,100,100,5,1,6.192189230009669,5.779234351312639,6.643906788050401,12.394645138407896,10.593770924693395,13.487017268442928,13.532297591097663,11.805939406019519,14.592817466565416,11.424500188429342,12.492988113139278,14.592817466565416
zsre,near_miss_neighbour,true,300,bp_reader_s1,BP-CAP seed 1,100,100,5,1,6.161111069259817,5.682581688693594,6.6647110076900065,13.21852930980643,10.72324363936109,15.247617699409204,15.60112432456512,12.025270682039398,16.609431182564823,11.44245741482263,14.61298360372542,16.609431182564823
zsre,near_miss_neighbour,true,300,bp_reader_s2,BP-CAP seed 2,100,100,5,1,6.140726665562902,5.699645832000142,6.606898856433601,12.394645138407896,10.543258641391862,13.487017268442928,13.532297591097663,11.805939406019519,14.592817466565416,11.424500188429342,12.492988113139278,14.592817466565416
zsre,near_miss_neighbour,true,300,epc_reader_s0,PC-CAP seed 0,100,100,5,1,6.048459591652431,5.638028217025132,6.479937751634762,12.09744402436367,10.021011729665405,13.457879752165914,13.532297591097663,11.410734949682407,14.592817466565416,10.466633792281215,12.492988113139278,14.592817466565416
zsre,near_miss_neighbour,true,300,epc_reader_s1,PC-CAP seed 1,100,100,5,1,6.146976424056528,5.746797664723428,6.586879779409686,12.09744402436367,10.267942805442999,13.457879752165914,13.532297591097663,11.410734949682407,14.592817466565416,10.466633792281215,12.492988113139278,14.592817466565416
zsre,near_miss_neighbour,true,300,epc_reader_s2,PC-CAP seed 2,100,100,5,1,6.1061213071354725,5.7021934947235895,6.525364822677906,12.09744402436367,10.021011729665405,13.457879752165914,13.532297591097663,11.410734949682407,14.592817466565416,10.466633792281215,12.492988113139278,14.592817466565416
counterfact,edit,new,300,frozen,Frozen GPT-2 (no cap),300,300,15,3,6.956492905515606,6.79107598504539,7.110041854399177,10.062848464442279,9.522402180946477,10.615603772021807,11.096892953885341,10.367631582885794,11.635405260950966,9.12013372592055,10.576594033671306,11.704712612006215
counterfact,edit,new,300,bp_mean,BP-CAP (seed mean),300,300,15,3,0.04578298992863663,0.018732509185005217,0.07924855994188941,0.5542575236299244,0.05391025617204244,1.1732917893573975,2.0532643350911113,0.05752025768364559,3.011286551561556,0.05048241975948732,0.08248401223067289,3.1617366657482457
counterfact,edit,new,300,epc_mean,PC-CAP (seed mean),300,300,15,3,0.018750775723112442,0.0171089374619563,0.020411351840667332,0.054018854420066154,0.050866537683653554,0.056100554945893895,0.05779195929023828,0.05536420671484166,0.058667075502221167,0.05005662946499676,0.05689067718530353,0.05874506895361975
counterfact,edit,new,300,bp_reader_s0,BP-CAP seed 0,300,300,15,3,0.018750775723112442,0.0171089374619563,0.020411351840667332,0.054018854420066154,0.050866537683653554,0.056100554945893895,0.05779195929023828,0.05536420671484166,0.058667075502221167,0.05005662946499676,0.05689067718530353,0.05874506895361975
counterfact,edit,new,300,bp_reader_s1,BP-CAP seed 1,300,300,15,3,0.09984741833968501,0.018732509185005217,0.2004373256367391,1.5679655563370816,0.05391025617204244,3.447446604085718,6.10809646591974,0.05752025768364559,8.986066268638616,0.05048241975948732,0.13097301663095545,9.426082058261443
counterfact,edit,new,300,bp_reader_s2,BP-CAP seed 2,300,300,15,3,0.018750775723112442,0.0171089374619563,0.020411351840667332,0.054018854420066154,0.050866537683653554,0.056100554945893895,0.05779195929023828,0.05536420671484166,0.058667075502221167,0.05005662946499676,0.05689067718530353,0.05874506895361975
counterfact,edit,new,300,epc_reader_s0,PC-CAP seed 0,300,300,15,3,0.018750775723112442,0.0171089374619563,0.020411351840667332,0.054018854420066154,0.050866537683653554,0.056100554945893895,0.05779195929023828,0.05536420671484166,0.058667075502221167,0.05005662946499676,0.05689067718530353,0.05874506895361975
counterfact,edit,new,300,epc_reader_s1,PC-CAP seed 1,300,300,15,3,0.018750775723112442,0.0171089374619563,0.020411351840667332,0.054018854420066154,0.050866537683653554,0.056100554945893895,0.05779195929023828,0.05536420671484166,0.058667075502221167,0.05005662946499676,0.05689067718530353,0.05874506895361975
counterfact,edit,new,300,epc_reader_s2,PC-CAP seed 2,300,300,15,3,0.018750775723112442,0.0171089374619563,0.020411351840667332,0.054018854420066154,0.050866537683653554,0.056100554945893895,0.05779195929023828,0.05536420671484166,0.058667075502221167,0.05005662946499676,0.05689067718530353,0.05874506895361975
counterfact,paraphrase,new,300,frozen,Frozen GPT-2 (no cap),600,300,30,6,7.369458379896971,7.230406218069868,7.51147718517857,10.395510933234652,10.062294925340561,10.736113343240483,11.271348974709698,10.581368087814816,11.719924552152706,9.78286773583482,10.537473209487827,11.930701958284235
counterfact,paraphrase,new,300,bp_mean,BP-CAP (seed mean),600,300,30,6,1.3120115509649748,1.0954958081377133,1.5392118900303586,7.9291242168725296,7.264433887712349,8.422181765350471,9.213707316974231,8.514690626474817,9.863146229585041,6.805141670352486,8.607776286315234,10.381213934440048
counterfact,paraphrase,new,300,epc_mean,PC-CAP (seed mean),600,300,30,6,2.4285986958600954,2.147574277273384,2.712733019467786,8.784400239382915,8.409022948877327,9.049657660746925,9.549132833930129,9.06334438297119,10.011052855444666,8.149422163616666,9.080763556148968,10.381213934440048
counterfact,paraphrase,new,300,bp_reader_s0,BP-CAP seed 0,600,300,30,6,1.3622737585875093,1.1099067914069762,1.6273614982593017,8.997522891575375,8.559444570370951,9.396110160642422,10.015493561289219,9.288416722361847,10.432126742424057,8.18513694509822,9.318586857823744,10.498115054504169
counterfact,paraphrase,new,300,bp_reader_s1,BP-CAP seed 1,600,300,30,6,1.4486267371195345,1.1787212488179009,1.7336882907213997,9.190525147442093,8.71469110113441,9.671294180612657,10.322290038658325,9.51944997612649,11.134928791164526,8.369446773990584,9.721852189156015,11.695245652821583
counterfact,paraphrase,new,300,bp_reader_s2,BP-CAP seed 2,600,300,30,6,1.1251341571878801,0.9001463964458828,1.3627973601939802,8.688949330162911,8.124639796056831,9.15548953605771,9.898331910027894,9.076686318340316,10.53719356630784,7.776702989440848,9.133159042217809,10.825850215082298
counterfact,paraphrase,new,300,epc_reader_s0,PC-CAP seed 0,600,300,30,6,3.1833992444632884,2.822896965883843,3.5335685265558365,9.659791829874521,9.396160025864084,9.89273046202259,10.369154272426366,9.881260648674866,10.905447891025423,9.11229379517311,9.8906430941035,11.557114509182142
counterfact,paraphrase,new,300,epc_reader_s1,PC-CAP seed 1,600,300,30,6,1.5979869416073333,1.3186291592875141,1.8960067248188077,9.316615244715397,8.77352779943111,10.022792477005677,10.820719249059904,9.44948956326767,12.79149485037976,8.403585271783149,9.526755764492815,15.560566457657124
counterfact,paraphrase,new,300,epc_reader_s2,PC-CAP seed 2,600,300,30,6,2.5044099015096646,2.179759251107957,2.8524223787180425,9.69046187346332,9.213706753254844,10.241472150971045,11.060400233536557,9.95178057795097,11.689763816711489,8.861716112560892,10.382382945640687,11.930701958284235
counterfact,unseen,new,300,frozen,Frozen GPT-2 (no cap),100,100,5,1,6.923869119761246,6.631054654344921,7.2051788786377,9.69905828047275,9.201732683859902,9.862301962856726,9.865538423692314,9.551479063705848,10.00770317391514,9.447542401836566,9.726216968473947,10.00770317391514
counterfact,unseen,new,300,bp_mean,BP-CAP (seed mean),100,100,5,1,6.922647100546744,6.629728491776973,7.202734840208696,9.69905828047275,9.201732683859902,9.862301962856726,9.865538423692314,9.551479063705848,10.00770317391514,9.447542401836566,9.726216968473947,10.00770317391514
counterfact,unseen,new,300,epc_mean,PC-CAP (seed mean),100,100,5,1,6.922647100546744,6.629728491776973,7.202734840208696,9.69905828047275,9.201732683859902,9.862301962856726,9.865538423692314,9.551479063705848,10.00770317391514,9.447542401836566,9.726216968473947,10.00770317391514
counterfact,unseen,new,300,bp_reader_s0,BP-CAP seed 0,100,100,5,1,6.923869119761246,6.631054654344921,7.2051788786377,9.69905828047275,9.201732683859902,9.862301962856726,9.865538423692314,9.551479063705848,10.00770317391514,9.447542401836566,9.726216968473947,10.00770317391514
counterfact,unseen,new,300,bp_reader_s1,BP-CAP seed 1,100,100,5,1,6.920203062117741,6.629186878750655,7.201303262996221,9.69905828047275,9.201732683859902,9.862301962856726,9.865538423692314,9.551479063705848,10.00770317391514,9.447542401836566,9.726216968473947,10.00770317391514
counterfact,unseen,new,300,bp_reader_s2,BP-CAP seed 2,100,100,5,1,6.923869119761246,6.631054654344921,7.2051788786377,9.69905828047275,9.201732683859902,9.862301962856726,9.865538423692314,9.551479063705848,10.00770317391514,9.447542401836566,9.726216968473947,10.00770317391514
counterfact,unseen,new,300,epc_reader_s0,PC-CAP seed 0,100,100,5,1,6.923869119761246,6.631054654344921,7.2051788786377,9.69905828047275,9.201732683859902,9.862301962856726,9.865538423692314,9.551479063705848,10.00770317391514,9.447542401836566,9.726216968473947,10.00770317391514
counterfact,unseen,new,300,epc_reader_s1,PC-CAP seed 1,100,100,5,1,6.920203062117741,6.629186878750655,7.201303262996221,9.69905828047275,9.201732683859902,9.862301962856726,9.865538423692314,9.551479063705848,10.00770317391514,9.447542401836566,9.726216968473947,10.00770317391514
counterfact,unseen,new,300,epc_reader_s2,PC-CAP seed 2,100,100,5,1,6.923869119761246,6.631054654344921,7.2051788786377,9.69905828047275,9.201732683859902,9.862301962856726,9.865538423692314,9.551479063705848,10.00770317391514,9.447542401836566,9.726216968473947,10.00770317391514
counterfact,locality_item,true,300,frozen,Frozen GPT-2 (no cap),900,300,45,9,6.295210973955864,6.149579415505356,6.442910593575626,10.026152382735606,9.517508353006672,10.414103604183211,11.090090280424468,10.564659646845161,11.502577138502437,9.069803247911961,10.682416970351149,12.008044126835351
counterfact,locality_item,true,300,bp_mean,BP-CAP (seed mean),900,300,45,9,6.288920167808645,6.14095410616973,6.438279568760145,10.026152382735606,9.517508353006672,10.414103604183211,11.090090280424468,10.564659646845161,11.502577138502437,9.069803247911961,10.682416970351149,12.008044126835351
counterfact,locality_item,true,300,epc_mean,PC-CAP (seed mean),900,300,45,9,6.276133319273618,6.128826505714788,6.425795337417439,10.026152382735606,9.519332424218852,10.414103604183211,11.090090280424468,10.564659646845161,11.502577138502437,9.069803247911961,10.682416970351149,12.008044126835351
counterfact,locality_item,true,300,bp_reader_s0,BP-CAP seed 0,900,300,45,9,6.2882594010274,6.140100102552606,6.4381098651524535,10.026152382735606,9.517508353006672,10.414103604183211,11.090090280424468,10.564659646845161,11.502577138502437,9.069803247911961,10.682416970351149,12.008044126835351
counterfact,locality_item,true,300,bp_reader_s1,BP-CAP seed 1,900,300,45,9,6.2865052603457,6.138159901126416,6.435345983824391,10.026152382735606,9.517508353006672,10.414103604183211,11.090090280424468,10.564659646845161,11.502577138502437,9.069803247911961,10.682416970351149,12.008044126835351
counterfact,locality_item,true,300,bp_reader_s2,BP-CAP seed 2,900,300,45,9,6.291995842052836,6.144119775893155,6.44085577043439,10.026152382735606,9.517508353006672,10.414103604183211,11.090090280424468,10.564659646845161,11.502577138502437,9.069803247911961,10.682416970351149,12.008044126835351
counterfact,locality_item,true,300,epc_reader_s0,PC-CAP seed 0,900,300,45,9,6.268599318919064,6.1177089490469045,6.42088626925062,10.026152382735606,9.517508353006672,10.414103604183211,11.090090280424468,10.564659646845161,11.502577138502437,9.069803247911961,10.682416970351149,12.008044126835351
counterfact,locality_item,true,300,epc_reader_s1,PC-CAP seed 1,900,300,45,9,6.271541237874389,6.122636999856733,6.423040805445852,10.035862541479927,9.537341705869617,10.414103604183211,11.090090280424468,10.564659646845161,11.502577138502437,9.15575859371893,10.682416970351149,12.008044126835351
counterfact,locality_item,true,300,epc_reader_s2,PC-CAP seed 2,900,300,45,9,6.2882594010274,6.140100102552606,6.4381098651524535,10.026152382735606,9.517508353006672,10.414103604183211,11.090090280424468,10.564659646845161,11.502577138502437,9.069803247911961,10.682416970351149,12.008044126835351
counterfact,locality,true,300,frozen,Frozen GPT-2 (no cap),50,50,3,1,8.053678849568193,7.755806027397187,8.385554281736379,10.74384981042156,9.287670779396429,12.81625214243831,12.816252142438312,9.457571283400846,12.816252142438312,9.517753979442427,11.361957024283178,12.816252142438312
counterfact,locality,true,300,bp_mean,BP-CAP (seed mean),50,50,3,1,8.053678849568193,7.755806027397187,8.385554281736379,10.74384981042156,9.287670779396429,12.81625214243831,12.81625214243831,9.457571283400846,12.81625214243831,9.517753979442427,11.361957024283177,12.81625214243831
counterfact,locality,true,300,epc_mean,PC-CAP (seed mean),50,50,3,1,8.053678849568193,7.755806027397187,8.385554281736379,10.74384981042156,9.287670779396429,12.81625214243831,12.81625214243831,9.457571283400846,12.81625214243831,9.517753979442427,11.361957024283177,12.81625214243831
counterfact,locality,true,300,bp_reader_s0,BP-CAP seed 0,50,50,3,1,8.053678849568193,7.755806027397187,8.385554281736379,10.74384981042156,9.287670779396429,12.81625214243831,12.816252142438312,9.457571283400846,12.816252142438312,9.517753979442427,11.361957024283178,12.816252142438312
counterfact,locality,true,300,bp_reader_s1,BP-CAP seed 1,50,50,3,1,8.053678849568193,7.755806027397187,8.385554281736379,10.74384981042156,9.287670779396429,12.81625214243831,12.816252142438312,9.457571283400846,12.816252142438312,9.517753979442427,11.361957024283178,12.816252142438312
counterfact,locality,true,300,bp_reader_s2,BP-CAP seed 2,50,50,3,1,8.053678849568193,7.755806027397187,8.385554281736379,10.74384981042156,9.287670779396429,12.81625214243831,12.816252142438312,9.457571283400846,12.816252142438312,9.517753979442427,11.361957024283178,12.816252142438312
counterfact,locality,true,300,epc_reader_s0,PC-CAP seed 0,50,50,3,1,8.053678849568193,7.755806027397187,8.385554281736379,10.74384981042156,9.287670779396429,12.81625214243831,12.816252142438312,9.457571283400846,12.816252142438312,9.517753979442427,11.361957024283178,12.816252142438312
counterfact,locality,true,300,epc_reader_s1,PC-CAP seed 1,50,50,3,1,8.053678849568193,7.755806027397187,8.385554281736379,10.74384981042156,9.287670779396429,12.81625214243831,12.816252142438312,9.457571283400846,12.816252142438312,9.517753979442427,11.361957024283178,12.816252142438312
counterfact,locality,true,300,epc_reader_s2,PC-CAP seed 2,50,50,3,1,8.053678849568193,7.755806027397187,8.385554281736379,10.74384981042156,9.287670779396429,12.81625214243831,12.816252142438312,9.457571283400846,12.816252142438312,9.517753979442427,11.361957024283178,12.816252142438312
counterfact,near_miss_neighbour,true,300,frozen,Frozen GPT-2 (no cap),100,100,5,1,7.167205053350036,6.8540220157998455,7.495310598139961,10.586615366117313,9.597206430120007,11.293210902879258,11.335760556450051,10.06063048468455,11.41116301710354,9.73044167401893,11.261866145009632,11.41116301710354
counterfact,near_miss_neighbour,true,300,bp_mean,BP-CAP (seed mean),100,100,5,1,7.160641484117129,6.844439405276449,7.495131580612876,10.586615366117313,9.597206430120007,11.293210902879258,11.335760556450051,10.06063048468455,11.41116301710354,9.73044167401893,11.261866145009632,11.41116301710354
counterfact,near_miss_neighbour,true,300,epc_mean,PC-CAP (seed mean),100,100,5,1,7.1194011725905435,6.816239510945944,7.441935377405695,10.586615366117313,9.590269101522736,11.293210902879258,11.335760556450051,10.06063048468455,11.41116301710354,9.73044167401893,11.261866145009632,11.41116301710354
counterfact,near_miss_neighbour,true,300,bp_reader_s0,BP-CAP seed 0,100,100,5,1,7.167205053350036,6.8540220157998455,7.495310598139961,10.586615366117313,9.597206430120007,11.293210902879258,11.335760556450051,10.06063048468455,11.41116301710354,9.73044167401893,11.261866145009632,11.41116301710354
counterfact,near_miss_neighbour,true,300,bp_reader_s1,BP-CAP seed 1,100,100,5,1,7.147514345651315,6.830245304516604,7.48203423481999,10.586615366117313,9.597206430120007,11.293210902879258,11.335760556450051,10.06063048468455,11.41116301710354,9.73044167401893,11.261866145009632,11.41116301710354
counterfact,near_miss_neighbour,true,300,bp_reader_s2,BP-CAP seed 2,100,100,5,1,7.167205053350036,6.8540220157998455,7.495310598139961,10.586615366117313,9.597206430120007,11.293210902879258,11.335760556450051,10.06063048468455,11.41116301710354,9.73044167401893,11.261866145009632,11.41116301710354
counterfact,near_miss_neighbour,true,300,epc_reader_s0,PC-CAP seed 0,100,100,5,1,7.110295419225782,6.807545781326245,7.437318927892751,10.586615366117313,9.590269101522736,11.293210902879258,11.335760556450051,10.06063048468455,11.41116301710354,9.73044167401893,11.261866145009632,11.41116301710354
counterfact,near_miss_neighbour,true,300,epc_reader_s1,PC-CAP seed 1,100,100,5,1,7.090933498666738,6.790207621969685,7.410971077218744,10.586615366117313,9.590269101522736,11.293210902879258,11.335760556450051,10.06063048468455,11.41116301710354,9.73044167401893,11.261866145009632,11.41116301710354
counterfact,near_miss_neighbour,true,300,epc_reader_s2,PC-CAP seed 2,100,100,5,1,7.15697459987911,6.843333123478505,7.479847617553682,10.586615366117313,9.597206430120007,11.293210902879258,11.335760556450051,10.06063048468455,11.41116301710354,9.73044167401893,11.261866145009632,11.41116301710354
mquake,edit,new,300,frozen,Frozen GPT-2 (no cap),300,300,15,3,5.171186506890332,5.017618519495189,5.3260186048933065,8.392381717129755,7.7970508470589985,8.880973664407332,9.42458900955468,8.54609945415959,9.830920068694311,7.529554371543843,9.147743696544051,9.985891179767236
mquake,edit,new,300,bp_mean,BP-CAP (seed mean),300,300,15,3,0.12375246433118678,0.07450841887752846,0.17597744281008043,1.9341226474576674,1.147105316454259,2.277795007800579,2.665013017356187,2.0627902997284213,2.799757960743864,1.3041428989216044,2.4224871779538577,2.831372925059597
mquake,edit,new,300,epc_mean,PC-CAP (seed mean),300,300,15,3,0.014545922887145955,0.013292738640417601,0.015775659217164752,0.04730358570155587,0.0405474699964319,0.052147402750108506,0.055326681055879234,0.05017344595915674,0.05904361112888701,0.037506303379571795,0.05116577464577956,0.059647815537658744
mquake,edit,new,300,bp_reader_s0,BP-CAP seed 0,300,300,15,3,0.014545922887145955,0.013292738640417601,0.015775659217164752,0.04730358570155587,0.0405474699964319,0.052147402750108506,0.055326681055879234,0.05017344595915674,0.05904361112888701,0.037506303379571795,0.05116577464577956,0.059647815537658744
mquake,edit,new,300,bp_reader_s1,BP-CAP seed 1,300,300,15,3,0.34216554721926845,0.1940785205688097,0.49976114855626963,5.779427793177533,3.386100397809899,6.810166324966796,7.971712003632509,6.164727140586257,8.378609027531509,3.9039765358022325,7.24730571821506,8.472001437162461
mquake,edit,new,300,bp_reader_s2,BP-CAP seed 2,300,300,15,3,0.014545922887145955,0.013292738640417601,0.015775659217164752,0.04730358570155587,0.0405474699964319,0.052147402750108506,0.055326681055879234,0.05017344595915674,0.05904361112888701,0.037506303379571795,0.05116577464577956,0.059647815537658744
mquake,edit,new,300,epc_reader_s0,PC-CAP seed 0,300,300,15,3,0.014545922887145955,0.013292738640417601,0.015775659217164752,0.04730358570155587,0.0405474699964319,0.052147402750108506,0.055326681055879234,0.05017344595915674,0.05904361112888701,0.037506303379571795,0.05116577464577956,0.059647815537658744
mquake,edit,new,300,epc_reader_s1,PC-CAP seed 1,300,300,15,3,0.014545922887145955,0.013292738640417601,0.015775659217164752,0.04730358570155587,0.0405474699964319,0.052147402750108506,0.055326681055879234,0.05017344595915674,0.05904361112888701,0.037506303379571795,0.05116577464577956,0.059647815537658744
mquake,edit,new,300,epc_reader_s2,PC-CAP seed 2,300,300,15,3,0.014545922887145955,0.013292738640417601,0.015775659217164752,0.04730358570155587,0.0405474699964319,0.052147402750108506,0.055326681055879234,0.05017344595915674,0.05904361112888701,0.037506303379571795,0.05116577464577956,0.059647815537658744
mquake,paraphrase,new,300,frozen,Frozen GPT-2 (no cap),300,300,15,3,6.048105875812637,5.825112148776438,6.259717280246905,10.115575523683377,9.469120341478654,10.677540735501049,11.373820550329734,10.163436570211339,12.014641230317414,9.308847828347137,10.91287047963815,12.265056508895867
mquake,paraphrase,new,300,bp_mean,BP-CAP (seed mean),300,300,15,3,1.5921563787163318,1.381699837705937,1.8187024553439404,6.839707811866826,5.954656658358741,7.747616935590225,8.82065150634012,7.0611585800419245,9.98181767132267,5.595627631049506,7.699923052140146,10.446453692487616
mquake,paraphrase,new,300,epc_mean,PC-CAP (seed mean),300,300,15,3,2.087104807411751,1.8206673054682396,2.377984865644155,7.616538459509431,7.009610951199487,8.243145481509366,8.92443447997258,7.592457243369339,10.015754173840188,6.733078365239951,7.94620090773847,10.446453692487616
mquake,paraphrase,new,300,bp_reader_s0,BP-CAP seed 0,300,300,15,3,2.0091123783361216,1.721647600001172,2.3146500953076563,8.086284764862748,7.361068224304933,8.84289124659646,9.703354605886107,8.237341645445401,10.90316305212021,7.1185049504470985,8.589267067928532,11.055399505331074
mquake,paraphrase,new,300,bp_reader_s1,BP-CAP seed 1,300,300,15,3,1.2760445736763328,1.060836998346849,1.518882057450241,7.218054920290648,6.3636099448427235,8.10891358336513,9.155906147323728,7.41856955997939,10.051241687136102,5.92367897695698,8.589267067928532,10.446453692487616
mquake,paraphrase,new,300,bp_reader_s2,BP-CAP seed 2,300,300,15,3,1.4913121841365407,1.252504124578406,1.7475354949953763,7.378301294584343,6.743831715119658,8.06749721461245,8.897808728790503,7.415983352070483,10.051241687136102,6.504393241558435,7.700232380405623,10.446453692487616
mquake,paraphrase,new,300,epc_reader_s0,PC-CAP seed 0,300,300,15,3,2.098866107528019,1.8161986864750599,2.4099190588472643,8.031754570439137,7.338864953072297,8.774888084154995,9.703354605886107,8.033510353758713,10.90316305212021,7.147238253265557,8.589267067928532,11.055399505331074
mquake,paraphrase,new,300,epc_reader_s1,PC-CAP seed 1,300,300,15,3,1.9941420776026344,1.7096653229420824,2.29338907397425,7.771165400399672,7.136431158775306,8.37238957918382,8.952547226725308,7.8350773256018655,10.015754173840188,6.853228235410447,8.057527384879274,10.446453692487616
mquake,paraphrase,new,300,epc_reader_s2,PC-CAP seed 2,300,300,15,3,2.1683062371045994,1.8835310876747435,2.47944991690921,7.9808382562860825,7.357771741658536,8.59088439048308,9.280336982323874,8.1088983478765,10.175672522136248,7.147260100425505,8.589267067928532,10.446453692487616
mquake,unseen,new,300,frozen,Frozen GPT-2 (no cap),100,100,5,1,5.283694153710732,5.011896733073115,5.550104019990503,7.984883770080711,7.167946693357606,9.018845481814465,9.034326785649771,7.393946968441487,10.184445254008482,7.2053478588789135,7.907210686658245,10.184445254008482
mquake,unseen,new,300,bp_mean,BP-CAP (seed mean),100,100,5,1,5.283694153710732,5.011896733073115,5.550104019990503,7.984883770080711,7.167946693357606,9.018845481814465,9.034326785649771,7.393946968441487,10.184445254008482,7.2053478588789135,7.907210686658245,10.184445254008482
mquake,unseen,new,300,epc_mean,PC-CAP (seed mean),100,100,5,1,5.283694153710732,5.011896733073115,5.550104019990503,7.984883770080711,7.167946693357606,9.018845481814465,9.034326785649771,7.393946968441487,10.184445254008482,7.2053478588789135,7.907210686658245,10.184445254008482
mquake,unseen,new,300,bp_reader_s0,BP-CAP seed 0,100,100,5,1,5.283694153710732,5.011896733073115,5.550104019990503,7.984883770080711,7.167946693357606,9.018845481814465,9.034326785649771,7.393946968441487,10.184445254008482,7.2053478588789135,7.907210686658245,10.184445254008482
mquake,unseen,new,300,bp_reader_s1,BP-CAP seed 1,100,100,5,1,5.283694153710732,5.011896733073115,5.550104019990503,7.984883770080711,7.167946693357606,9.018845481814465,9.034326785649771,7.393946968441487,10.184445254008482,7.2053478588789135,7.907210686658245,10.184445254008482
mquake,unseen,new,300,bp_reader_s2,BP-CAP seed 2,100,100,5,1,5.283694153710732,5.011896733073115,5.550104019990503,7.984883770080711,7.167946693357606,9.018845481814465,9.034326785649771,7.393946968441487,10.184445254008482,7.2053478588789135,7.907210686658245,10.184445254008482
mquake,unseen,new,300,epc_reader_s0,PC-CAP seed 0,100,100,5,1,5.283694153710732,5.011896733073115,5.550104019990503,7.984883770080711,7.167946693357606,9.018845481814465,9.034326785649771,7.393946968441487,10.184445254008482,7.2053478588789135,7.907210686658245,10.184445254008482
mquake,unseen,new,300,epc_reader_s1,PC-CAP seed 1,100,100,5,1,5.283694153710732,5.011896733073115,5.550104019990503,7.984883770080711,7.167946693357606,9.018845481814465,9.034326785649771,7.393946968441487,10.184445254008482,7.2053478588789135,7.907210686658245,10.184445254008482
mquake,unseen,new,300,epc_reader_s2,PC-CAP seed 2,100,100,5,1,5.283694153710732,5.011896733073115,5.550104019990503,7.984883770080711,7.167946693357606,9.018845481814465,9.034326785649771,7.393946968441487,10.184445254008482,7.2053478588789135,7.907210686658245,10.184445254008482
mquake,locality_item,true,300,frozen,Frozen GPT-2 (no cap),600,300,30,6,4.487078912429388,4.337716239071362,4.628022603363129,7.664312291082796,7.213880480657127,8.090026946155053,8.656044255927133,7.99741913592879,9.441092044946888,6.901186500348964,8.037651943005239,10.45612632085745
mquake,locality_item,true,300,bp_mean,BP-CAP (seed mean),600,300,30,6,4.730600315750774,4.557599539363539,4.898844110480163,9.599189498062744,8.707222604873166,10.554867392158414,12.765594196489346,10.768273391118024,14.112009995500983,7.844166131798497,10.993078490802912,15.183589178976526
mquake,locality_item,true,300,epc_mean,PC-CAP (seed mean),600,300,30,6,4.737658328199994,4.564988230981519,4.90658032876164,9.722942867823223,8.78857776059005,10.702357261954246,12.903062095102841,11.003302015923616,14.112009995500983,7.844166131798497,11.427850141265193,15.183589178976526
mquake,locality_item,true,300,bp_reader_s0,BP-CAP seed 0,600,300,30,6,4.7224123260320505,4.551020895690006,4.8922559376870405,9.59039460695459,8.688964743191514,10.551490686957656,12.765594196489346,10.768273391118024,14.112009995500983,7.842113247547585,10.993078490802912,15.183589178976526
mquake,locality_item,true,300,bp_reader_s1,BP-CAP seed 1,600,300,30,6,4.7327315726357835,4.560020540527309,4.9033361917636835,9.722942867823223,8.777703241878076,10.702357261954246,12.903062095102841,11.003302015923616,14.112009995500983,7.844166131798497,11.427850141265193,15.183589178976526
mquake,locality_item,true,300,bp_reader_s2,BP-CAP seed 2,600,300,30,6,4.736657048584491,4.5656022650982315,4.90751502770352,9.621969534475271,8.73313924305548,10.573312626635099,12.765594196489346,10.768273391118024,14.112009995500983,7.844166131798497,10.993078490802912,15.183589178976526
mquake,locality_item,true,300,epc_reader_s0,PC-CAP seed 0,600,300,30,6,4.728588934875933,4.555472451343135,4.896986960046702,9.722942867823223,8.777703241878076,10.702357261954246,12.903062095102841,11.003302015923616,14.112009995500983,7.844166131798497,11.427850141265193,15.183589178976526
mquake,locality_item,true,300,epc_reader_s1,PC-CAP seed 1,600,300,30,6,4.745519574293633,4.571459241061142,4.916568884920953,9.754457274418407,8.843628002502491,10.71765158382062,12.903062095102841,11.003302015923616,14.112009995500983,7.85032144697622,11.427850141265193,15.183589178976526
mquake,locality_item,true,300,epc_reader_s2,PC-CAP seed 2,600,300,30,6,4.738866475430416,4.566344792422238,4.908500859100618,9.754457274418407,8.83512428937293,10.71765158382062,12.903062095102841,11.003302015923616,14.112009995500983,7.85032144697622,11.427850141265193,15.183589178976526
mquake,locality,true,300,frozen,Frozen GPT-2 (no cap),50,50,3,1,5.336382745115409,4.974364437604527,5.7047379365493525,7.905827534700595,7.06587751785094,8.718757050637407,8.718757050637407,7.238782123698456,8.718757050637407,7.2756392516391495,8.216102026063213,8.718757050637407
mquake,locality,true,300,bp_mean,BP-CAP (seed mean),50,50,3,1,5.336382745115409,4.974364437604527,5.7047379365493525,7.905827534700595,7.06587751785094,8.718757050637407,8.718757050637407,7.238782123698456,8.718757050637407,7.2756392516391495,8.216102026063213,8.718757050637407
mquake,locality,true,300,epc_mean,PC-CAP (seed mean),50,50,3,1,5.336382745115409,4.974364437604527,5.7047379365493525,7.905827534700595,7.06587751785094,8.718757050637407,8.718757050637407,7.238782123698456,8.718757050637407,7.2756392516391495,8.216102026063213,8.718757050637407
mquake,locality,true,300,bp_reader_s0,BP-CAP seed 0,50,50,3,1,5.336382745115409,4.974364437604527,5.7047379365493525,7.905827534700595,7.06587751785094,8.718757050637407,8.718757050637407,7.238782123698456,8.718757050637407,7.2756392516391495,8.216102026063213,8.718757050637407
mquake,locality,true,300,bp_reader_s1,BP-CAP seed 1,50,50,3,1,5.336382745115409,4.974364437604527,5.7047379365493525,7.905827534700595,7.06587751785094,8.718757050637407,8.718757050637407,7.238782123698456,8.718757050637407,7.2756392516391495,8.216102026063213,8.718757050637407
mquake,locality,true,300,bp_reader_s2,BP-CAP seed 2,50,50,3,1,5.336382745115409,4.974364437604527,5.7047379365493525,7.905827534700595,7.06587751785094,8.718757050637407,8.718757050637407,7.238782123698456,8.718757050637407,7.2756392516391495,8.216102026063213,8.718757050637407
mquake,locality,true,300,epc_reader_s0,PC-CAP seed 0,50,50,3,1,5.336382745115409,4.974364437604527,5.7047379365493525,7.905827534700595,7.06587751785094,8.718757050637407,8.718757050637407,7.238782123698456,8.718757050637407,7.2756392516391495,8.216102026063213,8.718757050637407
mquake,locality,true,300,epc_reader_s1,PC-CAP seed 1,50,50,3,1,5.336382745115409,4.974364437604527,5.7047379365493525,7.905827534700595,7.06587751785094,8.718757050637407,8.718757050637407,7.238782123698456,8.718757050637407,7.2756392516391495,8.216102026063213,8.718757050637407
mquake,locality,true,300,epc_reader_s2,PC-CAP seed 2,50,50,3,1,5.336382745115409,4.974364437604527,5.7047379365493525,7.905827534700595,7.06587751785094,8.718757050637407,8.718757050637407,7.238782123698456,8.718757050637407,7.2756392516391495,8.216102026063213,8.718757050637407
mquake,near_miss_neighbour,true,300,frozen,Frozen GPT-2 (no cap),100,100,5,1,5.204110113351358,4.901057516455696,5.530982494943906,8.615354299454456,7.781341220934569,9.377116717324403,9.403121875439773,8.219525357965152,9.953967243507384,8.163016606427059,8.863293414733517,9.953967243507384
mquake,near_miss_neighbour,true,300,bp_mean,BP-CAP (seed mean),100,100,5,1,5.204110113351358,4.901057516455696,5.530982494943906,8.615354299454456,7.781341220934569,9.377116717324403,9.403121875439773,8.219525357965152,9.953967243507384,8.163016606427059,8.863293414733517,9.953967243507384
mquake,near_miss_neighbour,true,300,epc_mean,PC-CAP (seed mean),100,100,5,1,5.204110113351358,4.901057516455696,5.530982494943906,8.615354299454456,7.781341220934569,9.377116717324403,9.403121875439773,8.219525357965152,9.953967243507384,8.163016606427059,8.863293414733517,9.953967243507384
mquake,near_miss_neighbour,true,300,bp_reader_s0,BP-CAP seed 0,100,100,5,1,5.204110113351358,4.901057516455696,5.530982494943906,8.615354299454456,7.781341220934569,9.377116717324403,9.403121875439773,8.219525357965152,9.953967243507384,8.163016606427059,8.863293414733517,9.953967243507384
mquake,near_miss_neighbour,true,300,bp_reader_s1,BP-CAP seed 1,100,100,5,1,5.204110113351358,4.901057516455696,5.530982494943906,8.615354299454456,7.781341220934569,9.377116717324403,9.403121875439773,8.219525357965152,9.953967243507384,8.163016606427059,8.863293414733517,9.953967243507384
mquake,near_miss_neighbour,true,300,bp_reader_s2,BP-CAP seed 2,100,100,5,1,5.204110113351358,4.901057516455696,5.530982494943906,8.615354299454456,7.781341220934569,9.377116717324403,9.403121875439773,8.219525357965152,9.953967243507384,8.163016606427059,8.863293414733517,9.953967243507384
mquake,near_miss_neighbour,true,300,epc_reader_s0,PC-CAP seed 0,100,100,5,1,5.204110113351358,4.901057516455696,5.530982494943906,8.615354299454456,7.781341220934569,9.377116717324403,9.403121875439773,8.219525357965152,9.953967243507384,8.163016606427059,8.863293414733517,9.953967243507384
mquake,near_miss_neighbour,true,300,epc_reader_s1,PC-CAP seed 1,100,100,5,1,5.204110113351358,4.901057516455696,5.530982494943906,8.615354299454456,7.781341220934569,9.377116717324403,9.403121875439773,8.219525357965152,9.953967243507384,8.163016606427059,8.863293414733517,9.953967243507384
mquake,near_miss_neighbour,true,300,epc_reader_s2,PC-CAP seed 2,100,100,5,1,5.204110113351358,4.901057516455696,5.530982494943906,8.615354299454456,7.781341220934569,9.377116717324403,9.403121875439773,8.219525357965152,9.953967243507384,8.163016606427059,8.863293414733517,9.953967243507384
zsre,edit,new,100,frozen,Frozen GPT-2 (no cap),100,100,5,1,6.167457103535315,5.791659815336134,6.61149376762003,11.008527080435265,9.852516000387043,12.01332288968252,12.081261750588403,10.533335634559954,12.219442484634264,9.735236019516655,11.945844631223462,12.219442484634264
zsre,edit,new,100,bp_mean,BP-CAP (seed mean),100,100,5,1,0.014285075570907364,0.012563985768255109,0.016110023896371915,0.03622468068295169,0.02955750276336424,0.0409736495531566,0.04118247820904131,0.03200763144496488,0.04290191856713221,0.031326340109832644,0.039497426658112234,0.04290191856713221
zsre,edit,new,100,epc_mean,PC-CAP (seed mean),100,100,5,1,0.014285075570907364,0.012563985768255109,0.016110023896371915,0.03622468068295169,0.02955750276336424,0.0409736495531566,0.04118247820904131,0.03200763144496488,0.04290191856713221,0.031326340109832644,0.039497426658112234,0.04290191856713221
zsre,edit,new,100,bp_reader_s0,BP-CAP seed 0,100,100,5,1,0.014285075570907364,0.012563985768255109,0.016110023896371915,0.03622468068295169,0.02955750276336424,0.0409736495531566,0.04118247820904131,0.03200763144496488,0.04290191856713221,0.031326340109832644,0.039497426658112234,0.04290191856713221
zsre,edit,new,100,bp_reader_s1,BP-CAP seed 1,100,100,5,1,0.014285075570907364,0.012563985768255109,0.016110023896371915,0.03622468068295169,0.02955750276336424,0.0409736495531566,0.04118247820904131,0.03200763144496488,0.04290191856713221,0.031326340109832644,0.039497426658112234,0.04290191856713221
zsre,edit,new,100,bp_reader_s2,BP-CAP seed 2,100,100,5,1,0.014285075570907364,0.012563985768255109,0.016110023896371915,0.03622468068295169,0.02955750276336424,0.0409736495531566,0.04118247820904131,0.03200763144496488,0.04290191856713221,0.031326340109832644,0.039497426658112234,0.04290191856713221
zsre,edit,new,100,epc_reader_s0,PC-CAP seed 0,100,100,5,1,0.014285075570907364,0.012563985768255109,0.016110023896371915,0.03622468068295169,0.02955750276336424,0.0409736495531566,0.04118247820904131,0.03200763144496488,0.04290191856713221,0.031326340109832644,0.039497426658112234,0.04290191856713221
zsre,edit,new,100,epc_reader_s1,PC-CAP seed 1,100,100,5,1,0.014285075570907364,0.012563985768255109,0.016110023896371915,0.03622468068295169,0.02955750276336424,0.0409736495531566,0.04118247820904131,0.03200763144496488,0.04290191856713221,0.031326340109832644,0.039497426658112234,0.04290191856713221
zsre,edit,new,100,epc_reader_s2,PC-CAP seed 2,100,100,5,1,0.014285075570907364,0.012563985768255109,0.016110023896371915,0.03622468068295169,0.02955750276336424,0.0409736495531566,0.04118247820904131,0.03200763144496488,0.04290191856713221,0.031326340109832644,0.039497426658112234,0.04290191856713221
zsre,paraphrase,new,100,frozen,Frozen GPT-2 (no cap),100,100,5,1,6.266459267227324,5.8496541446726855,6.764998269276477,11.295675853391415,10.498272806362952,11.786207673332704,11.786207673332704,11.034946693816167,12.274476586117132,11.003645815773936,11.30770413880397,12.274476586117132
zsre,paraphrase,new,100,bp_mean,BP-CAP (seed mean),100,100,5,1,0.18105676173014804,0.030383739804444088,0.3845896493694636,2.717016660241216,0.20063407153960788,5.289293778270611,5.320055941168498,0.42100276800524117,6.432907247605158,0.10828732855848439,4.229461660860582,6.432907247605158
zsre,paraphrase,new,100,epc_mean,PC-CAP (seed mean),100,100,5,1,0.3608987893075328,0.14357176100816416,0.6338290539944482,4.756969680979157,2.102294904174285,6.028173611086582,6.230686935760227,4.018056390676932,6.432907247605158,3.183176668540015,6.032511030152197,6.432907247605158
zsre,paraphrase,new,100,bp_reader_s0,BP-CAP seed 0,100,100,5,1,0.22906215981605946,0.033708068143086314,0.47885459848847894,3.51710662833974,0.2560395438503116,6.321881687502899,6.367479063374237,0.5872191849373523,6.432907247605158,0.10828732855848439,6.303359442827935,6.432907247605158
zsre,paraphrase,new,100,bp_reader_s1,BP-CAP seed 1,100,100,5,1,0.08504596555832515,0.017965662506666858,0.21714313620482992,1.1473375268445531,0.05968206278785727,3.271036122530969,3.2715068722127825,0.0689639738393468,6.432907247605158,0.06436101377212544,0.17333450432828693,6.432907247605158
zsre,paraphrase,new,100,bp_reader_s2,BP-CAP seed 2,100,100,5,1,0.22906215981605946,0.033708068143086314,0.47885459848847894,3.51710662833974,0.2560395438503116,6.321881687502899,6.367479063374237,0.5872191849373523,6.432907247605158,0.10828732855848439,6.303359442827935,6.432907247605158
zsre,paraphrase,new,100,epc_reader_s0,PC-CAP seed 0,100,100,5,1,0.4360209519033069,0.15302238177356972,0.7701954106783065,6.070177184831093,2.2696241923492844,6.6730489421448045,6.707104545508258,5.4209266498943585,6.981301843411359,4.865864834031647,6.4383911935632225,6.981301843411359
zsre,paraphrase,new,100,epc_reader_s1,PC-CAP seed 1,100,100,5,1,0.40166427697344015,0.14560771205520526,0.7064275784808824,5.497673904916962,2.150629234850859,6.321881687502899,6.367479063374237,4.787374393920936,6.432907247605158,3.609637389523914,6.303359442827935,6.432907247605158
zsre,paraphrase,new,100,epc_reader_s2,PC-CAP seed 2,100,100,5,1,0.24501113904585123,0.06973674227162112,0.47693814816980906,3.7750721497907045,0.883832157842427,6.028173611086582,6.230686935760227,2.461746586346914,6.432907247605158,0.21064701896406965,6.032511030152197,6.432907247605158
zsre,unseen,new,100,frozen,Frozen GPT-2 (no cap),100,100,5,1,6.127532507087945,5.713611905648747,6.498104250606594,10.353255971603316,9.207715974028703,11.445359249079036,11.486760368683843,9.728461468143962,12.07792211999309,9.37819843692924,10.907421852400786,12.07792211999309
zsre,unseen,new,100,bp_mean,BP-CAP (seed mean),100,100,5,1,6.374947451641677,5.906889305362964,6.7705474821427245,11.914712651731682,9.912315419877848,13.822781346469327,13.956031342232471,10.34281275927499,15.03464058989298,10.065433069600088,12.898994279525185,15.03464058989298
zsre,unseen,new,100,epc_mean,PC-CAP (seed mean),100,100,5,1,6.2687357691577015,5.821781028572534,6.646613696114851,11.445650378852434,9.730962893733114,13.261844679521902,13.556281354943035,10.300845601758656,15.03464058989298,10.065433069600088,12.107489304692104,15.03464058989298
zsre,unseen,new,100,bp_reader_s0,BP-CAP seed 0,100,100,5,1,6.317423916524438,5.871070642561733,6.699077231813527,12.053304130904678,9.975052548122353,13.822781346469327,13.956031342232471,10.895598617374596,15.03464058989298,10.131910404094398,12.898994279525185,15.03464058989298
zsre,unseen,new,100,bp_reader_s1,BP-CAP seed 1,100,100,5,1,6.398152504271151,5.92007040630203,6.850025346768389,12.791679194549763,10.449743080982646,14.182317762356163,14.33382747111228,11.784550934519498,15.03464058989298,11.364626368915971,13.6470306147072,15.03464058989298
zsre,unseen,new,100,bp_reader_s2,BP-CAP seed 2,100,100,5,1,6.409265934129438,5.927159413920771,6.827315447424385,12.335443238723599,10.30804602327969,13.822781346469327,13.956031342232471,11.408709623139458,15.03464058989298,10.917944940305338,12.898994279525185,15.03464058989298
zsre,unseen,new,100,epc_reader_s0,PC-CAP seed 0,100,100,5,1,6.196689410751613,5.738289735945841,6.576359932940127,11.298161628471822,9.40968821023328,13.195287123361235,13.556281354943035,10.077883014971295,15.03464058989298,9.646992780063117,12.107489304692104,15.03464058989298
zsre,unseen,new,100,epc_reader_s1,PC-CAP seed 1,100,100,5,1,6.321926282274413,5.856957797447656,6.711148056820495,11.8711589375626,9.975052548122353,13.458490959785172,13.556281354943035,10.915802739376462,15.03464058989298,10.131910404094398,12.107489304692104,15.03464058989298
zsre,unseen,new,100,epc_reader_s2,PC-CAP seed 2,100,100,5,1,6.287591614447081,5.840124856101982,6.680299227105134,11.8711589375626,9.975052548122353,13.458490959785172,13.556281354943035,10.915802739376462,15.03464058989298,10.131910404094398,12.107489304692104,15.03464058989298
zsre,locality_item,true,100,frozen,Frozen GPT-2 (no cap),99,99,5,1,6.128304009372453,5.7406072866843765,6.5198338207130835,10.125934742990811,9.539876709241264,10.479660800551802,10.558141604487034,9.876823958845534,10.558141604487034,9.79711289317002,10.365863634845713,10.558141604487034
zsre,locality_item,true,100,bp_mean,BP-CAP (seed mean),99,99,5,1,6.128304007231484,5.7406072835264474,6.519833818572114,10.125934742990811,9.539876709241264,10.479660800551802,10.558141604487034,9.876823958845534,10.558141604487034,9.79711289317002,10.365863634845713,10.558141604487034
zsre,locality_item,true,100,epc_mean,PC-CAP (seed mean),99,99,5,1,6.128304007231484,5.7406072835264474,6.519833818572114,10.125934742990811,9.539876709241264,10.479660800551802,10.558141604487034,9.876823958845534,10.558141604487034,9.79711289317002,10.365863634845713,10.558141604487034
zsre,locality_item,true,100,bp_reader_s0,BP-CAP seed 0,99,99,5,1,6.128304007231484,5.7406072835264474,6.519833818572114,10.125934742990811,9.539876709241264,10.479660800551802,10.558141604487034,9.876823958845534,10.558141604487034,9.79711289317002,10.365863634845713,10.558141604487034
zsre,locality_item,true,100,bp_reader_s1,BP-CAP seed 1,99,99,5,1,6.128304007231484,5.7406072835264474,6.519833818572114,10.125934742990811,9.539876709241264,10.479660800551802,10.558141604487034,9.876823958845534,10.558141604487034,9.79711289317002,10.365863634845713,10.558141604487034
zsre,locality_item,true,100,bp_reader_s2,BP-CAP seed 2,99,99,5,1,6.128304007231484,5.7406072835264474,6.519833818572114,10.125934742990811,9.539876709241264,10.479660800551802,10.558141604487034,9.876823958845534,10.558141604487034,9.79711289317002,10.365863634845713,10.558141604487034
zsre,locality_item,true,100,epc_reader_s0,PC-CAP seed 0,99,99,5,1,6.128304007231484,5.7406072835264474,6.519833818572114,10.125934742990811,9.539876709241264,10.479660800551802,10.558141604487034,9.876823958845534,10.558141604487034,9.79711289317002,10.365863634845713,10.558141604487034
zsre,locality_item,true,100,epc_reader_s1,PC-CAP seed 1,99,99,5,1,6.128304007231484,5.7406072835264474,6.519833818572114,10.125934742990811,9.539876709241264,10.479660800551802,10.558141604487034,9.876823958845534,10.558141604487034,9.79711289317002,10.365863634845713,10.558141604487034
zsre,locality_item,true,100,epc_reader_s2,PC-CAP seed 2,99,99,5,1,6.128304007231484,5.7406072835264474,6.519833818572114,10.125934742990811,9.539876709241264,10.479660800551802,10.558141604487034,9.876823958845534,10.558141604487034,9.79711289317002,10.365863634845713,10.558141604487034
zsre,locality,true,100,frozen,Frozen GPT-2 (no cap),50,50,3,1,8.064826392753176,7.578328457565941,8.548427049934881,11.55686871003809,10.635964376602344,11.763392290465077,11.763392290465077,10.751671979229343,11.763392290465077,11.103770012760222,11.64185824077904,11.763392290465077
zsre,locality,true,100,bp_mean,BP-CAP (seed mean),50,50,3,1,8.064826392753176,7.57832845756594,8.548427049934881,11.55686871003809,10.635964376602344,11.763392290465077,11.763392290465077,10.751671979229343,11.763392290465077,11.103770012760222,11.64185824077904,11.763392290465077
zsre,locality,true,100,epc_mean,PC-CAP (seed mean),50,50,3,1,8.064826392753176,7.57832845756594,8.548427049934881,11.55686871003809,10.635964376602344,11.763392290465077,11.763392290465077,10.751671979229343,11.763392290465077,11.103770012760222,11.64185824077904,11.763392290465077
zsre,locality,true,100,bp_reader_s0,BP-CAP seed 0,50,50,3,1,8.064826392753176,7.578328457565941,8.548427049934881,11.55686871003809,10.635964376602344,11.763392290465077,11.763392290465077,10.751671979229343,11.763392290465077,11.103770012760222,11.64185824077904,11.763392290465077
zsre,locality,true,100,bp_reader_s1,BP-CAP seed 1,50,50,3,1,8.064826392753176,7.578328457565941,8.548427049934881,11.55686871003809,10.635964376602344,11.763392290465077,11.763392290465077,10.751671979229343,11.763392290465077,11.103770012760222,11.64185824077904,11.763392290465077
zsre,locality,true,100,bp_reader_s2,BP-CAP seed 2,50,50,3,1,8.064826392753176,7.578328457565941,8.548427049934881,11.55686871003809,10.635964376602344,11.763392290465077,11.763392290465077,10.751671979229343,11.763392290465077,11.103770012760222,11.64185824077904,11.763392290465077
zsre,locality,true,100,epc_reader_s0,PC-CAP seed 0,50,50,3,1,8.064826392753176,7.578328457565941,8.548427049934881,11.55686871003809,10.635964376602344,11.763392290465077,11.763392290465077,10.751671979229343,11.763392290465077,11.103770012760222,11.64185824077904,11.763392290465077
zsre,locality,true,100,epc_reader_s1,PC-CAP seed 1,50,50,3,1,8.064826392753176,7.578328457565941,8.548427049934881,11.55686871003809,10.635964376602344,11.763392290465077,11.763392290465077,10.751671979229343,11.763392290465077,11.103770012760222,11.64185824077904,11.763392290465077
zsre,locality,true,100,epc_reader_s2,PC-CAP seed 2,50,50,3,1,8.064826392753176,7.578328457565941,8.548427049934881,11.55686871003809,10.635964376602344,11.763392290465077,11.763392290465077,10.751671979229343,11.763392290465077,11.103770012760222,11.64185824077904,11.763392290465077
zsre,near_miss_neighbour,true,100,frozen,Frozen GPT-2 (no cap),100,100,5,1,5.974323118113805,5.569127399433088,6.331851446038432,11.376631402708545,9.63189517744588,12.128809356212727,12.248524198834655,10.875237382201451,12.471777715629912,10.275389104574728,12.029735752375306,12.471777715629912
zsre,near_miss_neighbour,true,100,bp_mean,BP-CAP (seed mean),100,100,5,1,6.029948749805124,5.615484592546725,6.4195158450234455,11.376631402708545,9.919000862969202,12.128809356212727,12.248524198834655,10.914336063886843,12.471777715629912,10.275389104574728,12.029735752375306,12.471777715629912
zsre,near_miss_neighbour,true,100,epc_mean,PC-CAP (seed mean),100,100,5,1,5.947642917169867,5.5382400179741476,6.306182648456103,11.376631402708545,9.63189517744588,12.128809356212727,12.248524198834655,10.875237382201451,12.471777715629912,10.275389104574728,12.029735752375306,12.471777715629912
zsre,near_miss_neighbour,true,100,bp_reader_s0,BP-CAP seed 0,100,100,5,1,6.002446822231162,5.587910298665321,6.395578592292842,11.376631402708545,10.00123089766888,12.128809356212727,12.248524198834655,10.914336063886843,12.471777715629912,10.275389104574728,12.029735752375306,12.471777715629912
zsre,near_miss_neighbour,true,100,bp_reader_s1,BP-CAP seed 1,100,100,5,1,6.104205221996206,5.7035848127262785,6.527761060968789,11.556516520162939,10.278070585076673,12.128809356212727,12.248524198834655,11.28101185123382,12.471777715629912,10.463407262732389,12.029735752375306,12.471777715629912
zsre,near_miss_neighbour,true,100,bp_reader_s2,BP-CAP seed 2,100,100,5,1,5.983194205188004,5.56370223866818,6.3830608101503366,11.376631402708545,10.002548287936179,12.128809356212727,12.248524198834655,10.914336063886843,12.471777715629912,10.275389104574728,12.029735752375306,12.471777715629912
zsre,near_miss_neighbour,true,100,epc_reader_s0,PC-CAP seed 0,100,100,5,1,5.974323105088783,5.5691273932462035,6.331851439200295,11.376631402708545,9.63189517744588,12.128809356212727,12.248524198834655,10.875237382201451,12.471777715629912,10.275389104574728,12.029735752375306,12.471777715629912
zsre,near_miss_neighbour,true,100,epc_reader_s1,PC-CAP seed 1,100,100,5,1,5.960183806653983,5.549292280295522,6.352969289717916,11.376631402708545,9.961281907747873,12.128809356212727,12.248524198834655,10.914336063886843,12.471777715629912,10.275389104574728,12.029735752375306,12.471777715629912
zsre,near_miss_neighbour,true,100,epc_reader_s2,PC-CAP seed 2,100,100,5,1,5.908421839766833,5.491199370502677,6.282532194054204,11.376631402708545,9.63189517744588,12.128809356212727,12.248524198834655,10.875237382201451,12.471777715629912,10.275389104574728,12.029735752375306,12.471777715629912
counterfact,edit,new,100,frozen,Frozen GPT-2 (no cap),100,100,5,1,6.980953086899099,6.727025283835161,7.200463804553223,9.441254632007864,8.818496399660278,10.035915653009628,10.227587202806625,9.016470018257206,10.396083893052761,8.913441585643787,10.062460446365412,10.396083893052761
counterfact,edit,new,100,bp_mean,BP-CAP (seed mean),100,100,5,1,0.018185768942770544,0.015610475415848084,0.0215722921510522,0.05364554073185287,0.04676092541476832,0.055864319497965345,0.05601630266148305,0.05226478581411165,0.05688855148439842,0.0504824197594873,0.055161498815026,0.05688855148439842
counterfact,edit,new,100,epc_mean,PC-CAP (seed mean),100,100,5,1,0.018185768942770544,0.015610475415848084,0.0215722921510522,0.05364554073185287,0.04676092541476832,0.055864319497965345,0.05601630266148305,0.05226478581411165,0.05688855148439842,0.0504824197594873,0.055161498815026,0.05688855148439842
counterfact,edit,new,100,bp_reader_s0,BP-CAP seed 0,100,100,5,1,0.018185768942770544,0.015610475415848084,0.0215722921510522,0.05364554073185287,0.04676092541476832,0.055864319497965345,0.05601630266148305,0.05226478581411165,0.05688855148439842,0.0504824197594873,0.055161498815026,0.05688855148439842
counterfact,edit,new,100,bp_reader_s1,BP-CAP seed 1,100,100,5,1,0.018185768942770544,0.015610475415848084,0.0215722921510522,0.05364554073185287,0.04676092541476832,0.055864319497965345,0.05601630266148305,0.05226478581411165,0.05688855148439842,0.0504824197594873,0.055161498815026,0.05688855148439842
counterfact,edit,new,100,bp_reader_s2,BP-CAP seed 2,100,100,5,1,0.018185768942770544,0.015610475415848084,0.0215722921510522,0.05364554073185287,0.04676092541476832,0.055864319497965345,0.05601630266148305,0.05226478581411165,0.05688855148439842,0.0504824197594873,0.055161498815026,0.05688855148439842
counterfact,edit,new,100,epc_reader_s0,PC-CAP seed 0,100,100,5,1,0.018185768942770544,0.015610475415848084,0.0215722921510522,0.05364554073185287,0.04676092541476832,0.055864319497965345,0.05601630266148305,0.05226478581411165,0.05688855148439842,0.0504824197594873,0.055161498815026,0.05688855148439842
counterfact,edit,new,100,epc_reader_s1,PC-CAP seed 1,100,100,5,1,0.018185768942770544,0.015610475415848084,0.0215722921510522,0.05364554073185287,0.04676092541476832,0.055864319497965345,0.05601630266148305,0.05226478581411165,0.05688855148439842,0.0504824197594873,0.055161498815026,0.05688855148439842
counterfact,edit,new,100,epc_reader_s2,PC-CAP seed 2,100,100,5,1,0.018185768942770544,0.015610475415848084,0.0215722921510522,0.05364554073185287,0.04676092541476832,0.055864319497965345,0.05601630266148305,0.05226478581411165,0.05688855148439842,0.0504824197594873,0.055161498815026,0.05688855148439842
counterfact,paraphrase,new,100,frozen,Frozen GPT-2 (no cap),200,100,10,2,7.367500250627498,7.142672117543546,7.576617695586098,10.109714112182427,9.754005907672699,10.4562834876569,10.707913586818153,10.031758404851354,11.194902633310582,9.713894199617913,10.446693507844069,11.19490263331058
counterfact,paraphrase,new,100,bp_mean,BP-CAP (seed mean),200,100,10,2,1.0469203498695072,0.7683262153801081,1.3787550188587745,6.704705039494175,5.5199547404979885,7.640699622599204,8.283208037866732,6.577420556437504,8.605979569174568,5.417111112787619,7.844272721807143,8.605979569174568
counterfact,paraphrase,new,100,epc_mean,PC-CAP (seed mean),200,100,10,2,2.387337080253254,1.9426625048344965,2.862434566099745,8.438467437471074,7.686206772703856,8.815244382871105,9.004043025798763,8.444066143372163,9.314518479350141,7.841782291454083,8.62173665854917,9.314518479350141
counterfact,paraphrase,new,100,bp_reader_s0,BP-CAP seed 0,200,100,10,2,1.0877867913145565,0.7273973799257485,1.4877433655049441,8.508948611009556,7.388579718055144,9.155109960663502,9.453304602152713,8.680698095705244,9.838545583491154,7.026182433739773,9.207926430974174,9.838545583491154
counterfact,paraphrase,new,100,bp_reader_s1,BP-CAP seed 1,200,100,10,2,1.0766336477694287,0.6893637273393866,1.4807361223719657,8.597520658374115,7.453309785685116,9.217591484741668,9.58280964342695,8.578684816023285,9.889825386122833,7.510156779205411,9.380237112242774,9.889825386122833
counterfact,paraphrase,new,100,bp_reader_s2,BP-CAP seed 2,200,100,10,2,0.9763406105245364,0.63344559492247,1.325232161515226,8.689820934906692,7.0198292440612455,9.451435203660916,9.859727165024916,8.540146227636583,10.482506365335073,7.510156779205411,9.213679500041897,10.482506365335073
counterfact,paraphrase,new,100,epc_reader_s0,PC-CAP seed 0,200,100,10,2,3.2049048699106777,2.5844643160430967,3.871239725542829,9.467484456821126,9.069587166084165,9.740721819093052,9.931693769113533,9.453676806938212,10.066710337726612,9.00887542314731,9.83905838151747,10.066710337726612
counterfact,paraphrase,new,100,epc_reader_s1,PC-CAP seed 1,200,100,10,2,1.6223510720361616,1.2130884701758904,2.0503138385814683,8.820489877699389,8.257391491588631,9.08350288468989,9.258087421796207,8.842285630852302,9.379235792654281,8.352799593908728,9.082848098243852,9.379235792654281
counterfact,paraphrase,new,100,epc_reader_s2,PC-CAP seed 2,200,100,10,2,2.3347552988129228,1.8437219147772477,2.9090444048766613,9.186581113064953,8.68185648037122,9.509139126861593,9.60436319326685,9.223349082667587,9.838545583491154,8.612624209642753,9.479525836436757,9.838545583491154
counterfact,unseen,new,100,frozen,Frozen GPT-2 (no cap),100,100,5,1,6.923869119761246,6.6226348468640595,7.233678539561355,9.69905828047275,9.184856041668008,9.862301962856726,9.865538423692314,9.53958208107238,10.00770317391514,9.447542401836566,9.726216968473947,10.00770317391514
counterfact,unseen,new,100,bp_mean,BP-CAP (seed mean),100,100,5,1,6.923869119761246,6.6226348468640595,7.233678539561355,9.69905828047275,9.184856041668008,9.862301962856726,9.865538423692314,9.53958208107238,10.00770317391514,9.447542401836566,9.726216968473947,10.00770317391514
counterfact,unseen,new,100,epc_mean,PC-CAP (seed mean),100,100,5,1,6.923869119761246,6.6226348468640595,7.233678539561355,9.69905828047275,9.184856041668008,9.862301962856726,9.865538423692314,9.53958208107238,10.00770317391514,9.447542401836566,9.726216968473947,10.00770317391514
counterfact,unseen,new,100,bp_reader_s0,BP-CAP seed 0,100,100,5,1,6.923869119761246,6.6226348468640595,7.233678539561355,9.69905828047275,9.184856041668008,9.862301962856726,9.865538423692314,9.53958208107238,10.00770317391514,9.447542401836566,9.726216968473947,10.00770317391514
counterfact,unseen,new,100,bp_reader_s1,BP-CAP seed 1,100,100,5,1,6.923869119761246,6.6226348468640595,7.233678539561355,9.69905828047275,9.184856041668008,9.862301962856726,9.865538423692314,9.53958208107238,10.00770317391514,9.447542401836566,9.726216968473947,10.00770317391514
counterfact,unseen,new,100,bp_reader_s2,BP-CAP seed 2,100,100,5,1,6.923869119761246,6.6226348468640595,7.233678539561355,9.69905828047275,9.184856041668008,9.862301962856726,9.865538423692314,9.53958208107238,10.00770317391514,9.447542401836566,9.726216968473947,10.00770317391514
counterfact,unseen,new,100,epc_reader_s0,PC-CAP seed 0,100,100,5,1,6.923869119761246,6.6226348468640595,7.233678539561355,9.69905828047275,9.184856041668008,9.862301962856726,9.865538423692314,9.53958208107238,10.00770317391514,9.447542401836566,9.726216968473947,10.00770317391514
counterfact,unseen,new,100,epc_reader_s1,PC-CAP seed 1,100,100,5,1,6.923869119761246,6.6226348468640595,7.233678539561355,9.69905828047275,9.184856041668008,9.862301962856726,9.865538423692314,9.53958208107238,10.00770317391514,9.447542401836566,9.726216968473947,10.00770317391514
counterfact,unseen,new,100,epc_reader_s2,PC-CAP seed 2,100,100,5,1,6.923869119761246,6.6226348468640595,7.233678539561355,9.69905828047275,9.184856041668008,9.862301962856726,9.865538423692314,9.53958208107238,10.00770317391514,9.447542401836566,9.726216968473947,10.00770317391514
counterfact,locality_item,true,100,frozen,Frozen GPT-2 (no cap),300,100,15,3,6.570775462530209,6.322662509057132,6.811131697277289,9.98023421780888,9.304831553126485,10.511653018314233,10.92605325318228,10.047420451060459,11.682478543622404,9.234467113312382,10.400269300870955,12.008044126835351
counterfact,locality_item,true,100,bp_mean,BP-CAP (seed mean),300,100,15,3,6.570775462530209,6.322662509057132,6.811131697277289,9.98023421780888,9.304831553126485,10.511653018314233,10.92605325318228,10.047420451060459,11.682478543622404,9.234467113312382,10.400269300870955,12.008044126835351
counterfact,locality_item,true,100,epc_mean,PC-CAP (seed mean),300,100,15,3,6.566081737488867,6.320359603536548,6.807100477727862,9.98023421780888,9.304831553126485,10.511653018314233,10.92605325318228,10.047420451060459,11.682478543622404,9.234467113312382,10.400269300870955,12.008044126835351
counterfact,locality_item,true,100,bp_reader_s0,BP-CAP seed 0,300,100,15,3,6.570775462530209,6.322662509057132,6.811131697277289,9.98023421780888,9.304831553126485,10.511653018314233,10.92605325318228,10.047420451060459,11.682478543622404,9.234467113312382,10.400269300870955,12.008044126835351
counterfact,locality_item,true,100,bp_reader_s1,BP-CAP seed 1,300,100,15,3,6.570775462530209,6.322662509057132,6.811131697277289,9.98023421780888,9.304831553126485,10.511653018314233,10.92605325318228,10.047420451060459,11.682478543622404,9.234467113312382,10.400269300870955,12.008044126835351
counterfact,locality_item,true,100,bp_reader_s2,BP-CAP seed 2,300,100,15,3,6.570775462530209,6.322662509057132,6.811131697277289,9.98023421780888,9.304831553126485,10.511653018314233,10.92605325318228,10.047420451060459,11.682478543622404,9.234467113312382,10.400269300870955,12.008044126835351
counterfact,locality_item,true,100,epc_reader_s0,PC-CAP seed 0,300,100,15,3,6.5717424389496095,6.324951048520493,6.814858870187506,9.98023421780888,9.304831553126485,10.511653018314233,10.92605325318228,10.047420451060459,11.682478543622404,9.234467113312382,10.400269300870955,12.008044126835351
counterfact,locality_item,true,100,epc_reader_s1,PC-CAP seed 1,300,100,15,3,6.555727310986782,6.306425817924279,6.79973537809119,9.98023421780888,9.304831553126485,10.511653018314233,10.92605325318228,10.047420451060459,11.682478543622404,9.234467113312382,10.400269300870955,12.008044126835351
counterfact,locality_item,true,100,epc_reader_s2,PC-CAP seed 2,300,100,15,3,6.570775462530209,6.322662509057132,6.811131697277289,9.98023421780888,9.304831553126485,10.511653018314233,10.92605325318228,10.047420451060459,11.682478543622404,9.234467113312382,10.400269300870955,12.008044126835351
counterfact,locality,true,100,frozen,Frozen GPT-2 (no cap),50,50,3,1,8.053678849568193,7.719064570148038,8.366873751099247,10.74384981042156,9.314043503439226,12.81625214243831,12.816252142438312,9.457571283400846,12.816252142438312,9.517753979442427,11.361957024283178,12.816252142438312
counterfact,locality,true,100,bp_mean,BP-CAP (seed mean),50,50,3,1,8.053678849568193,7.719064570148038,8.366873751099247,10.74384981042156,9.314043503439226,12.81625214243831,12.81625214243831,9.457571283400846,12.81625214243831,9.517753979442427,11.361957024283177,12.81625214243831
counterfact,locality,true,100,epc_mean,PC-CAP (seed mean),50,50,3,1,8.053678849568193,7.719064570148038,8.366873751099247,10.74384981042156,9.314043503439226,12.81625214243831,12.81625214243831,9.457571283400846,12.81625214243831,9.517753979442427,11.361957024283177,12.81625214243831
counterfact,locality,true,100,bp_reader_s0,BP-CAP seed 0,50,50,3,1,8.053678849568193,7.719064570148038,8.366873751099247,10.74384981042156,9.314043503439226,12.81625214243831,12.816252142438312,9.457571283400846,12.816252142438312,9.517753979442427,11.361957024283178,12.816252142438312
counterfact,locality,true,100,bp_reader_s1,BP-CAP seed 1,50,50,3,1,8.053678849568193,7.719064570148038,8.366873751099247,10.74384981042156,9.314043503439226,12.81625214243831,12.816252142438312,9.457571283400846,12.816252142438312,9.517753979442427,11.361957024283178,12.816252142438312
counterfact,locality,true,100,bp_reader_s2,BP-CAP seed 2,50,50,3,1,8.053678849568193,7.719064570148038,8.366873751099247,10.74384981042156,9.314043503439226,12.81625214243831,12.816252142438312,9.457571283400846,12.816252142438312,9.517753979442427,11.361957024283178,12.816252142438312
counterfact,locality,true,100,epc_reader_s0,PC-CAP seed 0,50,50,3,1,8.053678849568193,7.719064570148038,8.366873751099247,10.74384981042156,9.314043503439226,12.81625214243831,12.816252142438312,9.457571283400846,12.816252142438312,9.517753979442427,11.361957024283178,12.816252142438312
counterfact,locality,true,100,epc_reader_s1,PC-CAP seed 1,50,50,3,1,8.053678849568193,7.719064570148038,8.366873751099247,10.74384981042156,9.314043503439226,12.81625214243831,12.816252142438312,9.457571283400846,12.816252142438312,9.517753979442427,11.361957024283178,12.816252142438312
counterfact,locality,true,100,epc_reader_s2,PC-CAP seed 2,50,50,3,1,8.053678849568193,7.719064570148038,8.366873751099247,10.74384981042156,9.314043503439226,12.81625214243831,12.816252142438312,9.457571283400846,12.816252142438312,9.517753979442427,11.361957024283178,12.816252142438312
counterfact,near_miss_neighbour,true,100,frozen,Frozen GPT-2 (no cap),100,100,5,1,7.167205053350036,6.844875214539846,7.526323485647658,10.586615366117313,9.566530896183282,11.293210902879258,11.335760556450051,10.015523881415325,11.41116301710354,9.73044167401893,11.261866145009632,11.41116301710354
counterfact,near_miss_neighbour,true,100,bp_mean,BP-CAP (seed mean),100,100,5,1,7.167205053350036,6.844875214539846,7.526323485647658,10.586615366117313,9.566530896183282,11.293210902879258,11.335760556450051,10.015523881415325,11.41116301710354,9.73044167401893,11.261866145009632,11.41116301710354
counterfact,near_miss_neighbour,true,100,epc_mean,PC-CAP (seed mean),100,100,5,1,7.1570418373809055,6.8400476869545095,7.514405394520707,10.586615366117313,9.566530896183282,11.293210902879258,11.335760556450051,10.015523881415325,11.41116301710354,9.73044167401893,11.261866145009632,11.41116301710354
counterfact,near_miss_neighbour,true,100,bp_reader_s0,BP-CAP seed 0,100,100,5,1,7.167205053350036,6.844875214539846,7.526323485647658,10.586615366117313,9.566530896183282,11.293210902879258,11.335760556450051,10.015523881415325,11.41116301710354,9.73044167401893,11.261866145009632,11.41116301710354
counterfact,near_miss_neighbour,true,100,bp_reader_s1,BP-CAP seed 1,100,100,5,1,7.167205053350036,6.844875214539846,7.526323485647658,10.586615366117313,9.566530896183282,11.293210902879258,11.335760556450051,10.015523881415325,11.41116301710354,9.73044167401893,11.261866145009632,11.41116301710354
counterfact,near_miss_neighbour,true,100,bp_reader_s2,BP-CAP seed 2,100,100,5,1,7.167205053350036,6.844875214539846,7.526323485647658,10.586615366117313,9.566530896183282,11.293210902879258,11.335760556450051,10.015523881415325,11.41116301710354,9.73044167401893,11.261866145009632,11.41116301710354
counterfact,near_miss_neighbour,true,100,epc_reader_s0,PC-CAP seed 0,100,100,5,1,7.167205053350036,6.844875214539846,7.526323485647658,10.586615366117313,9.566530896183282,11.293210902879258,11.335760556450051,10.015523881415325,11.41116301710354,9.73044167401893,11.261866145009632,11.41116301710354
counterfact,near_miss_neighbour,true,100,epc_reader_s1,PC-CAP seed 1,100,100,5,1,7.146945858913569,6.835071641734418,7.496970889192279,10.586615366117313,9.566530896183282,11.293210902879258,11.335760556450051,10.015523881415325,11.41116301710354,9.73044167401893,11.261866145009632,11.41116301710354
counterfact,near_miss_neighbour,true,100,epc_reader_s2,PC-CAP seed 2,100,100,5,1,7.15697459987911,6.839010032316897,7.512931526496588,10.586615366117313,9.566530896183282,11.293210902879258,11.335760556450051,10.015523881415325,11.41116301710354,9.73044167401893,11.261866145009632,11.41116301710354
mquake,edit,new,100,frozen,Frozen GPT-2 (no cap),100,100,5,1,5.045151794439536,4.768073371462093,5.30839284196059,8.220472056929903,7.241585181933985,8.981304721930453,9.173229061487977,7.729559059186407,9.199234535920553,7.5608052468270355,9.147743696544053,9.199234535920553
mquake,edit,new,100,bp_mean,BP-CAP (seed mean),100,100,5,1,0.20017305523344905,0.10557142958792656,0.3069015595147124,2.0678701801618655,1.5697519509529363,2.228613497349997,2.2505555831373663,2.0041537663408535,2.2527110557678687,1.8075339750555133,2.248443219959474,2.2527110557678687
mquake,edit,new,100,epc_mean,PC-CAP (seed mean),100,100,5,1,0.01432960668896634,0.012356860640982206,0.016592804085525305,0.048016735997691344,0.03518284962077113,0.056149945117257995,0.05843940672011527,0.0419590218313501,0.059647815537658744,0.03756386267311017,0.057255166078922684,0.059647815537658744
mquake,edit,new,100,bp_reader_s0,BP-CAP seed 0,100,100,5,1,0.01432960668896634,0.012356860640982206,0.016592804085525305,0.048016735997691344,0.03518284962077113,0.056149945117257995,0.05843940672011527,0.0419590218313501,0.059647815537658744,0.03756386267311017,0.057255166078922684,0.059647815537658744
mquake,edit,new,100,bp_reader_s1,BP-CAP seed 1,100,100,5,1,0.5718599523224147,0.2905157699287872,0.8912234155969417,6.167280581324174,4.6613456578893615,6.663582406215483,6.731511233110557,5.9676019496890875,6.742582148929097,5.389407120682224,6.720661735608387,6.742582148929097
mquake,edit,new,100,bp_reader_s2,BP-CAP seed 2,100,100,5,1,0.01432960668896634,0.012356860640982206,0.016592804085525305,0.048016735997691344,0.03518284962077113,0.056149945117257995,0.05843940672011527,0.0419590218313501,0.059647815537658744,0.03756386267311017,0.057255166078922684,0.059647815537658744
mquake,edit,new,100,epc_reader_s0,PC-CAP seed 0,100,100,5,1,0.01432960668896634,0.012356860640982206,0.016592804085525305,0.048016735997691344,0.03518284962077113,0.056149945117257995,0.05843940672011527,0.0419590218313501,0.059647815537658744,0.03756386267311017,0.057255166078922684,0.059647815537658744
mquake,edit,new,100,epc_reader_s1,PC-CAP seed 1,100,100,5,1,0.01432960668896634,0.012356860640982206,0.016592804085525305,0.048016735997691344,0.03518284962077113,0.056149945117257995,0.05843940672011527,0.0419590218313501,0.059647815537658744,0.03756386267311017,0.057255166078922684,0.059647815537658744
mquake,edit,new,100,epc_reader_s2,PC-CAP seed 2,100,100,5,1,0.01432960668896634,0.012356860640982206,0.016592804085525305,0.048016735997691344,0.03518284962077113,0.056149945117257995,0.05843940672011527,0.0419590218313501,0.059647815537658744,0.03756386267311017,0.057255166078922684,0.059647815537658744
mquake,paraphrase,new,100,frozen,Frozen GPT-2 (no cap),100,100,5,1,6.069252070219181,5.65860645911614,6.469046853361694,10.570675760529705,9.478043216812692,11.124005141388036,11.159397449956565,10.142924113551691,11.263395394582055,9.764560140293074,11.057479464223585,11.263395394582055
mquake,paraphrase,new,100,bp_mean,BP-CAP (seed mean),100,100,5,1,1.670833734559698,1.29644145311295,2.082591456881766,6.526531079837564,5.150828842916761,8.164164442057164,8.234267672621412,5.641522678892938,10.446453692487616,5.508983590492268,6.066325373152556,10.446453692487616
mquake,paraphrase,new,100,epc_mean,PC-CAP (seed mean),100,100,5,1,2.2312501623435215,1.7592785784072666,2.6867366596196014,7.685528294906832,6.391153466774702,8.988725651297287,9.193086347082291,6.705120244907164,10.446453692487616,6.512515864357256,7.964786348585086,10.446453692487616
mquake,paraphrase,new,100,bp_reader_s0,BP-CAP seed 0,100,100,5,1,2.019940363430311,1.538887861476047,2.55853767382054,8.736538073356831,6.97477696457889,10.337136790681603,10.750926598909345,7.6138228380188995,11.055399505331074,7.12561179852192,10.452543150616053,11.055399505331074
mquake,paraphrase,new,100,bp_reader_s1,BP-CAP seed 1,100,100,5,1,1.3529801923847393,0.9517060947917563,1.7188162560107212,7.091841820036208,5.339208586842606,8.781553428159024,9.193086347082291,5.822213201596925,10.446453692487616,5.630807223406946,7.964786348585086,10.446453692487616
mquake,paraphrase,new,100,bp_reader_s2,BP-CAP seed 2,100,100,5,1,1.639580647864044,1.2174062124469631,2.0685149750235476,7.356629650326268,6.067515440574501,8.767186782663355,8.988725651297287,6.481818386330431,10.446453692487616,6.462873561005671,7.560152170930779,10.446453692487616
mquake,paraphrase,new,100,epc_reader_s0,PC-CAP seed 0,100,100,5,1,2.2398856590420118,1.7226586128948886,2.7663102870515544,8.562927565713887,6.847618694878347,10.231646514966995,10.750926598909345,7.409462142233895,11.055399505331074,7.12561179852192,10.452543150616053,11.055399505331074
mquake,paraphrase,new,100,epc_reader_s1,PC-CAP seed 1,100,100,5,1,2.158008341903499,1.6747810573071154,2.6426613703983772,7.685528294906832,6.496389477548603,8.988725651297287,9.193086347082291,6.71450575083956,10.446453692487616,6.512515864357256,7.964786348585086,10.446453692487616
mquake,paraphrase,new,100,epc_reader_s2,PC-CAP seed 2,100,100,5,1,2.295856486085052,1.8006373376168858,2.8021879823728675,7.816452942017514,6.594821964468075,9.016334060601269,9.193086347082291,6.895152733028784,10.446453692487616,6.719289254090082,7.964786348585086,10.446453692487616
mquake,unseen,new,100,frozen,Frozen GPT-2 (no cap),100,100,5,1,5.283694153710732,5.033914068238589,5.544089494953971,7.984883770080711,7.160273229436587,9.026973166328002,9.034326785649771,7.324377984471536,10.184445254008482,7.2053478588789135,7.907210686658245,10.184445254008482
mquake,unseen,new,100,bp_mean,BP-CAP (seed mean),100,100,5,1,5.283694153710732,5.033914068238589,5.544089494953971,7.984883770080711,7.160273229436587,9.026973166328002,9.034326785649771,7.324377984471536,10.184445254008482,7.2053478588789135,7.907210686658245,10.184445254008482
mquake,unseen,new,100,epc_mean,PC-CAP (seed mean),100,100,5,1,5.283694153710732,5.033914068238589,5.544089494953971,7.984883770080711,7.160273229436587,9.026973166328002,9.034326785649771,7.324377984471536,10.184445254008482,7.2053478588789135,7.907210686658245,10.184445254008482
mquake,unseen,new,100,bp_reader_s0,BP-CAP seed 0,100,100,5,1,5.283694153710732,5.033914068238589,5.544089494953971,7.984883770080711,7.160273229436587,9.026973166328002,9.034326785649771,7.324377984471536,10.184445254008482,7.2053478588789135,7.907210686658245,10.184445254008482
mquake,unseen,new,100,bp_reader_s1,BP-CAP seed 1,100,100,5,1,5.283694153710732,5.033914068238589,5.544089494953971,7.984883770080711,7.160273229436587,9.026973166328002,9.034326785649771,7.324377984471536,10.184445254008482,7.2053478588789135,7.907210686658245,10.184445254008482
mquake,unseen,new,100,bp_reader_s2,BP-CAP seed 2,100,100,5,1,5.283694153710732,5.033914068238589,5.544089494953971,7.984883770080711,7.160273229436587,9.026973166328002,9.034326785649771,7.324377984471536,10.184445254008482,7.2053478588789135,7.907210686658245,10.184445254008482
mquake,unseen,new,100,epc_reader_s0,PC-CAP seed 0,100,100,5,1,5.283694153710732,5.033914068238589,5.544089494953971,7.984883770080711,7.160273229436587,9.026973166328002,9.034326785649771,7.324377984471536,10.184445254008482,7.2053478588789135,7.907210686658245,10.184445254008482
mquake,unseen,new,100,epc_reader_s1,PC-CAP seed 1,100,100,5,1,5.283694153710732,5.033914068238589,5.544089494953971,7.984883770080711,7.160273229436587,9.026973166328002,9.034326785649771,7.324377984471536,10.184445254008482,7.2053478588789135,7.907210686658245,10.184445254008482
mquake,unseen,new,100,epc_reader_s2,PC-CAP seed 2,100,100,5,1,5.283694153710732,5.033914068238589,5.544089494953971,7.984883770080711,7.160273229436587,9.026973166328002,9.034326785649771,7.324377984471536,10.184445254008482,7.2053478588789135,7.907210686658245,10.184445254008482
mquake,locality_item,true,100,frozen,Frozen GPT-2 (no cap),200,100,10,2,4.586918417774018,4.316607539518666,4.8406697984202225,7.988001730466485,7.0928442697316685,8.285238985283808,8.448650553579226,7.851703022477378,8.927489252951617,7.644488118354909,8.132649141484766,8.927489252951617
mquake,locality_item,true,100,bp_mean,BP-CAP (seed mean),200,100,10,2,4.68233813963559,4.41618792548884,4.933808391557407,8.102082536352366,7.456665915789623,8.392665971194027,8.522445248353852,8.096532462159455,8.927489252951617,7.768926335930382,8.288027107144533,8.927489252951617
mquake,locality_item,true,100,epc_mean,PC-CAP (seed mean),200,100,10,2,4.68233813963559,4.41618792548884,4.933808391557407,8.102082536352366,7.456665915789623,8.392665971194027,8.522445248353852,8.096532462159455,8.927489252951617,7.768926335930382,8.288027107144533,8.927489252951617
mquake,locality_item,true,100,bp_reader_s0,BP-CAP seed 0,200,100,10,2,4.676689944875133,4.409492192972426,4.927547574667192,8.102082536352366,7.456665915789623,8.392665971194027,8.522445248353852,8.096532462159455,8.927489252951617,7.768926335930382,8.288027107144533,8.927489252951617
mquake,locality_item,true,100,bp_reader_s1,BP-CAP seed 1,200,100,10,2,4.676689944875133,4.409492192972426,4.927547574667192,8.102082536352366,7.456665915789623,8.392665971194027,8.522445248353852,8.096532462159455,8.927489252951617,7.768926335930382,8.288027107144533,8.927489252951617
mquake,locality_item,true,100,bp_reader_s2,BP-CAP seed 2,200,100,10,2,4.693634529156501,4.418323742355758,4.953819342884325,8.102082536352366,7.522374037426987,8.392665971194027,8.522445248353852,8.096532462159455,8.927489252951617,7.768926335930382,8.288027107144533,8.927489252951617
mquake,locality_item,true,100,epc_reader_s0,PC-CAP seed 0,200,100,10,2,4.676689944875133,4.409492192972426,4.927547574667192,8.102082536352366,7.456665915789623,8.392665971194027,8.522445248353852,8.096532462159455,8.927489252951617,7.768926335930382,8.288027107144533,8.927489252951617
mquake,locality_item,true,100,epc_reader_s1,PC-CAP seed 1,200,100,10,2,4.693634529156501,4.418323742355758,4.953819342884325,8.102082536352366,7.522374037426987,8.392665971194027,8.522445248353852,8.096532462159455,8.927489252951617,7.768926335930382,8.288027107144533,8.927489252951617
mquake,locality_item,true,100,epc_reader_s2,PC-CAP seed 2,200,100,10,2,4.676689944875133,4.409492192972426,4.927547574667192,8.102082536352366,7.456665915789623,8.392665971194027,8.522445248353852,8.096532462159455,8.927489252951617,7.768926335930382,8.288027107144533,8.927489252951617
mquake,locality,true,100,frozen,Frozen GPT-2 (no cap),50,50,3,1,5.336382745115409,4.993242871301966,5.704479046692997,7.905827534700595,7.080402834509869,8.718757050637407,8.718757050637407,7.238782123698456,8.718757050637407,7.2756392516391495,8.216102026063213,8.718757050637407
mquake,locality,true,100,bp_mean,BP-CAP (seed mean),50,50,3,1,5.336382745115409,4.993242871301966,5.704479046692997,7.905827534700595,7.080402834509869,8.718757050637407,8.718757050637407,7.238782123698456,8.718757050637407,7.2756392516391495,8.216102026063213,8.718757050637407
mquake,locality,true,100,epc_mean,PC-CAP (seed mean),50,50,3,1,5.336382745115409,4.993242871301966,5.704479046692997,7.905827534700595,7.080402834509869,8.718757050637407,8.718757050637407,7.238782123698456,8.718757050637407,7.2756392516391495,8.216102026063213,8.718757050637407
mquake,locality,true,100,bp_reader_s0,BP-CAP seed 0,50,50,3,1,5.336382745115409,4.993242871301966,5.704479046692997,7.905827534700595,7.080402834509869,8.718757050637407,8.718757050637407,7.238782123698456,8.718757050637407,7.2756392516391495,8.216102026063213,8.718757050637407
mquake,locality,true,100,bp_reader_s1,BP-CAP seed 1,50,50,3,1,5.336382745115409,4.993242871301966,5.704479046692997,7.905827534700595,7.080402834509869,8.718757050637407,8.718757050637407,7.238782123698456,8.718757050637407,7.2756392516391495,8.216102026063213,8.718757050637407
mquake,locality,true,100,bp_reader_s2,BP-CAP seed 2,50,50,3,1,5.336382745115409,4.993242871301966,5.704479046692997,7.905827534700595,7.080402834509869,8.718757050637407,8.718757050637407,7.238782123698456,8.718757050637407,7.2756392516391495,8.216102026063213,8.718757050637407
mquake,locality,true,100,epc_reader_s0,PC-CAP seed 0,50,50,3,1,5.336382745115409,4.993242871301966,5.704479046692997,7.905827534700595,7.080402834509869,8.718757050637407,8.718757050637407,7.238782123698456,8.718757050637407,7.2756392516391495,8.216102026063213,8.718757050637407
mquake,locality,true,100,epc_reader_s1,PC-CAP seed 1,50,50,3,1,5.336382745115409,4.993242871301966,5.704479046692997,7.905827534700595,7.080402834509869,8.718757050637407,8.718757050637407,7.238782123698456,8.718757050637407,7.2756392516391495,8.216102026063213,8.718757050637407
mquake,locality,true,100,epc_reader_s2,PC-CAP seed 2,50,50,3,1,5.336382745115409,4.993242871301966,5.704479046692997,7.905827534700595,7.080402834509869,8.718757050637407,8.718757050637407,7.238782123698456,8.718757050637407,7.2756392516391495,8.216102026063213,8.718757050637407
mquake,near_miss_neighbour,true,100,frozen,Frozen GPT-2 (no cap),100,100,5,1,5.204110113351358,4.886605365735306,5.5505856918853524,8.615354299454456,7.800872926680868,9.403121875439771,9.403121875439773,8.207397744462089,9.953967243507384,8.163016606427059,8.863293414733517,9.953967243507384
mquake,near_miss_neighbour,true,100,bp_mean,BP-CAP (seed mean),100,100,5,1,5.204110113351358,4.886605365735306,5.5505856918853524,8.615354299454456,7.800872926680868,9.403121875439771,9.403121875439773,8.207397744462089,9.953967243507384,8.163016606427059,8.863293414733517,9.953967243507384
mquake,near_miss_neighbour,true,100,epc_mean,PC-CAP (seed mean),100,100,5,1,5.204110113351358,4.886605365735306,5.5505856918853524,8.615354299454456,7.800872926680868,9.403121875439771,9.403121875439773,8.207397744462089,9.953967243507384,8.163016606427059,8.863293414733517,9.953967243507384
mquake,near_miss_neighbour,true,100,bp_reader_s0,BP-CAP seed 0,100,100,5,1,5.204110113351358,4.886605365735306,5.5505856918853524,8.615354299454456,7.800872926680868,9.403121875439771,9.403121875439773,8.207397744462089,9.953967243507384,8.163016606427059,8.863293414733517,9.953967243507384
mquake,near_miss_neighbour,true,100,bp_reader_s1,BP-CAP seed 1,100,100,5,1,5.204110113351358,4.886605365735306,5.5505856918853524,8.615354299454456,7.800872926680868,9.403121875439771,9.403121875439773,8.207397744462089,9.953967243507384,8.163016606427059,8.863293414733517,9.953967243507384
mquake,near_miss_neighbour,true,100,bp_reader_s2,BP-CAP seed 2,100,100,5,1,5.204110113351358,4.886605365735306,5.5505856918853524,8.615354299454456,7.800872926680868,9.403121875439771,9.403121875439773,8.207397744462089,9.953967243507384,8.163016606427059,8.863293414733517,9.953967243507384
mquake,near_miss_neighbour,true,100,epc_reader_s0,PC-CAP seed 0,100,100,5,1,5.204110113351358,4.886605365735306,5.5505856918853524,8.615354299454456,7.800872926680868,9.403121875439771,9.403121875439773,8.207397744462089,9.953967243507384,8.163016606427059,8.863293414733517,9.953967243507384
mquake,near_miss_neighbour,true,100,epc_reader_s1,PC-CAP seed 1,100,100,5,1,5.204110113351358,4.886605365735306,5.5505856918853524,8.615354299454456,7.800872926680868,9.403121875439771,9.403121875439773,8.207397744462089,9.953967243507384,8.163016606427059,8.863293414733517,9.953967243507384
mquake,near_miss_neighbour,true,100,epc_reader_s2,PC-CAP seed 2,100,100,5,1,5.204110113351358,4.886605365735306,5.5505856918853524,8.615354299454456,7.800872926680868,9.403121875439771,9.403121875439773,8.207397744462089,9.953967243507384,8.163016606427059,8.863293414733517,9.953967243507384
