dataset,model,rule,seed,positions,mean_signed,mean_positive,es99_positive,maximum,count_gt_0.01,count_gt_0.1,count_gt_1.0,frac_gt_0.01,frac_gt_0.1,frac_gt_1.0,changed_distribution_fraction,reference,source
zsre,bp_reader_s0,bp,0,245237,0.00010996898634091604,0.00011701862036157267,0.011701862036157267,6.506295622832672,15,14,9,6.116532170920375e-05,5.708763359525683e-05,3.669919302552225e-05,7.33983860510445e-05,cap-off = frozen GPT-2 (bit-identical when the reader abstains; direct forward reproduces saved cap-off losses to 5e-5 nats),/home/derp/cap/pc_cap/results/additional_work/PC-reader/eval-bp-s0-zsre/harm/summary.json
zsre,bp_reader_s1,bp,1,245237,0.00012545985127825426,0.00012736847088171713,0.012736847088171712,7.922522122649974,12,12,9,4.8932257367363e-05,4.8932257367363e-05,3.669919302552225e-05,5.3009945481309916e-05,cap-off = frozen GPT-2 (bit-identical when the reader abstains; direct forward reproduces saved cap-off losses to 5e-5 nats),/home/derp/cap/pc_cap/results/additional_work/PC-reader/eval-bp-s1-zsre/harm/summary.json
zsre,bp_reader_s2,bp,2,245237,0.0001800639043125121,0.00018327475583067692,0.01832747558306769,10.575678481311616,19,19,15,7.747607416499141e-05,7.747607416499141e-05,6.116532170920375e-05,8.563145039288525e-05,cap-off = frozen GPT-2 (bit-identical when the reader abstains; direct forward reproduces saved cap-off losses to 5e-5 nats),/home/derp/cap/pc_cap/results/additional_work/PC-reader/eval-bp-s2-zsre/harm/summary.json
zsre,epc_reader_s0,epc,0,245237,0.0,0.0,0.0,0.0,0,0,0,0.0,0.0,0.0,0.0,cap-off = frozen GPT-2 (bit-identical when the reader abstains; direct forward reproduces saved cap-off losses to 5e-5 nats),/home/derp/cap/pc_cap/results/additional_work/PC-reader/eval-epc-s0-zsre/harm/summary.json
zsre,epc_reader_s1,epc,1,245237,4.562495080890658e-05,4.845908760775166e-05,0.004845908760775166,4.449724839260562,4,4,4,1.6310752455787665e-05,1.6310752455787665e-05,1.6310752455787665e-05,2.44661286836815e-05,cap-off = frozen GPT-2 (bit-identical when the reader abstains; direct forward reproduces saved cap-off losses to 5e-5 nats),/home/derp/cap/pc_cap/results/additional_work/PC-reader/eval-epc-s1-zsre/harm/summary.json
zsre,epc_reader_s2,epc,2,245237,0.0,0.0,0.0,0.0,0,0,0,0.0,0.0,0.0,0.0,cap-off = frozen GPT-2 (bit-identical when the reader abstains; direct forward reproduces saved cap-off losses to 5e-5 nats),/home/derp/cap/pc_cap/results/additional_work/PC-reader/eval-epc-s2-zsre/harm/summary.json
counterfact,bp_reader_s0,bp,0,245237,0.0020202565905123237,0.002070025352062899,0.20700253520628986,8.519330450689646,227,217,149,0.0009256352018659501,0.0008848583207264809,0.0006075755289780906,0.0010438881571704106,cap-off = frozen GPT-2 (bit-identical when the reader abstains; direct forward reproduces saved cap-off losses to 5e-5 nats),/home/derp/cap/pc_cap/results/additional_work/PC-reader/eval-bp-s0-counterfact/harm/summary.json
counterfact,bp_reader_s1,bp,1,245237,0.005352227042554863,0.005512697134562556,0.5512697134562556,12.501782615145244,567,548,363,0.0023120491606079016,0.0022345730864429102,0.0014802007853627307,0.002691274155204965,cap-off = frozen GPT-2 (bit-identical when the reader abstains; direct forward reproduces saved cap-off losses to 5e-5 nats),/home/derp/cap/pc_cap/results/additional_work/PC-reader/eval-bp-s1-counterfact/harm/summary.json
counterfact,bp_reader_s2,bp,2,245237,0.001183001923154548,0.0012077266938863638,0.12077266938863637,9.864664242756364,138,136,83,0.0005627209597246745,0.0005545655834967807,0.0003384481134575941,0.0006075755289780906,cap-off = frozen GPT-2 (bit-identical when the reader abstains; direct forward reproduces saved cap-off losses to 5e-5 nats),/home/derp/cap/pc_cap/results/additional_work/PC-reader/eval-bp-s2-counterfact/harm/summary.json
counterfact,epc_reader_s0,epc,0,245237,0.001280413066029913,0.0013242803476602905,0.13242803476602905,7.706048395047922,162,156,112,0.0006605854744594005,0.000636119345775719,0.00045670106876205465,0.0007543723010801796,cap-off = frozen GPT-2 (bit-identical when the reader abstains; direct forward reproduces saved cap-off losses to 5e-5 nats),/home/derp/cap/pc_cap/results/additional_work/PC-reader/eval-epc-s0-counterfact/harm/summary.json
counterfact,epc_reader_s1,epc,1,245237,0.006282488698680307,0.006412833853015754,0.6412833853015752,12.362994933510638,636,612,419,0.002593409640470239,0.002495545125735513,0.0017085513197437582,0.00293593544204178,cap-off = frozen GPT-2 (bit-identical when the reader abstains; direct forward reproduces saved cap-off losses to 5e-5 nats),/home/derp/cap/pc_cap/results/additional_work/PC-reader/eval-epc-s1-counterfact/harm/summary.json
counterfact,epc_reader_s2,epc,2,245237,0.0019493933671478477,0.0020608064983574387,0.2060806498357439,12.624357908638439,291,273,155,0.0011866072411585527,0.0011132088551075083,0.0006320416576617721,0.0014394239042232616,cap-off = frozen GPT-2 (bit-identical when the reader abstains; direct forward reproduces saved cap-off losses to 5e-5 nats),/home/derp/cap/pc_cap/results/additional_work/PC-reader/eval-epc-s2-counterfact/harm/summary.json
mquake,bp_reader_s0,bp,0,245237,0.0008595741555533435,0.0008831941560642586,0.08831941560642587,9.826964686902834,86,83,59,0.00035068117779943483,0.0003384481134575941,0.00024058359872286807,0.00040369112328074474,cap-off = frozen GPT-2 (bit-identical when the reader abstains; direct forward reproduces saved cap-off losses to 5e-5 nats),/home/derp/cap/pc_cap/results/extremes_analysis/ext-20261009/mquake_eval/eval-bp-s0-mquake/harm/summary.json
mquake,bp_reader_s1,bp,1,245237,0.004996720769293307,0.005129240049206102,0.5129240049206103,13.144281772498921,635,600,357,0.002589331952356292,0.00244661286836815,0.0014557346566790492,0.0029563238826115145,cap-off = frozen GPT-2 (bit-identical when the reader abstains; direct forward reproduces saved cap-off losses to 5e-5 nats),/home/derp/cap/pc_cap/results/extremes_analysis/ext-20261009/mquake_eval/eval-bp-s1-mquake/harm/summary.json
mquake,bp_reader_s2,bp,2,245237,0.0008599794123304721,0.0008925339305098262,0.08925339305098262,7.769697378920961,122,118,69,0.0004974779499015238,0.00048116719744573615,0.00028136047986233723,0.0005708763359525683,cap-off = frozen GPT-2 (bit-identical when the reader abstains; direct forward reproduces saved cap-off losses to 5e-5 nats),/home/derp/cap/pc_cap/results/extremes_analysis/ext-20261009/mquake_eval/eval-bp-s2-mquake/harm/summary.json
mquake,epc_reader_s0,epc,0,245237,0.00010876129657023064,0.0001161145731626923,0.01161145731626923,4.534787003513505,19,18,10,7.747607416499141e-05,7.33983860510445e-05,4.0776881139469166e-05,9.7864514734726e-05,cap-off = frozen GPT-2 (bit-identical when the reader abstains; direct forward reproduces saved cap-off losses to 5e-5 nats),/home/derp/cap/pc_cap/results/extremes_analysis/ext-20261009/mquake_eval/eval-epc-s0-mquake/harm/summary.json
mquake,epc_reader_s1,epc,1,245237,0.005547141996597723,0.005690660458307841,0.569066045830784,12.078390072628219,585,567,390,0.002385447546658946,0.0023120491606079016,0.0015902983644392975,0.0027238956601165405,cap-off = frozen GPT-2 (bit-identical when the reader abstains; direct forward reproduces saved cap-off losses to 5e-5 nats),/home/derp/cap/pc_cap/results/extremes_analysis/ext-20261009/mquake_eval/eval-epc-s1-mquake/harm/summary.json
mquake,epc_reader_s2,epc,2,245237,0.0011495311252468898,0.0011589944935326496,0.11589944935326496,11.185732455688717,105,104,76,0.00042815725196442624,0.00042407956385047933,0.00030990429665996564,0.00046077875687600156,cap-off = frozen GPT-2 (bit-identical when the reader abstains; direct forward reproduces saved cap-off losses to 5e-5 nats),/home/derp/cap/pc_cap/results/extremes_analysis/ext-20261009/mquake_eval/eval-epc-s2-mquake/harm/summary.json
