requested_comparison,support,how,where
"Basic: ES / RET-ES / RET-GS, all three models, three datasets",supported,readers: record checkpoints (zsRE/CounterFact) and this study's MQuAKE evaluations; frozen: greedy generations on the same prompts (zero by screen / measured zero),benchmark_original.csv; cap_value/basic_performance.csv
"Basic: teacher-forced target NLL, all three models",supported,"scores.parquet (same serialised prompt/answer pairs, same code path)",cap_value/basic_performance.csv
Basic: locality vs frozen (direct) and vs own cap-off reference,supported,direct: teacher-forced NLL and decoded answers on the same locality/near-miss/unseen prompts; own reference: record LS / near-miss / false-fire metrics; cap-off = frozen for these readers,cap_value/collateral_vs_frozen.csv
"Basic: MQuAKE multi-hop accuracy, all three models",supported,readers: registered composition endpoint (80 cases); frozen: cap-off exact match on the same post-edit questions (case-level any/all not recorded for the frozen path; its question accuracy is 0),mquake_composition.csv
Ordinary adaptation plots and absolute/percentage improvements,supported,losses: percentage of frozen loss; success rates: percentage points only (frozen rate 0 makes relative change undefined),cap_value/improvements.csv
Extremes A: each model's own worst 5 % / 1 % (CVaR95 / CVaR99) with CIs,supported,"item-group bootstrap, 2,000 draws",cap_value/extremes_own_worst.csv
"Extremes B: frozen-defined hardest 5 % / 1 %, all three models, with CIs",supported,fixed sets; bootstrap within the set,cap_value/extremes_frozen_hardest.csv
"Actual loss by frozen-difficulty decile, all three models, CIs, shared axes",supported,500 group-bootstrap draws per decile,cap_value/deciles_actual_loss.csv; figures/cap_value/deciles_*.png
"Tail shapes at common absolute thresholds, with n, sensitivity, uncertainty",supported (fits are finite-range; no power-law claim),token-level pooled probe surprisal; frozen P90/P95/P97.5 and 5/8/10 nats; GPD only with >= 100 exceedances,cap_value/token_tails_common_thresholds.csv
"Locality / unrelated text / collateral: each cap vs frozen and vs own cap-off, incl. severe events",supported,"probes: direct per-probe deteriorations D with counts above 1/2/5 nats; unrelated text: record harm summaries (245,237 positions per cell)",cap_value/collateral_vs_frozen.csv; cap_value/harm_unrelated_text.csv
Negative findings: MQuAKE multi-hop; residual extreme losses when gating fails,supported,composition endpoint; abstained paraphrases keep the frozen loss exactly,cap_value/gating_failures.csv
Frozen multi-hop any-/all-question case success,partial,only question-level cap-off exact match is recorded (0 of 240 on every cell); case-level any/all for the frozen path are therefore 0 as well but are not separately stored,mquake_composition.csv (frozen_question_new_exact)
Frozen-model exact match on paraphrases of CounterFact/MQuAKE 'true' facts,supported (as loss),greedy newline-stop decoding almost never completes a true answer; the true-target NLL is reported instead,benchmark_standardized.csv (edit/true)
New realizations / orders / training seeds,not available,would need new GPU evaluations outside the frozen record; not run (amendment: no unnecessary reruns),—
