dataset,horizon,model,pooled_seeds,threshold_name,threshold,n_tokens,n_items,n_exceed,frac_exceed,mean_excess,p99_token_loss,max_token_loss,fit_status,kappa,sigma,loglik_gain_per_excess_vs_exponential,kappa_ci_low,kappa_ci_high,heavy_tail_supported
zsre,300,bp_reader_s0,False,frozen P90,12.233506091543722,3960,550,269,0.06792929292929292,2.2376806239904425,16.42327059238752,21.638031837597552,ok,-0.20749238430411693,2.70369286883646,0.01831319256836788,-0.31573688714119363,-0.13491234287544746,False
zsre,300,bp_reader_s0,False,frozen P95,14.009651488182579,3960,550,132,0.03333333333333333,1.9138112285409248,16.42327059238752,21.638031837597552,ok,-0.19029343942971602,2.2855873414131627,0.01275874281233618,-0.3738524625823797,-0.02344161317223119,False
zsre,300,bp_reader_s0,False,frozen P97.5,16.300418410996418,3960,550,47,0.011868686868686869,1.5088391941057817,16.42327059238752,21.638031837597552,insufficient,,,,,,
zsre,300,bp_reader_s0,False,5 nats,5.0,3960,550,1264,0.3191919191919192,4.588925277297723,16.42327059238752,21.638031837597552,ok,-0.3590483804785328,6.125433230421345,0.07024137903911873,-0.41879262900470343,-0.33249590393268086,False
zsre,300,bp_reader_s0,False,8 nats,8.0,3960,550,793,0.20025252525252527,3.4571254934545084,16.42327059238752,21.638031837597552,ok,-0.30324548440087123,4.470957696667329,0.04608130593610148,-0.3557444718005575,-0.2592054176991748,False
zsre,300,bp_reader_s0,False,10 nats,10.0,3960,550,507,0.12803030303030302,2.840391536679503,16.42327059238752,21.638031837597552,ok,-0.2633385569091585,3.579816427570867,0.031966513950943305,-0.33740380236395756,-0.20382045368620672,False
zsre,300,bp_reader_s1,False,frozen P90,12.233506091543722,3960,550,280,0.0707070707070707,2.4345164672473767,16.818001373817324,33.208294668809195,ok,-0.02071235013772692,2.4845952267378806,0.000352310874501833,-0.21424260565488173,0.08332521866115004,False
zsre,300,bp_reader_s1,False,frozen P95,14.009651488182579,3960,550,141,0.035606060606060606,2.2277819230647786,16.818001373817324,33.208294668809195,ok,0.051533969481190156,2.1117074747715927,0.001964657065060537,-0.21932360055323014,0.17498068575725587,False
zsre,300,bp_reader_s1,False,frozen P97.5,16.300418410996418,3960,550,54,0.013636363636363636,2.0587653840713034,16.818001373817324,33.208294668809195,exploratory,0.24583509158770123,1.559685327069639,0.0317937997843424,-0.22588663560184022,0.6129137321603368,False
zsre,300,bp_reader_s1,False,5 nats,5.0,3960,550,1258,0.31767676767676767,4.692545809343331,16.818001373817324,33.208294668809195,ok,-0.1807140529043043,5.429115750732729,0.03491879488009963,-0.35239046940573077,-0.1589514480771718,False
zsre,300,bp_reader_s1,False,8 nats,8.0,3960,550,795,0.20075757575757575,3.5878679128161575,16.818001373817324,33.208294668809195,ok,-0.13394341873355847,4.028649263770739,0.018082441915213174,-0.3059766569996716,-0.09540277203974065,False
zsre,300,bp_reader_s1,False,10 nats,10.0,3960,550,513,0.12954545454545455,3.00751917718146,16.818001373817324,33.208294668809195,ok,-0.09448405268773619,3.278183814378189,0.008301658995696837,-0.2830789549174514,-0.0331197477534859,False
zsre,300,bp_reader_s2,False,frozen P90,12.233506091543722,3960,550,273,0.06893939393939394,2.380636168078002,16.74684603246503,24.03379731479891,ok,-0.13146281135486157,2.692697448682429,0.008278691120438414,-0.24889568184741195,-0.0378655613137464,False
zsre,300,bp_reader_s2,False,frozen P95,14.009651488182579,3960,550,137,0.0345959595959596,2.1342793145489853,16.74684603246503,24.03379731479891,ok,-0.09869385559582006,2.3461424785366845,0.004058320760490224,-0.27370763533562775,0.0339799387238708,False
zsre,300,bp_reader_s2,False,frozen P97.5,16.300418410996418,3960,550,53,0.013383838383838383,1.800466446442161,16.74684603246503,24.03379731479891,exploratory,0.0018715745033238227,1.797122180860624,9.353437003204268e-07,-0.3327941570601948,0.31948641714135173,False
zsre,300,bp_reader_s2,False,5 nats,5.0,3960,550,1267,0.31994949494949493,4.632250327202363,16.74684603246503,24.03379731479891,ok,-0.3006771395682396,5.912173285878313,0.05670941508606156,-0.36318634034849245,-0.2760070659454416,False
zsre,300,bp_reader_s2,False,8 nats,8.0,3960,550,795,0.20075757575757575,3.528593872782489,16.74684603246503,24.03379731479891,ok,-0.24463272730903218,4.3553903921288475,0.03412361377917758,-0.3111848248305661,-0.20508367384913365,False
zsre,300,bp_reader_s2,False,10 nats,10.0,3960,550,511,0.12904040404040404,2.937091607213841,16.74684603246503,24.03379731479891,ok,-0.19928386853838115,3.511003461528818,0.020804752287669166,-0.2818086183194094,-0.1516772916358514,False
zsre,300,epc_reader_s0,False,frozen P90,12.233506091543722,3960,550,261,0.0659090909090909,2.218582528753895,16.42327059238752,21.638031837597552,ok,-0.19878518800284004,2.6623035279668956,0.016471365571334544,-0.308561266189368,-0.10762295971001294,False
zsre,300,epc_reader_s0,False,frozen P95,14.009651488182579,3960,550,125,0.03156565656565657,1.9450798645697733,16.42327059238752,21.638031837597552,ok,-0.20823762674920338,2.3581265936821123,0.01566440246800062,-0.3762285140704682,-0.03120520983907749,False
zsre,300,epc_reader_s0,False,frozen P97.5,16.300418410996418,3960,550,47,0.011868686868686869,1.4610376502511664,16.42327059238752,21.638031837597552,insufficient,,,,,,
zsre,300,epc_reader_s0,False,5 nats,5.0,3960,550,1265,0.3194444444444444,4.555455289308242,16.42327059238752,21.638031837597552,ok,-0.3550288824423403,6.0598115287413545,0.06967732468488515,-0.4149620204005177,-0.3272710377822665,False
zsre,300,epc_reader_s0,False,8 nats,8.0,3960,550,794,0.2005050505050505,3.409324129918662,16.42327059238752,21.638031837597552,ok,-0.2956557955315142,4.383708315873347,0.04428127897508935,-0.35534211525225584,-0.2585848485659348,False
zsre,300,epc_reader_s0,False,10 nats,10.0,3960,550,504,0.12727272727272726,2.7908332599244514,16.42327059238752,21.638031837597552,ok,-0.2516395668503943,3.486515053076113,0.029072272551864956,-0.324836333114443,-0.1920926187264612,False
zsre,300,epc_reader_s1,False,frozen P90,12.233506091543722,3960,550,273,0.06893939393939394,2.3366172252899746,16.604301058951314,24.03379731479891,ok,-0.13510075455532436,2.650668289488645,0.008982053335371023,-0.24880558441629375,-0.04181813349345593,False
zsre,300,epc_reader_s1,False,frozen P95,14.009651488182579,3960,550,136,0.03434343434343434,2.069697906114563,16.604301058951314,24.03379731479891,ok,-0.09407397875576036,2.2652781205905788,0.0037565520194424848,-0.28355987116547443,0.043857907181984686,False
zsre,300,epc_reader_s1,False,frozen P97.5,16.300418410996418,3960,550,51,0.012878787878787878,1.7463415738459758,16.604301058951314,24.03379731479891,exploratory,-0.007895663150497549,1.7601807285569304,1.8810112716577724e-05,-0.3358531912609267,0.3194516258589295,False
zsre,300,epc_reader_s1,False,5 nats,5.0,3960,550,1261,0.31843434343434346,4.6296838541071885,16.604301058951314,24.03379731479891,ok,-0.3010771416521568,5.9009696717719295,0.05845204340650459,-0.38365921820929516,-0.28059721491728645,False
zsre,300,epc_reader_s1,False,8 nats,8.0,3960,550,793,0.20025252525252527,3.509110482226908,16.604301058951314,24.03379731479891,ok,-0.24621876156348005,4.332841884695277,0.03535211892095936,-0.3164367252640746,-0.20613409294525412,False
zsre,300,epc_reader_s1,False,10 nats,10.0,3960,550,507,0.12803030303030302,2.923367618044048,16.604301058951314,24.03379731479891,ok,-0.20538228397245453,3.509170861251939,0.02274669090347142,-0.29884488572004897,-0.14904835864016655,False
zsre,300,epc_reader_s2,False,frozen P90,12.233506091543722,3960,550,269,0.06792929292929292,2.286025666887399,16.562921495519777,21.96565126176999,ok,-0.19093397689313568,2.723657395296785,0.015771955151566472,-0.2939410519286885,-0.10457484864706959,False
zsre,300,epc_reader_s2,False,frozen P95,14.009651488182579,3960,550,133,0.03358585858585859,1.987919127523753,16.562921495519777,21.96565126176999,ok,-0.17644689919938147,2.344624422916347,0.011407147293062766,-0.3346410619453165,-0.035951777620398716,False
zsre,300,epc_reader_s2,False,frozen P97.5,16.300418410996418,3960,550,50,0.012626262626262626,1.5610613052918965,16.562921495519777,21.96565126176999,exploratory,-0.1485501306096575,1.799813223352167,0.006247863036688557,-0.45600838400823707,0.16608058631838682,False
zsre,300,epc_reader_s2,False,5 nats,5.0,3960,550,1257,0.31742424242424244,4.6078150328503575,16.562921495519777,21.96565126176999,ok,-0.3485300485964929,6.10565827190284,0.0670660444373106,-0.40323298874093527,-0.32059061867876765,False
zsre,300,epc_reader_s2,False,8 nats,8.0,3960,550,790,0.1994949494949495,3.480265118114488,16.562921495519777,21.96565126176999,ok,-0.2898944313682835,4.455661145813741,0.04282342399572348,-0.3381067889410229,-0.2543014168525922,False
zsre,300,epc_reader_s2,False,10 nats,10.0,3960,550,505,0.1275252525252525,2.876930536145661,16.562921495519777,21.96565126176999,ok,-0.2493316070914119,3.584931270348672,0.02931051481703475,-0.30767713262103485,-0.19478001018073854,False
zsre,300,frozen,False,frozen P90,12.233506091543722,3960,550,396,0.1,2.5111096792955596,17.958005553279342,21.473507200666063,ok,-0.24274495404081595,3.1434770455713945,0.01813748842929447,-0.3430481064854691,-0.13370609035721748,False
zsre,300,frozen,False,frozen P95,14.009651488182579,3960,550,198,0.05,2.4384338952371296,17.958005553279342,21.473507200666063,ok,-0.42143342047062,3.494801740582223,0.061510355638471986,-0.5345517251379266,-0.30142791833150473,False
zsre,300,frozen,False,frozen P97.5,16.300418410996418,3960,550,99,0.025,1.6428794610149124,17.958005553279342,21.473507200666063,exploratory,-0.3359330970392774,2.232241008092978,0.029391056232469164,-0.5980199976736371,-0.00784645776278759,False
zsre,300,frozen,False,5 nats,5.0,3960,550,2159,0.5452020202020202,4.507654623039102,17.958005553279342,21.473507200666063,ok,-0.34231875299914866,5.971429738484611,0.06111055134778717,-0.36950638315328654,-0.316572467761327,False
zsre,300,frozen,False,8 nats,8.0,3960,550,1373,0.3467171717171717,3.2536747524099483,17.958005553279342,21.473507200666063,ok,-0.22593058100840227,3.9916556034231068,0.021512400588177546,-0.2711923044747499,-0.1772407275411774,False
zsre,300,frozen,False,10 nats,10.0,3960,550,820,0.20707070707070707,2.799261333704016,17.958005553279342,21.473507200666063,ok,-0.18761180116956588,3.3349264695554,0.012513684599403727,-0.25332557019004037,-0.1197797474488139,False
zsre,300,bp_pooled_seeds,True,frozen P90,12.233506091543722,11880,550,822,0.0691919191919192,2.352207265897797,16.632114280923652,33.208294668809195,ok,-0.0666950643044735,2.5054481995001474,0.0035936180343695175,-0.2231803638061204,0.005575778539918729,False
zsre,300,bp_pooled_seeds,True,frozen P95,14.009651488182579,11880,550,410,0.034511784511784514,2.095455120518895,16.632114280923652,33.208294668809195,ok,-0.014971988018280435,2.126783744233599,0.00016044013967313908,-0.23025740017030133,0.0764064309431527,False
zsre,300,bp_pooled_seeds,True,frozen P97.5,16.300418410996418,11880,550,154,0.012962962962962963,1.8020356787289389,16.632114280923652,33.208294668809195,ok,0.1164344982663085,1.592000882337744,0.007495198325229198,-0.2058786523792865,0.4794837284775112,False
zsre,300,bp_pooled_seeds,True,5 nats,5.0,11880,550,3789,0.31893939393939397,4.637816137034474,16.632114280923652,33.208294668809195,ok,-0.18605692048031983,5.371315881317445,0.039227866227102136,-0.3570422802954169,-0.17420581270672802,False
zsre,300,bp_pooled_seeds,True,8 nats,8.0,11880,550,2383,0.2005892255892256,3.5245856633908303,16.632114280923652,33.208294668809195,ok,-0.14781439747586478,3.991942448078057,0.023293418745259625,-0.29503474476997454,-0.127289207404827,False
zsre,300,bp_pooled_seeds,True,10 nats,10.0,11880,550,1531,0.12887205387205386,2.9286673143545845,16.632114280923652,33.208294668809195,ok,-0.11866785840948896,3.253648392923325,0.013425557338368765,-0.2803037386703914,-0.08458205304314473,False
zsre,300,epc_pooled_seeds,True,frozen P90,12.233506091543722,11880,550,803,0.06759259259259259,2.2813044170630636,16.53893371732937,24.03379731479891,ok,-0.16418579026611585,2.6543946285457882,0.012709578716541426,-0.2647356363193666,-0.08177593552630878,False
zsre,300,epc_pooled_seeds,True,frozen P95,14.009651488182579,11880,550,394,0.03316498316498317,2.002556198638227,16.53893371732937,24.03379731479891,ok,-0.1411411909884979,2.2872091639027383,0.008240566542483601,-0.3073789154616101,-0.03438299749503492,False
zsre,300,epc_pooled_seeds,True,frozen P97.5,16.300418410996418,11880,550,148,0.012457912457912458,1.5931436154901648,16.53893371732937,24.03379731479891,ok,-0.07292562420857211,1.7106326539101107,0.0017570320784564522,-0.3341930312481654,0.22029636300415487,False
zsre,300,epc_pooled_seeds,True,5 nats,5.0,11880,550,3783,0.31843434343434346,4.597596028891617,16.53893371732937,24.03379731479891,ok,-0.3046994956220014,5.860990491185456,0.061920651778176176,-0.3818066040202596,-0.2874961254202329,False
zsre,300,epc_pooled_seeds,True,8 nats,8.0,11880,550,2377,0.2000841750841751,3.4661915922893565,16.53893371732937,24.03379731479891,ok,-0.2583985759499874,4.315296510326103,0.03929461791478862,-0.3134377061698828,-0.23111042989407185,False
zsre,300,epc_pooled_seeds,True,10 nats,10.0,11880,550,1516,0.12760942760942762,2.863837246770326,16.53893371732937,24.03379731479891,ok,-0.22270454516259824,3.486421646597361,0.025991524962366966,-0.2825429317690047,-0.17965547390723338,False
counterfact,300,bp_reader_s0,False,frozen P90,11.581450299372616,2150,550,129,0.06,1.760487997288323,14.64561270302162,18.92575096912656,ok,-0.14538657279451445,2.019421794106587,0.008161230560035584,-0.3199202140777808,-0.03457224205015866,False
counterfact,300,bp_reader_s0,False,frozen P95,12.698234973215516,2150,550,74,0.03441860465116279,1.5631511105470044,14.64561270302162,18.92575096912656,exploratory,-0.0737068477836825,1.6803139394420685,0.001425223410029807,-0.3549706234043049,0.18782005515902458,False
counterfact,300,bp_reader_s0,False,frozen P97.5,13.46273175718909,2150,550,40,0.018604651162790697,1.8031838569421255,14.64561270302162,18.92575096912656,insufficient,,,,,,
counterfact,300,bp_reader_s0,False,5 nats,5.0,2150,550,1052,0.48930232558139536,3.731424211617728,14.64561270302162,18.92575096912656,ok,-0.33934992016165566,4.852352691746033,0.0766817911279618,-0.39367000560318144,-0.31655500235062706,False
counterfact,300,bp_reader_s0,False,8 nats,8.0,2150,550,601,0.2795348837209302,2.352771928475602,14.64561270302162,18.92575096912656,ok,-0.1976794936844707,2.810632702221482,0.0198720182337144,-0.2602474322309929,-0.14622283818030524,False
counterfact,300,bp_reader_s0,False,10 nats,10.0,2150,550,289,0.1344186046511628,1.8837180882179771,14.64561270302162,18.92575096912656,ok,-0.11454044089679125,2.1006099136556458,0.005551664491711493,-0.2523032043763036,-0.0168158407571971,False
counterfact,300,bp_reader_s1,False,frozen P90,11.581450299372616,2150,550,132,0.061395348837209304,1.6709849209377525,14.602138275583949,18.92575096912656,ok,-0.16111753251142535,1.9417357441164995,0.010943856067154738,-0.32019354819675744,-0.05830403109853998,False
counterfact,300,bp_reader_s1,False,frozen P95,12.698234973215516,2150,550,74,0.03441860465116279,1.4606589543561765,14.602138275583949,18.92575096912656,exploratory,-0.10507683240930064,1.6168504548961011,0.003494512481903623,-0.41334846504902784,0.18730756443661273,False
counterfact,300,bp_reader_s1,False,frozen P97.5,13.46273175718909,2150,550,40,0.018604651162790697,1.6304187223771904,14.602138275583949,18.92575096912656,insufficient,,,,,,
counterfact,300,bp_reader_s1,False,5 nats,5.0,2150,550,1066,0.4958139534883721,3.71863046540058,14.602138275583949,18.92575096912656,ok,-0.3392649424480861,4.82147613267345,0.0795362349610077,-0.40959158123073514,-0.3158231024487412,False
counterfact,300,bp_reader_s1,False,8 nats,8.0,2150,550,609,0.28325581395348837,2.3439144282347755,14.602138275583949,18.92575096912656,ok,-0.21764848251908342,2.8429283415726525,0.02464546707035921,-0.2767564222715394,-0.17588286937547787,False
counterfact,300,bp_reader_s1,False,10 nats,10.0,2150,550,294,0.13674418604651162,1.8453721363342084,14.602138275583949,18.92575096912656,ok,-0.14225050998119515,2.109048028448428,0.008693489819924226,-0.2607817618801909,-0.04119872883647629,False
counterfact,300,bp_reader_s2,False,frozen P90,11.581450299372616,2150,550,116,0.053953488372093024,1.7211694024678061,14.490133947107319,18.92575096912656,ok,-0.1307975828219083,1.9483403670938155,0.006813748964824654,-0.3109408207098501,0.005742287467261687,False
counterfact,300,bp_reader_s2,False,frozen P95,12.698234973215516,2150,550,65,0.030232558139534883,1.5585430495720185,14.490133947107319,18.92575096912656,exploratory,-0.0959707533403639,1.7107300254505484,0.0028159267980516216,-0.335711182943707,0.14351358667114478,False
counterfact,300,bp_reader_s2,False,frozen P97.5,13.46273175718909,2150,550,37,0.017209302325581394,1.6935136010288827,14.490133947107319,18.92575096912656,insufficient,,,,,,
counterfact,300,bp_reader_s2,False,5 nats,5.0,2150,550,1035,0.4813953488372093,3.6488401478433854,14.490133947107319,18.92575096912656,ok,-0.32865067120018343,4.706013901167601,0.07421862204186395,-0.38961412670474743,-0.3025769716953164,False
counterfact,300,bp_reader_s2,False,8 nats,8.0,2150,550,582,0.27069767441860465,2.285717399781406,14.490133947107319,18.92575096912656,ok,-0.1902345397960103,2.711832163104011,0.019284245841643424,-0.24494927956601786,-0.1464683301629502,False
counterfact,300,bp_reader_s2,False,10 nats,10.0,2150,550,274,0.12744186046511627,1.8002403818194432,14.490133947107319,18.92575096912656,ok,-0.08859693477771205,1.9604898421626449,0.0033324567022932784,-0.20695767355295067,0.03398326917342045,False
counterfact,300,epc_reader_s0,False,frozen P90,11.581450299372616,2150,550,142,0.06604651162790698,1.5745916337497914,14.602138275583949,18.92575096912656,ok,-0.062016276425846444,1.6729767240688593,0.0014175399520994093,-0.22615369714948452,0.09419348950165699,False
counterfact,300,epc_reader_s0,False,frozen P95,12.698234973215516,2150,550,72,0.03348837209302326,1.508728539712095,14.602138275583949,18.92575096912656,exploratory,-0.06488722830583525,1.6081547647048233,0.001059763570931417,-0.3902602357078248,0.2787540919174749,False
counterfact,300,epc_reader_s0,False,frozen P97.5,13.46273175718909,2150,550,38,0.017674418604651163,1.7663359250492334,14.602138275583949,18.92575096912656,insufficient,,,,,,
counterfact,300,epc_reader_s0,False,5 nats,5.0,2150,550,1187,0.552093023255814,3.7048709342108026,14.602138275583949,18.92575096912656,ok,-0.3375069026382056,4.789982011410768,0.08062263540199195,-0.40334147919076474,-0.316032425424831,False
counterfact,300,epc_reader_s0,False,8 nats,8.0,2150,550,681,0.3167441860465116,2.311773518081177,14.602138275583949,18.92575096912656,ok,-0.21314163047912751,2.789172204723815,0.025407287169963585,-0.26718919433582305,-0.17199918510057785,False
counterfact,300,epc_reader_s0,False,10 nats,10.0,2150,550,328,0.15255813953488373,1.7710891571995893,14.602138275583949,18.92575096912656,ok,-0.11135128701171307,1.968296289846235,0.005769955810589245,-0.20410275410887962,-0.040208712080480505,False
counterfact,300,epc_reader_s1,False,frozen P90,11.581450299372616,2150,550,137,0.06372093023255813,1.929618279795672,14.718457021546536,31.10675540889183,ok,0.0666872074616964,1.7976867962232665,0.004153331356067994,-0.2422768678191731,0.2316041852463039,False
counterfact,300,epc_reader_s1,False,frozen P95,12.698234973215516,2150,550,80,0.037209302325581395,1.8291544764662078,14.718457021546536,31.10675540889183,exploratory,0.1595548597218105,1.5281347880313654,0.020260030014589248,-0.3064404191438209,0.40413458730235896,False
counterfact,300,epc_reader_s1,False,frozen P97.5,13.46273175718909,2150,550,48,0.022325581395348838,2.0421853453218666,14.718457021546536,31.10675540889183,insufficient,,,,,,
counterfact,300,epc_reader_s1,False,5 nats,5.0,2150,550,1066,0.4958139534883721,3.7677047962623096,14.718457021546536,31.10675540889183,ok,-0.1483709365468643,4.233588700330475,0.0317816009598051,-0.39183917191733053,-0.12619464088825563,False
counterfact,300,epc_reader_s1,False,8 nats,8.0,2150,550,606,0.28186046511627905,2.4434679642908987,14.718457021546536,31.10675540889183,ok,-0.0631702596346801,2.5914143408766117,0.00436960324987125,-0.23228256329067623,-0.006200684101117675,False
counterfact,300,epc_reader_s1,False,10 nats,10.0,2150,550,301,0.14,1.9843560285374744,14.718457021546536,31.10675540889183,ok,0.02153625157520188,1.9413332099009908,0.00040121421029611445,-0.20880902190311548,0.12117811377590833,False
counterfact,300,epc_reader_s2,False,frozen P90,11.581450299372616,2150,550,137,0.06372093023255813,1.7128447671510874,14.708186186576631,18.92575096912656,ok,-0.15275272917408858,1.978988368642792,0.008297242935935898,-0.3046857499111465,-0.007846681583134337,False
counterfact,300,epc_reader_s2,False,frozen P95,12.698234973215516,2150,550,75,0.03488372093023256,1.6004060976029206,14.708186186576631,18.92575096912656,exploratory,-0.19662483302205913,1.9247166369397553,0.01209823250852196,-0.4934053683399377,0.09198290158993702,False
counterfact,300,epc_reader_s2,False,frozen P97.5,13.46273175718909,2150,550,43,0.02,1.7349080356615278,14.708186186576631,18.92575096912656,insufficient,,,,,,
counterfact,300,epc_reader_s2,False,5 nats,5.0,2150,550,1138,0.5293023255813953,3.7185756057980934,14.708186186576631,18.92575096912656,ok,-0.33956586100616454,4.826335363534616,0.0788158453185448,-0.4060240113483045,-0.3103860152712521,False
counterfact,300,epc_reader_s2,False,8 nats,8.0,2150,550,651,0.30279069767441863,2.3352581746150145,14.708186186576631,18.92575096912656,ok,-0.20885211786259725,2.8139909933056084,0.022362150523788236,-0.2675881135594526,-0.1595427718148044,False
counterfact,300,epc_reader_s2,False,10 nats,10.0,2150,550,311,0.14465116279069767,1.847966098872237,14.708186186576631,18.92575096912656,ok,-0.1218084529957091,2.074681319145591,0.006078597429510151,-0.2388269025355746,-0.03807822914630272,False
counterfact,300,frozen,False,frozen P90,11.581450299372616,2150,550,215,0.1,1.4823565402208698,15.057372565642574,18.92575096912656,ok,-0.10585402277361791,1.6401149978729488,0.004717605903138171,-0.24073762359313988,0.03001962878127207,False
counterfact,300,frozen,False,frozen P95,12.698234973215516,2150,550,108,0.05023255813953489,1.3403797293848074,15.057372565642574,18.92575096912656,ok,-0.06259198336716151,1.4252405958685896,0.0012355281269323002,-0.3144963872018269,0.19713884963418088,False
counterfact,300,frozen,False,frozen P97.5,13.46273175718909,2150,550,54,0.025116279069767444,1.5442911268889732,15.057372565642574,18.92575096912656,exploratory,-0.2945932584455722,1.9914147074036053,0.040304567884516494,-0.8084408174950926,-0.158715176326305,False
counterfact,300,frozen,False,5 nats,5.0,2150,550,1759,0.8181395348837209,3.7356397448876306,15.057372565642574,18.92575096912656,ok,-0.3420679957736802,4.815704759206469,0.08810545037208202,-0.42316701086662556,-0.3228989015804845,False
counterfact,300,frozen,False,8 nats,8.0,2150,550,1018,0.47348837209302325,2.2991238847018933,15.057372565642574,18.92575096912656,ok,-0.23173806421950843,2.8109329378215135,0.030754238108107432,-0.2954228209779871,-0.1995649333948426,False
counterfact,300,frozen,False,10 nats,10.0,2150,550,492,0.2288372093023256,1.7475849089622308,15.057372565642574,18.92575096912656,ok,-0.15569139238607427,2.017838525748955,0.011914748337609233,-0.2417351600219507,-0.08799193928993795,False
counterfact,300,bp_pooled_seeds,True,frozen P90,11.581450299372616,6450,550,377,0.05844961240310077,1.7170520209555504,14.602138275583963,18.92575096912656,ok,-0.14521182868270077,1.9686708206872856,0.008473304425177143,-0.34938225826786573,-0.013841912732004599,False
counterfact,300,bp_pooled_seeds,True,frozen P95,12.698234973215516,6450,550,213,0.03302325581395349,1.5261372911972613,14.602138275583963,18.92575096912656,ok,-0.08959518264993722,1.6652479146904766,0.002356422824199689,-0.37476594032839483,0.161512202670987,False
counterfact,300,bp_pooled_seeds,True,frozen P97.5,13.46273175718909,6450,550,117,0.01813953488372093,1.7094368069302674,14.602138275583963,18.92575096912656,ok,-0.34406544631406594,2.3108637280797355,0.04259628462838878,-1.2080000221864255,-0.11984828732078787,False
counterfact,300,bp_pooled_seeds,True,5 nats,5.0,6450,550,3153,0.4888372093023256,3.699989819142649,14.602138275583963,18.92575096912656,ok,-0.33592396345550096,4.794500132415285,0.07679095710982123,-0.39853859555015675,-0.3105989777254042,False
counterfact,300,bp_pooled_seeds,True,8 nats,8.0,6450,550,1792,0.27782945736434106,2.3279840080812457,14.602138275583963,18.92575096912656,ok,-0.20182700760006575,2.7889756012725213,0.02116520488635132,-0.2549283572276113,-0.15924863678024279,False
counterfact,300,bp_pooled_seeds,True,10 nats,10.0,6450,550,857,0.13286821705426358,1.8438737458527188,14.602138275583963,18.92575096912656,ok,-0.1152495200839937,2.057449968654409,0.005653416918584889,-0.2234902276984322,-0.02500863225981908,False
counterfact,300,epc_pooled_seeds,True,frozen P90,11.581450299372616,6450,550,416,0.06449612403100775,1.7370419457311934,14.69350769302298,31.10675540889183,ok,0.013343173383136286,1.71377408148,0.0001488630461251498,-0.22876476223603573,0.1257345333933982,False
counterfact,300,epc_pooled_seeds,True,frozen P95,12.698234973215516,6450,550,227,0.0351937984496124,1.6519439220122754,14.69350769302298,31.10675540889183,ok,0.06448448848812896,1.543878982617031,0.0031892697285762963,-0.2897665190263441,0.27473075121321705,False
counterfact,300,epc_pooled_seeds,True,frozen P97.5,13.46273175718909,6450,550,129,0.02,1.858501606672606,14.69350769302298,31.10675540889183,ok,0.014021953590556501,1.8321830291513064,0.00024640532232492765,-0.6976775708233398,0.16535494780793225,False
counterfact,300,epc_pooled_seeds,True,5 nats,5.0,6450,550,3391,0.5257364341085271,3.7292226927520127,14.69350769302298,31.10675540889183,ok,-0.15582347292764803,4.19331349604957,0.038526377462250204,-0.3825471952212834,-0.14372172672537492,False
counterfact,300,epc_pooled_seeds,True,8 nats,8.0,6450,550,1938,0.30046511627906974,2.3608423239669456,14.69350769302298,31.10675540889183,ok,-0.09019085250544534,2.558479593680239,0.009798505023673082,-0.24542491028828692,-0.06110298545337805,False
counterfact,300,epc_pooled_seeds,True,10 nats,10.0,6450,550,940,0.14573643410852713,1.8648147498941605,14.69350769302298,31.10675540889183,ok,-0.027047160909074927,1.9147599098541106,0.0006138085843054854,-0.18785227687596406,0.054417486539635976,False
mquake,300,bp_reader_s0,False,frozen P90,10.167234962810362,3879,550,226,0.05826243877287961,2.4339833332366894,14.335312561644063,27.15451920395168,ok,0.19740557351372304,1.9636942746163917,0.01731486744280819,0.06253139914797434,0.3333349986502032,True
mquake,300,bp_reader_s0,False,frozen P95,11.570500010025949,3879,550,109,0.028100025779840165,2.9179366643902442,14.335312561644063,27.15451920395168,ok,0.15414548038109394,2.4826024348277915,0.007419541797929175,-0.09220411504566403,0.3982113295594468,False
mquake,300,bp_reader_s0,False,frozen P97.5,12.756287345400414,3879,550,63,0.016241299303944315,3.4360189934621954,14.335312561644063,27.15451920395168,exploratory,-0.0657315713376352,3.66456332326984,0.0013387428337320476,-0.4035510299388783,0.17970738880452866,False
mquake,300,bp_reader_s0,False,5 nats,5.0,3879,550,1167,0.3008507347254447,3.326021946830321,14.335312561644063,27.15451920395168,ok,-0.11796184148253767,3.7021763325815327,0.010813309433231921,-0.170741547880549,-0.08033089796058362,False
mquake,300,bp_reader_s0,False,8 nats,8.0,3879,550,557,0.14359370971899973,2.4668279734792096,14.335312561644063,27.15451920395168,ok,0.03879339307915185,2.370695397040738,0.0009670228910965088,-0.02687481482545533,0.10060090352257559,False
mquake,300,bp_reader_s0,False,10 nats,10.0,3879,550,246,0.0634184068058778,2.3963562749317244,14.335312561644063,27.15451920395168,ok,0.1962392092821094,1.935294181810503,0.017476269199123432,0.05914358342795647,0.3373361217427143,True
mquake,300,bp_reader_s1,False,frozen P90,10.167234962810362,3879,550,212,0.05465326114978087,2.1672654788847927,13.44539698575914,27.15451920395168,ok,0.19897158865680692,1.738552574340833,0.021443052200179096,0.051318021799439284,0.3224360122302855,True
mquake,300,bp_reader_s1,False,frozen P95,11.570500010025949,3879,550,91,0.02345965455014179,2.723351071892054,13.44539698575914,27.15451920395168,exploratory,0.17581784119640798,2.2559563698635188,0.01246169057902437,-0.06297006156203178,0.3910121168948197,False
mquake,300,bp_reader_s1,False,frozen P97.5,12.756287345400414,3879,550,52,0.013405516885795308,3.1286135256952097,13.44539698575914,27.15451920395168,exploratory,0.09955197431288659,2.82269215637913,0.003329447256012722,-0.1650279522062997,0.37618853771026434,False
mquake,300,bp_reader_s1,False,5 nats,5.0,3879,550,1148,0.2959525650940964,3.2184108578627164,13.44539698575914,27.15451920395168,ok,-0.12121692785845359,3.586928981546439,0.0128053275221798,-0.17693443562752884,-0.08323840432576263,False
mquake,300,bp_reader_s1,False,8 nats,8.0,3879,550,539,0.13895333848930136,2.314301229548515,13.44539698575914,27.15451920395168,ok,0.020553152061864935,2.2665023909283826,0.0003145906888982367,-0.060069541081261967,0.08515984542318605,False
mquake,300,bp_reader_s1,False,10 nats,10.0,3879,550,233,0.06006702758442898,2.131491539321824,13.44539698575914,27.15451920395168,ok,0.19633316492250744,1.7150212237465758,0.021070863421132752,0.07547077207023341,0.32818768077669275,True
mquake,300,bp_reader_s2,False,frozen P90,10.167234962810362,3879,550,203,0.05233307553493168,2.132412281647866,13.165872070969845,27.15451920395168,ok,0.19462310219282472,1.7195043675363086,0.020603797782882793,0.03527504482736625,0.33590940183016366,True
mquake,300,bp_reader_s2,False,frozen P95,11.570500010025949,3879,550,89,0.02294405774684197,2.596564218702793,13.165872070969845,27.15451920395168,exploratory,0.20817677424010128,2.072493307340474,0.017253497675681545,-0.02394076726054189,0.4235708489675032,False
mquake,300,bp_reader_s2,False,frozen P97.5,12.756287345400414,3879,550,48,0.01237432327919567,3.119712065067496,13.165872070969845,27.15451920395168,insufficient,,,,,,
mquake,300,bp_reader_s2,False,5 nats,5.0,3879,550,1127,0.2905387986594483,3.2037501932940318,13.165872070969845,27.15451920395168,ok,-0.12406880693781085,3.576924311293216,0.013882444794438611,-0.1824757257223796,-0.08694417032731766,False
mquake,300,bp_reader_s2,False,8 nats,8.0,3879,550,529,0.13637535447280227,2.279328849153899,13.165872070969845,27.15451920395168,ok,0.01415301025366738,2.2469178660444076,0.00015468413377524166,-0.06904258938039705,0.07347726017044316,False
mquake,300,bp_reader_s2,False,10 nats,10.0,3879,550,225,0.058004640371229696,2.08290418346351,13.165872070969845,27.15451920395168,ok,0.19920771093148698,1.6703616866753888,0.02151250000372329,0.058498973421238915,0.3209432371469153,True
mquake,300,epc_reader_s0,False,frozen P90,10.167234962810362,3879,550,220,0.056715648362980146,2.3597616199106897,14.289101938578755,27.15451920395168,ok,0.2297627602785742,1.8321132781369691,0.023329100617559623,0.06747009749445894,0.35849983828029,True
mquake,300,epc_reader_s0,False,frozen P95,11.570500010025949,3879,550,101,0.026037638566640885,2.949823124626309,14.289101938578755,27.15451920395168,ok,0.15625970527213617,2.5040585180414396,0.007562987966755181,-0.10510266402904196,0.3570918406508717,False
mquake,300,epc_reader_s0,False,frozen P97.5,12.756287345400414,3879,550,59,0.015210105697344677,3.454439477690752,14.289101938578755,27.15451920395168,exploratory,-0.0587272250768114,3.659503626001227,0.001050738028874706,-0.4579180210380497,0.1887876190679216,False
mquake,300,epc_reader_s0,False,5 nats,5.0,3879,550,1163,0.29981954111884507,3.299084929431336,14.289101938578755,27.15451920395168,ok,-0.11912999815253553,3.6742195465174285,0.011433764943697076,-0.17424371313335502,-0.08112563454742289,False
mquake,300,epc_reader_s0,False,8 nats,8.0,3879,550,556,0.14333591131734982,2.404350405118024,14.289101938578755,27.15451920395168,ok,0.04124854104793886,2.304541983794288,0.00114099087524154,-0.04570002041984996,0.10118766832366341,False
mquake,300,epc_reader_s0,False,10 nats,10.0,3879,550,241,0.062129414797628256,2.3137233479206722,14.289101938578755,27.15451920395168,ok,0.2289009637074035,1.7972648490957919,0.02370642247171118,0.11130900832839072,0.35817165819558283,True
mquake,300,epc_reader_s1,False,frozen P90,10.167234962810362,3879,550,222,0.05723124516627997,2.236433964137392,13.961325952678088,27.15451920395168,ok,0.18778352844607055,1.820164324096877,0.018192234801476803,0.03682766431578983,0.29940373930102054,True
mquake,300,epc_reader_s1,False,frozen P95,11.570500010025949,3879,550,102,0.026295436968290797,2.6720643743415162,13.961325952678088,27.15451920395168,ok,0.18951984294250757,2.180355325065081,0.013859476367023976,-0.017225381962907873,0.3663041088218111,False
mquake,300,epc_reader_s1,False,frozen P97.5,12.756287345400414,3879,550,57,0.014694508894044857,3.1260484944967306,13.961325952678088,27.15451920395168,exploratory,0.08283489252768905,2.87112965263862,0.002231345214736423,-0.24047011617538833,0.32561728209683155,False
mquake,300,epc_reader_s1,False,5 nats,5.0,3879,550,1168,0.3011085331270946,3.2767143679910276,13.961325952678088,27.15451920395168,ok,-0.1249463165734196,3.663910715828406,0.01326218492636845,-0.17849422306603036,-0.08651048106728931,False
mquake,300,epc_reader_s1,False,8 nats,8.0,3879,550,558,0.14385150812064965,2.3648125858271953,13.961325952678088,27.15451920395168,ok,0.018072287755203663,2.321932131306733,0.0002353898112053564,-0.048462537279083076,0.08880109425597286,False
mquake,300,epc_reader_s1,False,10 nats,10.0,3879,550,244,0.06290281000257798,2.1943056065228044,13.961325952678088,27.15451920395168,ok,0.189701381427543,1.7815624125613334,0.01865660960139174,0.03367906470454668,0.33170076784581104,True
mquake,300,epc_reader_s2,False,frozen P90,10.167234962810362,3879,550,219,0.05645784996133024,2.3792216512844204,14.06403570192489,27.15451920395168,ok,0.22427380441466296,1.8575547785568485,0.023253802794982775,0.09155617135541289,0.3751705686360631,True
mquake,300,epc_reader_s2,False,frozen P95,11.570500010025949,3879,550,102,0.026295436968290797,2.934938146042046,14.06403570192489,27.15451920395168,ok,0.18026197619286183,2.4246922318499555,0.010717553227051195,-0.06207752500779867,0.40101985993440065,False
mquake,300,epc_reader_s2,False,frozen P97.5,12.756287345400414,3879,550,60,0.015467904098994586,3.3946311428036844,14.06403570192489,27.15451920395168,exploratory,0.026606932112311025,3.304857005382746,0.00019266999543674502,-0.2777570416954323,0.32141627023919744,False
mquake,300,epc_reader_s2,False,5 nats,5.0,3879,550,1172,0.30213972673369427,3.2950103105782813,14.06403570192489,27.15451920395168,ok,-0.11607348357602192,3.6602333160932736,0.01095545232176826,-0.1574341414197393,-0.0810588538537817,False
mquake,300,epc_reader_s2,False,8 nats,8.0,3879,550,561,0.14462490332559938,2.3965359664882078,14.06403570192489,27.15451920395168,ok,0.04527933308689959,2.287209679633433,0.001408611525145818,-0.025113980163018256,0.12364228989667506,False
mquake,300,epc_reader_s2,False,10 nats,10.0,3879,550,241,0.062129414797628256,2.3215728180125597,14.06403570192489,27.15451920395168,ok,0.2296152210132822,1.8003384232684323,0.024661177472473123,0.09946183094309692,0.3602754964150024,True
mquake,300,frozen,False,frozen P90,10.167234962810362,3879,550,388,0.10002577984016499,2.12761107000062,15.344251580814287,23.13202846658602,ok,0.04500547150612559,2.0320472265885083,0.0009453267534278786,-0.03211627021773416,0.11818341298992772,False
mquake,300,frozen,False,frozen P95,11.570500010025949,3879,550,194,0.050012889920082494,2.158825022002271,15.344251580814287,23.13202846658602,ok,0.15857193743383707,1.8293060130543217,0.007040093658462089,0.005024156794586467,0.30551913738391845,True
mquake,300,frozen,False,frozen P97.5,12.756287345400414,3879,550,97,0.025006444960041247,2.6046434598727806,15.344251580814287,23.13202846658602,exploratory,-0.16854881164938995,3.058948632961941,0.007774282982439349,-0.4387041254911209,0.07628850159045447,False
mquake,300,frozen,False,5 nats,5.0,3879,550,1765,0.4550141789120907,3.4312851943512124,15.344251580814287,23.13202846658602,ok,-0.20230735573433456,4.083875236457246,0.028196266375251397,-0.2476391536009982,-0.17423226268228548,False
mquake,300,frozen,False,8 nats,8.0,3879,550,889,0.2291827790667698,2.4433105881137025,15.344251580814287,23.13202846658602,ok,-0.07567758335835177,2.6265626461276677,0.0033513996478124744,-0.12609052531442141,-0.020279366809811485,False
mquake,300,frozen,False,10 nats,10.0,3879,550,417,0.10750193348801237,2.1412080054374276,15.344251580814287,23.13202846658602,ok,0.034416602488249265,2.067608233005401,0.0005656954908911646,-0.029669646438991996,0.10989284307520483,False
mquake,300,bp_pooled_seeds,True,frozen P90,10.167234962810362,11637,550,641,0.05508292515253072,2.2502655351163567,13.958895163910285,27.15451920395168,ok,0.20009993478383617,1.8054258055819905,0.02016665590076379,0.08461429544365726,0.3349916149791704,True
mquake,300,bp_pooled_seeds,True,frozen P95,11.570500010025949,11637,550,289,0.024834579358941306,2.7576963993953703,13.958895163910285,27.15451920395168,ok,0.1813809865003955,2.2728444791220808,0.011969730761069148,-0.026349351454866932,0.40546013333702474,False
mquake,300,bp_pooled_seeds,True,frozen P97.5,12.756287345400414,11637,550,163,0.014007046489645097,3.2448053929295027,13.958895163910285,27.15451920395168,ok,0.0350080411663152,3.13194241469548,0.0003986172312156222,-0.2802041573047264,0.3244866955972727,False
mquake,300,bp_pooled_seeds,True,5 nats,5.0,11637,550,3442,0.29578069949299646,3.2500958002962688,13.958895163910285,27.15451920395168,ok,-0.12107576844609291,3.6233000484739684,0.012375119118310546,-0.17340507915940984,-0.08535359088238526,False
mquake,300,bp_pooled_seeds,True,8 nats,8.0,11637,550,1625,0.13964080089370112,2.3551978493273733,13.958895163910285,27.15451920395168,ok,0.02557949981059966,2.294664470910515,0.0004663411646573737,-0.05175881738074502,0.09263704809633769,False
mquake,300,bp_pooled_seeds,True,10 nats,10.0,11637,550,704,0.060496691587178825,2.208515076100112,13.958895163910285,27.15451920395168,ok,0.20032992801874105,1.771026907367733,0.020426337708884225,0.06047909355821154,0.3143971770590256,True
mquake,300,epc_pooled_seeds,True,frozen P90,10.167234962810362,11637,550,661,0.05680158116353012,2.3247888624056596,14.003391007171643,27.15451920395168,ok,0.21426177610819397,1.8362275432500628,0.021669130816323743,0.05440761406315823,0.3230845650600002,True
mquake,300,epc_pooled_seeds,True,frozen P95,11.570500010025949,11637,550,305,0.026209504167740826,2.8519553857914115,14.003391007171643,27.15451920395168,ok,0.17851276095530788,2.3600049341196048,0.01081986462903186,-0.0376374027424319,0.36698922783002846,False
mquake,300,epc_pooled_seeds,True,frozen P97.5,12.756287345400414,11637,550,176,0.015124172896794706,3.3276963746493693,14.003391007171643,27.15451920395168,ok,0.018018273098679337,3.2679332223134057,9.616214125268192e-05,-0.24613430754542795,0.2954645360853566,False
mquake,300,epc_pooled_seeds,True,5 nats,5.0,11637,550,3503,0.30102260032654465,3.2902627001826743,14.003391007171643,27.15451920395168,ok,-0.1201029405921147,3.666446780426523,0.01185140882849779,-0.16850605641322894,-0.08899376825006695,False
mquake,300,epc_pooled_seeds,True,8 nats,8.0,11637,550,1675,0.14393744092119962,2.388561746469899,14.003391007171643,27.15451920395168,ok,0.03493393426530729,2.3046149159386253,0.0008448879078586382,-0.03827397108189482,0.10710265975977352,False
mquake,300,epc_pooled_seeds,True,10 nats,10.0,11637,550,726,0.06238721319927817,2.2761941377155277,14.003391007171643,27.15451920395168,ok,0.21639564918559454,1.792685141220613,0.022403399569217178,0.08027246161748895,0.33428939486912523,True
