dataset,model,horizon,family,target,n,nll_token_mean,nll_token_median,nll_total_mean,nll_token_no_term_mean,exact_rate,exact_num,fired_rate,cvar95_nll_token
counterfact,frozen,0,edit,new,300,6.956492905515606,6.992952227950809,13.912985811031213,8.292220584704298,0.0,0.0,,10.125843383340786
counterfact,frozen,0,edit,true,300,6.382110183651308,6.396665117821684,12.764220367302617,7.094964916064161,0.0,0.0,,10.044775560297092
counterfact,frozen,0,locality,true,50,8.05367884956819,7.949069628169202,16.10735769913638,10.478598767132254,0.0,0.0,,10.74384981042156
counterfact,frozen,0,locality_item,true,900,6.295210973955864,6.205344888520756,12.590421947911729,6.9259270422856885,,,,10.047504585666317
counterfact,frozen,0,near_miss_edit,new,100,6.932971352859268,6.722234255896936,13.865942705718536,8.25430325196413,0.0,0.0,,10.666519421660926
counterfact,frozen,0,near_miss_neighbour,true,100,7.167205053350037,7.101910740843239,14.334410106700075,8.674335007892054,0.0,0.0,,10.759568451328198
counterfact,frozen,0,paraphrase,new,600,7.369458379896971,7.385804887166657,14.738916759793941,8.41360898600973,0.0,0.0,,10.416030053582464
counterfact,frozen,0,paraphrase,true,600,6.796356304518734,6.732987520738238,13.592712609037468,7.255590412884527,0.0,0.0,,10.474686622385112
counterfact,frozen,0,revision,v1,50,6.007010596790069,5.895122670403524,12.014021193580138,6.362821132136308,0.0,0.0,,10.32328275830269
counterfact,frozen,0,revision,v2,50,6.948406982246646,6.732136189933325,13.896813964493292,8.122673427058183,0.0,0.0,,10.721507481262728
counterfact,frozen,0,revision_paraphrase,v1,100,6.372039999011874,6.133069392632192,12.744079998023748,6.465147717713624,0.0,0.0,,9.96589528792652
counterfact,frozen,0,revision_paraphrase,v2,100,7.363321078307236,7.162585408301709,14.726642156614473,8.353326352357179,0.0,0.0,,10.5914298919513
counterfact,frozen,0,unseen,new,100,6.923869119761246,6.887995914581591,13.847738239522492,8.339919197977883,0.0,0.0,,9.751559534071015
mquake,frozen,0,composition,new,240,6.610861515366489,6.817344846637791,17.42801965553448,8.880779720887752,0.0,0.0,,10.695026946703573
mquake,frozen,0,composition,old,240,5.4891734114613175,5.354904763724431,14.440062639894782,6.977853353062376,0.0,0.0,,9.872667560656907
mquake,frozen,0,edit,new,300,5.171186506890331,5.0644639287178475,17.195547841091077,5.378567832339682,0.0,0.0,,8.449987943412292
mquake,frozen,0,edit,true,300,4.579244743853683,4.739803133993921,14.728784552860095,4.459960543009176,0.0,0.0,,7.664549779899237
mquake,frozen,0,locality,true,50,5.336382745115409,5.482825091965289,18.472549136545805,5.586500263903617,0.0,0.0,,7.905827534700595
mquake,frozen,0,locality_item,true,600,4.487078912429388,4.539717043289061,14.451238516335929,4.30093262365041,,,,7.689752348175407
mquake,frozen,0,near_miss_edit,new,100,5.493155396754884,5.348396325315019,17.781206417077566,5.970615759889525,0.0,0.0,,8.84163259061891
mquake,frozen,0,near_miss_neighbour,true,100,5.204110113351357,4.934074875613538,17.58808991952885,5.336537153816676,0.0,0.0,,8.706142196469862
mquake,frozen,0,paraphrase,new,300,6.048105875812637,6.068781185198772,19.3204599562593,7.821408408009699,0.0,0.0,,10.169675647696215
mquake,frozen,0,paraphrase,true,300,5.289725611505057,4.872488402927635,16.332642628360723,6.6633244820472886,0.0,0.0,,10.131575235314154
mquake,frozen,0,revision,v1,50,4.664993914414135,4.606832778478031,14.227962397608254,4.318700677867991,0.0,0.0,,8.77680904924633
mquake,frozen,0,revision,v2,50,5.3880552689811285,5.2233821293691935,18.210104324068404,5.5041354945135605,0.0,0.0,,8.841346424966174
mquake,frozen,0,revision_paraphrase,v1,50,5.4907280531595735,4.937390907552231,16.174228601655056,6.7978376972863455,0.0,0.0,,10.120275646574042
mquake,frozen,0,revision_paraphrase,v2,50,6.240346795023555,6.284306070250965,20.374919958285982,7.934996154037845,0.0,0.0,,9.501300839212735
mquake,frozen,0,unseen,new,100,5.283694153710733,5.378433863306652,17.41134870135676,5.514195395344214,0.0,0.0,,8.141381339259425
zsre,bp_reader_s0,300,edit,new,300,0.014777672583287762,0.0116453824839855,0.050205221693832194,0.013720192757713861,1.0,300.0,1.0,0.04330646674338199
zsre,bp_reader_s0,300,locality,true,50,8.064826392753178,8.047991619786258,27.725000543187445,10.437589908036777,0.0,0.0,0.0,11.55686871003809
zsre,bp_reader_s0,300,locality_item,true,296,6.222613010994192,5.985091555507449,30.707499734368234,7.154181545733959,,,0.0,10.33309106694387
zsre,bp_reader_s0,300,near_miss_edit,new,100,6.188955676167106,5.944303798620346,22.10999755036908,7.904402141886518,0.02,2.0,0.13,11.59783992225768
zsre,bp_reader_s0,300,near_miss_neighbour,true,100,6.192189230009671,5.831964667533197,20.943505994766028,7.998263050553874,0.01,1.0,0.08,12.591217559621967
zsre,bp_reader_s0,300,paraphrase,new,300,0.16081105157336642,0.015754021286021214,0.6264458349029114,0.18187903769634295,0.9733333333333334,292.0,0.9766666666666667,2.870455518378131
zsre,bp_reader_s0,300,revision,v1,50,6.076126273320302,5.814922910246816,20.115257345727883,7.6658867034613944,0.0,0.0,0.04,10.163078672277168
zsre,bp_reader_s0,300,revision,v2,50,6.0227460804111566,5.656532834923878,21.43621085314127,7.637508685042356,0.0,0.0,0.04,10.39010054107797
zsre,bp_reader_s0,300,revision_paraphrase,v1,50,6.166974967280866,6.063187157417664,20.353796685313938,7.760073617743563,0.0,0.0,0.0,10.775139924994967
zsre,bp_reader_s0,300,revision_paraphrase,v2,50,6.082308411457823,5.734532123807275,21.668979856790646,7.706039973229133,0.0,0.0,0.0,10.620303574056736
zsre,bp_reader_s0,300,unseen,new,100,6.229268608122166,6.080921216874776,21.13918730268472,7.911961315650904,0.0,0.0,0.04,11.88848053817122
zsre,bp_reader_s1,300,edit,new,300,0.014777672583287762,0.0116453824839855,0.050205221693832194,0.013720192757713861,1.0,300.0,1.0,0.04330646674338199
zsre,bp_reader_s1,300,locality,true,50,8.064826392753178,8.047991619786258,27.725000543187445,10.437589908036777,0.0,0.0,0.0,11.55686871003809
zsre,bp_reader_s1,300,locality_item,true,296,6.222613010994192,5.985091555507449,30.707499734368234,7.154181545733959,,,0.0,10.33309106694387
zsre,bp_reader_s1,300,near_miss_edit,new,100,6.162876112105543,5.944303798620346,22.298183134940867,7.9116969007248,0.04,4.0,0.19,11.617930529376729
zsre,bp_reader_s1,300,near_miss_neighbour,true,100,6.161111069259817,5.8220593290210045,21.042250791396928,8.133476741598917,0.03,3.0,0.21,13.57987856530021
zsre,bp_reader_s1,300,paraphrase,new,300,0.07667511864040272,0.01533624580213555,0.31592347122573244,0.09177525796116316,0.99,297.0,0.9933333333333333,1.201975405161519
zsre,bp_reader_s1,300,revision,v1,50,6.234355322966048,5.914903589553521,20.648897702008213,7.843314032544831,0.0,0.0,0.12,10.163078672277168
zsre,bp_reader_s1,300,revision,v2,50,6.09839206754925,5.713379941325039,21.955631861646125,7.683291916753223,0.0,0.0,0.12,11.407086333205372
zsre,bp_reader_s1,300,revision_paraphrase,v1,50,6.375715752807731,6.223262011645482,20.942295773936497,8.042238642078525,0.0,0.0,0.06,10.775139924994967
zsre,bp_reader_s1,300,revision_paraphrase,v2,50,6.170161716954335,5.828616366595493,21.95920787403708,7.905159629340804,0.0,0.0,0.06,10.447674514352089
zsre,bp_reader_s1,300,unseen,new,100,6.209499306035887,6.0282244213909095,21.336993694273325,7.91581727895866,0.03,3.0,0.14,12.98550887279516
zsre,bp_reader_s2,300,edit,new,300,0.014777672583287762,0.0116453824839855,0.050205221693832194,0.013720192757713861,1.0,300.0,1.0,0.04330646674338199
zsre,bp_reader_s2,300,locality,true,50,8.064826392753178,8.047991619786258,27.725000543187445,10.437589908036777,0.0,0.0,0.0,11.55686871003809
zsre,bp_reader_s2,300,locality_item,true,296,6.222613010994192,5.985091555507449,30.707499734368234,7.154181545733959,,,0.0,10.33309106694387
zsre,bp_reader_s2,300,near_miss_edit,new,100,6.162602986074874,5.944303798620346,22.036024478443554,7.879869902991035,0.03,3.0,0.15,11.59783992225768
zsre,bp_reader_s2,300,near_miss_neighbour,true,100,6.140726665562901,5.869411624859048,20.996344906900678,7.999846469293896,0.03,3.0,0.16,12.591217559621967
zsre,bp_reader_s2,300,paraphrase,new,300,0.1416913625991598,0.015754021286021214,0.5681132139182226,0.16139557203151556,0.9766666666666667,293.0,0.98,2.489180764265161
zsre,bp_reader_s2,300,revision,v1,50,6.110578631135918,5.814922910246816,20.218614419174727,7.740134863851213,0.0,0.0,0.08,10.163078672277168
zsre,bp_reader_s2,300,revision,v2,50,6.076422434359361,5.656532834923878,21.540537858377796,7.6489341142433975,0.0,0.0,0.08,11.335134817879386
zsre,bp_reader_s2,300,revision_paraphrase,v1,50,6.1867472805204775,6.063187157417664,20.432885938272385,7.802836249998465,0.0,0.0,0.02,10.775139924994967
zsre,bp_reader_s2,300,revision_paraphrase,v2,50,6.086140940877601,5.734532123807275,21.684309974469762,7.729013126183529,0.0,0.0,0.02,10.620303574056736
zsre,bp_reader_s2,300,unseen,new,100,6.281246346384568,6.080921216874776,21.522323348474202,7.990228723676412,0.02,2.0,0.11,12.98550887279516
zsre,epc_reader_s0,300,edit,new,300,0.014777672583287762,0.0116453824839855,0.050205221693832194,0.013720192757713861,1.0,300.0,1.0,0.04330646674338199
zsre,epc_reader_s0,300,locality,true,50,8.064826392753178,8.047991619786258,27.725000543187445,10.437589908036777,0.0,0.0,0.0,11.55686871003809
zsre,epc_reader_s0,300,locality_item,true,296,6.222613010994192,5.985091555507449,30.707499734368234,7.154181545733959,,,0.0,10.33309106694387
zsre,epc_reader_s0,300,near_miss_edit,new,100,6.086271201237926,5.78904518882044,21.35436218778618,7.786517231266665,0.01,1.0,0.06,11.425103375196821
zsre,epc_reader_s0,300,near_miss_neighbour,true,100,6.048459591652432,5.801775579015025,20.54445396982075,7.808359033411243,0.01,1.0,0.03,12.433555010149174
zsre,epc_reader_s0,300,paraphrase,new,300,0.3200338850602003,0.016220846330672556,1.245459379346858,0.3723952752435549,0.9466666666666667,284.0,0.9466666666666667,5.8688654905728646
zsre,epc_reader_s0,300,revision,v1,50,6.137407245984819,5.814922910246816,20.174222397379186,7.7322231705283455,0.0,0.0,0.0,10.163078672277168
zsre,epc_reader_s0,300,revision,v2,50,6.083581361294414,5.713379941325039,21.523004536102977,7.6933796179714475,0.0,0.0,0.0,10.39010054107797
zsre,epc_reader_s0,300,revision_paraphrase,v1,50,6.166974967280866,6.063187157417664,20.353796685313938,7.760073617743563,0.0,0.0,0.0,10.775139924994967
zsre,epc_reader_s0,300,revision_paraphrase,v2,50,6.082308411457823,5.734532123807275,21.668979856790646,7.706039973229133,0.0,0.0,0.0,10.620303574056736
zsre,epc_reader_s0,300,unseen,new,100,6.2092033513024,6.080921216874776,21.04235387595646,7.879682806374269,0.0,0.0,0.02,11.88848053817122
zsre,epc_reader_s1,300,edit,new,300,0.014777672583287762,0.0116453824839855,0.050205221693832194,0.013720192757713861,1.0,300.0,1.0,0.04330646674338199
zsre,epc_reader_s1,300,locality,true,50,8.064826392753178,8.047991619786258,27.725000543187445,10.437589908036777,0.0,0.0,0.0,11.55686871003809
zsre,epc_reader_s1,300,locality_item,true,296,6.222613010994192,5.985091555507449,30.707499734368234,7.154181545733959,,,0.0,10.33309106694387
zsre,epc_reader_s1,300,near_miss_edit,new,100,6.163395116179224,5.8955987539258174,22.00775531041755,7.862847338913867,0.02,2.0,0.12,11.59783992225768
zsre,epc_reader_s1,300,near_miss_neighbour,true,100,6.146976424056529,5.8220593290210045,20.90218968888548,7.977312920389733,0.01,1.0,0.08,12.433555010149174
zsre,epc_reader_s1,300,paraphrase,new,300,0.16836037097442252,0.01602466532660962,0.6684349042043014,0.18979521342633027,0.97,291.0,0.9733333333333334,3.0143090042877723
zsre,epc_reader_s1,300,revision,v1,50,6.076126273320302,5.814922910246816,20.115257345727883,7.6658867034613944,0.0,0.0,0.04,10.163078672277168
zsre,epc_reader_s1,300,revision,v2,50,6.0227460804111566,5.656532834923878,21.43621085314127,7.637508685042356,0.0,0.0,0.04,10.39010054107797
zsre,epc_reader_s1,300,revision_paraphrase,v1,50,6.1867472805204775,6.063187157417664,20.432885938272385,7.802836249998465,0.0,0.0,0.02,10.775139924994967
zsre,epc_reader_s1,300,revision_paraphrase,v2,50,6.086140940877601,5.734532123807275,21.684309974469762,7.729013126183529,0.0,0.0,0.02,10.620303574056736
zsre,epc_reader_s1,300,unseen,new,100,6.3278768160657055,6.080921216874776,21.572226788623233,8.033315838257549,0.0,0.0,0.05,12.964507239071889
zsre,frozen,0,edit,new,300,6.0093702999186265,5.772016637817031,20.351683237640962,7.792282708898116,0.0,0.0,,10.988244134442043
zsre,frozen,0,locality,true,50,8.064826392753178,8.047991619786258,27.725000543187445,10.437589908036777,0.0,0.0,,11.55686871003809
zsre,frozen,0,locality_item,true,296,6.222613011080029,5.985091555507449,30.707499722372336,7.154181545601878,,,,10.33309106694387
zsre,frozen,0,near_miss_edit,new,100,5.95562929337367,5.739513000597337,20.954247577859643,7.638400137109929,0.0,0.0,,11.319876559930096
zsre,frozen,0,near_miss_neighbour,true,100,5.974323118113806,5.773268367593301,20.31417364442778,7.752894081304268,0.0,0.0,,11.598369335923321
zsre,frozen,0,paraphrase,new,300,6.097973553162249,5.761292610630294,20.630668179064372,7.912245500933881,0.0,0.0,,11.365021550715193
zsre,frozen,0,revision,v1,50,6.137407245984819,5.814922910246816,20.174222397379186,7.7322231705283455,0.0,0.0,,10.163078672277168
zsre,frozen,0,revision,v2,50,6.083581361294414,5.713379941325039,21.523004536102977,7.6933796179714475,0.0,0.0,,10.39010054107797
zsre,frozen,0,revision_paraphrase,v1,50,6.166974967280866,6.063187157417664,20.353796685313938,7.760073617743563,0.0,0.0,,10.775139924994967
zsre,frozen,0,revision_paraphrase,v2,50,6.082308411457823,5.734532123807275,21.668979856790646,7.706039973229133,0.0,0.0,,10.620303574056736
zsre,frozen,0,unseen,new,100,6.127532507087945,6.080921216874776,20.87901218752755,7.752683249895231,0.0,0.0,,10.550865836187588
