dataset,model,family,horizon,ES,ES_num,ES_den,RET-ES,RET-ES_num,RET-ES_den,RET-GS,RET-GS_num,RET-GS_den,LS,LS_num,LS_den,near_miss,near_miss_num,near_miss_den,revision,revision_num,revision_den,revision_latest_answer,revision_latest_answer_num,revision_latest_answer_den,source,unseen_false_fires,unseen_false_fire_rate,unseen_answer_changes,unseen_scored,composition_success,composition_num,composition_den,composition_paraphrase_hits,composition_paraphrases,note,original_fact_exact_edit,composition_question_new_exact,composition_question_old_exact,composition_questions
zsre,bp_reader_s0,PCR,100,1.0,100.0,100,1.0,100.0,100,0.96,96.0,100,1.0,50.0,50,0.8,80.0,100,1.0,50.0,50,1.0,50.0,50,/home/derp/cap/pc_cap/results/additional_work/PC-reader/eval-bp-s0-zsre/stream/checkpoint-100.json,5.0,0.05,5.0,100.0,,,,,,,,,,
zsre,bp_reader_s0,PCR,300,1.0,300.0,300,1.0,300.0,300,0.9733333333333334,292.0,300,1.0,50.0,50,0.85,85.0,100,1.0,50.0,50,1.0,50.0,50,/home/derp/cap/pc_cap/results/additional_work/PC-reader/eval-bp-s0-zsre/stream/checkpoint-300.json,4.0,0.04,4.0,100.0,,,,,,,,,,
counterfact,bp_reader_s0,PCR,100,1.0,100.0,100,1.0,100.0,100,0.85,85.0,100,1.0,50.0,50,1.0,100.0,100,1.0,50.0,50,1.0,50.0,50,/home/derp/cap/pc_cap/results/additional_work/PC-reader/eval-bp-s0-counterfact/stream/checkpoint-100.json,0.0,0.0,0.0,100.0,,,,,,,,,,
counterfact,bp_reader_s0,PCR,300,1.0,300.0,300,1.0,300.0,300,0.81,243.0,300,1.0,50.0,50,1.0,100.0,100,1.0,50.0,50,1.0,50.0,50,/home/derp/cap/pc_cap/results/additional_work/PC-reader/eval-bp-s0-counterfact/stream/checkpoint-300.json,0.0,0.0,0.0,100.0,,,,,,,,,,
mquake,bp_reader_s0,EXT,100,1.0,100.0,100,1.0,100.0,100,0.62,62.0,100,1.0,50.0,50,1.0,100.0,100,1.0,50.0,50,1.0,50.0,50,/home/derp/cap/pc_cap/results/extremes_analysis/ext-20261009/mquake_eval/eval-bp-s0-mquake/stream/checkpoint-100.json,0.0,0.0,0.0,100.0,,,,,,,,,,
mquake,bp_reader_s0,EXT,300,1.0,300.0,300,1.0,300.0,300,0.6233333333333333,187.0,300,1.0,50.0,50,1.0,100.0,100,1.0,50.0,50,1.0,50.0,50,/home/derp/cap/pc_cap/results/extremes_analysis/ext-20261009/mquake_eval/eval-bp-s0-mquake/stream/checkpoint-300.json,0.0,0.0,0.0,100.0,0.0,0.0,80.0,0.0,240.0,,,,,
zsre,bp_reader_s1,PCR,100,1.0,100.0,100,1.0,100.0,100,0.99,99.0,100,1.0,50.0,50,0.56,56.0,100,1.0,50.0,50,1.0,50.0,50,/home/derp/cap/pc_cap/results/additional_work/PC-reader/eval-bp-s1-zsre/stream/checkpoint-100.json,13.0,0.13,13.0,100.0,,,,,,,,,,
zsre,bp_reader_s1,PCR,300,1.0,300.0,300,1.0,300.0,300,0.99,297.0,300,1.0,50.0,50,0.67,67.0,100,1.0,50.0,50,1.0,50.0,50,/home/derp/cap/pc_cap/results/additional_work/PC-reader/eval-bp-s1-zsre/stream/checkpoint-300.json,14.0,0.14,14.0,100.0,,,,,,,,,,
counterfact,bp_reader_s1,PCR,100,1.0,100.0,100,1.0,100.0,100,0.85,85.0,100,1.0,50.0,50,1.0,100.0,100,0.98,49.0,50,0.98,49.0,50,/home/derp/cap/pc_cap/results/additional_work/PC-reader/eval-bp-s1-counterfact/stream/checkpoint-100.json,0.0,0.0,0.0,100.0,,,,,,,,,,
counterfact,bp_reader_s1,PCR,300,0.99,297.0,300,0.99,297.0,300,0.8,240.0,300,1.0,50.0,50,0.99,99.0,100,0.98,49.0,50,0.98,49.0,50,/home/derp/cap/pc_cap/results/additional_work/PC-reader/eval-bp-s1-counterfact/stream/checkpoint-300.json,1.0,0.01,1.0,100.0,,,,,,,,,,
mquake,bp_reader_s1,EXT,100,0.86,86.0,100,0.9,90.0,100,0.68,68.0,100,1.0,50.0,50,1.0,100.0,100,0.94,47.0,50,0.94,47.0,50,/home/derp/cap/pc_cap/results/extremes_analysis/ext-20261009/mquake_eval/eval-bp-s1-mquake/stream/checkpoint-100.json,0.0,0.0,0.0,100.0,,,,,,,,,,
mquake,bp_reader_s1,EXT,300,0.91,273.0,300,0.94,282.0,300,0.7233333333333334,217.0,300,1.0,50.0,50,1.0,100.0,100,0.94,47.0,50,0.94,47.0,50,/home/derp/cap/pc_cap/results/extremes_analysis/ext-20261009/mquake_eval/eval-bp-s1-mquake/stream/checkpoint-300.json,0.0,0.0,0.0,100.0,0.0,0.0,80.0,2.0,240.0,,,,,
zsre,bp_reader_s2,PCR,100,1.0,100.0,100,1.0,100.0,100,0.96,96.0,100,1.0,50.0,50,0.66,66.0,100,1.0,50.0,50,1.0,50.0,50,/home/derp/cap/pc_cap/results/additional_work/PC-reader/eval-bp-s2-zsre/stream/checkpoint-100.json,8.0,0.08,8.0,100.0,,,,,,,,,,
zsre,bp_reader_s2,PCR,300,1.0,300.0,300,1.0,300.0,300,0.9766666666666667,293.0,300,1.0,50.0,50,0.73,73.0,100,1.0,50.0,50,1.0,50.0,50,/home/derp/cap/pc_cap/results/additional_work/PC-reader/eval-bp-s2-zsre/stream/checkpoint-300.json,11.0,0.11,11.0,100.0,,,,,,,,,,
counterfact,bp_reader_s2,PCR,100,1.0,100.0,100,1.0,100.0,100,0.865,86.5,100,1.0,50.0,50,1.0,100.0,100,1.0,50.0,50,1.0,50.0,50,/home/derp/cap/pc_cap/results/additional_work/PC-reader/eval-bp-s2-counterfact/stream/checkpoint-100.json,0.0,0.0,0.0,100.0,,,,,,,,,,
counterfact,bp_reader_s2,PCR,300,1.0,300.0,300,1.0,300.0,300,0.835,250.5,300,1.0,50.0,50,1.0,100.0,100,1.0,50.0,50,1.0,50.0,50,/home/derp/cap/pc_cap/results/additional_work/PC-reader/eval-bp-s2-counterfact/stream/checkpoint-300.json,0.0,0.0,0.0,100.0,,,,,,,,,,
mquake,bp_reader_s2,EXT,100,1.0,100.0,100,1.0,100.0,100,0.62,62.0,100,1.0,50.0,50,1.0,100.0,100,1.0,50.0,50,1.0,50.0,50,/home/derp/cap/pc_cap/results/extremes_analysis/ext-20261009/mquake_eval/eval-bp-s2-mquake/stream/checkpoint-100.json,0.0,0.0,0.0,100.0,,,,,,,,,,
mquake,bp_reader_s2,EXT,300,1.0,300.0,300,1.0,300.0,300,0.6766666666666666,203.0,300,1.0,50.0,50,1.0,100.0,100,1.0,50.0,50,1.0,50.0,50,/home/derp/cap/pc_cap/results/extremes_analysis/ext-20261009/mquake_eval/eval-bp-s2-mquake/stream/checkpoint-300.json,0.0,0.0,0.0,100.0,0.0,0.0,80.0,2.0,240.0,,,,,
zsre,epc_reader_s0,PCR,100,1.0,100.0,100,1.0,100.0,100,0.92,92.0,100,1.0,50.0,50,0.88,88.0,100,1.0,50.0,50,1.0,50.0,50,/home/derp/cap/pc_cap/results/additional_work/PC-reader/eval-epc-s0-zsre/stream/checkpoint-100.json,2.0,0.02,2.0,100.0,,,,,,,,,,
zsre,epc_reader_s0,PCR,300,1.0,300.0,300,1.0,300.0,300,0.9466666666666667,284.0,300,1.0,50.0,50,0.91,91.0,100,1.0,50.0,50,1.0,50.0,50,/home/derp/cap/pc_cap/results/additional_work/PC-reader/eval-epc-s0-zsre/stream/checkpoint-300.json,2.0,0.02,2.0,100.0,,,,,,,,,,
counterfact,epc_reader_s0,PCR,100,1.0,100.0,100,1.0,100.0,100,0.56,56.0,100,1.0,50.0,50,0.99,99.0,100,1.0,50.0,50,1.0,50.0,50,/home/derp/cap/pc_cap/results/additional_work/PC-reader/eval-epc-s0-counterfact/stream/checkpoint-100.json,0.0,0.0,0.0,100.0,,,,,,,,,,
counterfact,epc_reader_s0,PCR,300,1.0,300.0,300,1.0,300.0,300,0.5683333333333334,170.5,300,1.0,50.0,50,0.98,98.0,100,1.0,50.0,50,1.0,50.0,50,/home/derp/cap/pc_cap/results/additional_work/PC-reader/eval-epc-s0-counterfact/stream/checkpoint-300.json,0.0,0.0,0.0,100.0,,,,,,,,,,
mquake,epc_reader_s0,EXT,100,1.0,100.0,100,1.0,100.0,100,0.56,56.0,100,1.0,50.0,50,1.0,100.0,100,1.0,50.0,50,1.0,50.0,50,/home/derp/cap/pc_cap/results/extremes_analysis/ext-20261009/mquake_eval/eval-epc-s0-mquake/stream/checkpoint-100.json,0.0,0.0,0.0,100.0,,,,,,,,,,
mquake,epc_reader_s0,EXT,300,1.0,300.0,300,1.0,300.0,300,0.6,180.0,300,1.0,50.0,50,1.0,100.0,100,1.0,50.0,50,1.0,50.0,50,/home/derp/cap/pc_cap/results/extremes_analysis/ext-20261009/mquake_eval/eval-epc-s0-mquake/stream/checkpoint-300.json,0.0,0.0,0.0,100.0,0.0,0.0,80.0,0.0,240.0,,,,,
zsre,epc_reader_s1,PCR,100,1.0,100.0,100,1.0,100.0,100,0.92,92.0,100,1.0,50.0,50,0.8,80.0,100,1.0,50.0,50,1.0,50.0,50,/home/derp/cap/pc_cap/results/additional_work/PC-reader/eval-epc-s1-zsre/stream/checkpoint-100.json,5.0,0.05,5.0,100.0,,,,,,,,,,
zsre,epc_reader_s1,PCR,300,1.0,300.0,300,1.0,300.0,300,0.97,291.0,300,1.0,50.0,50,0.85,85.0,100,1.0,50.0,50,1.0,50.0,50,/home/derp/cap/pc_cap/results/additional_work/PC-reader/eval-epc-s1-zsre/stream/checkpoint-300.json,5.0,0.05,5.0,100.0,,,,,,,,,,
counterfact,epc_reader_s1,PCR,100,1.0,100.0,100,1.0,100.0,100,0.775,77.5,100,1.0,50.0,50,0.96,96.0,100,1.0,50.0,50,1.0,50.0,50,/home/derp/cap/pc_cap/results/additional_work/PC-reader/eval-epc-s1-counterfact/stream/checkpoint-100.json,0.0,0.0,0.0,100.0,,,,,,,,,,
counterfact,epc_reader_s1,PCR,300,1.0,300.0,300,1.0,300.0,300,0.7783333333333333,233.5,300,1.0,50.0,50,0.95,95.0,100,1.0,50.0,50,1.0,50.0,50,/home/derp/cap/pc_cap/results/additional_work/PC-reader/eval-epc-s1-counterfact/stream/checkpoint-300.json,1.0,0.01,1.0,100.0,,,,,,,,,,
mquake,epc_reader_s1,EXT,100,1.0,100.0,100,1.0,100.0,100,0.53,53.0,100,1.0,50.0,50,1.0,100.0,100,1.0,50.0,50,1.0,50.0,50,/home/derp/cap/pc_cap/results/extremes_analysis/ext-20261009/mquake_eval/eval-epc-s1-mquake/stream/checkpoint-100.json,0.0,0.0,0.0,100.0,,,,,,,,,,
mquake,epc_reader_s1,EXT,300,1.0,300.0,300,1.0,300.0,300,0.6033333333333334,181.0,300,1.0,50.0,50,1.0,100.0,100,1.0,50.0,50,1.0,50.0,50,/home/derp/cap/pc_cap/results/extremes_analysis/ext-20261009/mquake_eval/eval-epc-s1-mquake/stream/checkpoint-300.json,0.0,0.0,0.0,100.0,0.0,0.0,80.0,1.0,240.0,,,,,
zsre,epc_reader_s2,PCR,100,1.0,100.0,100,1.0,100.0,100,0.95,95.0,100,1.0,50.0,50,0.82,82.0,100,1.0,50.0,50,1.0,50.0,50,/home/derp/cap/pc_cap/results/additional_work/PC-reader/eval-epc-s2-zsre/stream/checkpoint-100.json,4.0,0.04,4.0,100.0,,,,,,,,,,
zsre,epc_reader_s2,PCR,300,1.0,300.0,300,1.0,300.0,300,0.98,294.0,300,1.0,50.0,50,0.85,85.0,100,1.0,50.0,50,1.0,50.0,50,/home/derp/cap/pc_cap/results/additional_work/PC-reader/eval-epc-s2-zsre/stream/checkpoint-300.json,4.0,0.04,4.0,100.0,,,,,,,,,,
counterfact,epc_reader_s2,PCR,100,1.0,100.0,100,1.0,100.0,100,0.68,68.0,100,1.0,50.0,50,0.99,99.0,100,1.0,50.0,50,1.0,50.0,50,/home/derp/cap/pc_cap/results/additional_work/PC-reader/eval-epc-s2-counterfact/stream/checkpoint-100.json,0.0,0.0,0.0,100.0,,,,,,,,,,
counterfact,epc_reader_s2,PCR,300,1.0,300.0,300,1.0,300.0,300,0.66,198.0,300,1.0,50.0,50,0.99,99.0,100,1.0,50.0,50,1.0,50.0,50,/home/derp/cap/pc_cap/results/additional_work/PC-reader/eval-epc-s2-counterfact/stream/checkpoint-300.json,0.0,0.0,0.0,100.0,,,,,,,,,,
mquake,epc_reader_s2,EXT,100,1.0,100.0,100,1.0,100.0,100,0.51,51.0,100,1.0,50.0,50,1.0,100.0,100,1.0,50.0,50,1.0,50.0,50,/home/derp/cap/pc_cap/results/extremes_analysis/ext-20261009/mquake_eval/eval-epc-s2-mquake/stream/checkpoint-100.json,0.0,0.0,0.0,100.0,,,,,,,,,,
mquake,epc_reader_s2,EXT,300,1.0,300.0,300,1.0,300.0,300,0.5833333333333334,175.0,300,1.0,50.0,50,1.0,100.0,100,1.0,50.0,50,1.0,50.0,50,/home/derp/cap/pc_cap/results/extremes_analysis/ext-20261009/mquake_eval/eval-epc-s2-mquake/stream/checkpoint-300.json,0.0,0.0,0.0,100.0,0.0,0.0,80.0,2.0,240.0,,,,,
zsre,frozen,FROZEN,100,0.0,0.0,300,0.0,0.0,300,0.0,0.0,300,1.0,50.0,50,1.0,100.0,100,,,50,,,50,ext-20261009 frozen scoring,,,,,,,,,,ES/RET-ES/RET-GS: frozen greedy answers vs taught aliases (no adaptation possible); LS and near-miss are 1 by definition (the frozen response is the reference); revision and unseen firing are N/A,,,,
zsre,frozen,FROZEN,300,0.0,0.0,300,0.0,0.0,300,0.0,0.0,300,1.0,50.0,50,1.0,100.0,100,,,50,,,50,ext-20261009 frozen scoring,,,,,,,,,,ES/RET-ES/RET-GS: frozen greedy answers vs taught aliases (no adaptation possible); LS and near-miss are 1 by definition (the frozen response is the reference); revision and unseen firing are N/A,,,,
counterfact,frozen,FROZEN,100,0.0,0.0,300,0.0,0.0,300,0.0,0.0,300,1.0,50.0,50,1.0,100.0,100,,,50,,,50,ext-20261009 frozen scoring,,,,,,,,,,ES/RET-ES/RET-GS: frozen greedy answers vs taught aliases (no adaptation possible); LS and near-miss are 1 by definition (the frozen response is the reference); revision and unseen firing are N/A,0.0,,,
counterfact,frozen,FROZEN,300,0.0,0.0,300,0.0,0.0,300,0.0,0.0,300,1.0,50.0,50,1.0,100.0,100,,,50,,,50,ext-20261009 frozen scoring,,,,,,,,,,ES/RET-ES/RET-GS: frozen greedy answers vs taught aliases (no adaptation possible); LS and near-miss are 1 by definition (the frozen response is the reference); revision and unseen firing are N/A,0.0,,,
mquake,frozen,FROZEN,100,0.0,0.0,300,0.0,0.0,300,0.0,0.0,300,1.0,50.0,50,1.0,100.0,100,,,50,,,50,ext-20261009 frozen scoring,,,,,,,,,,ES/RET-ES/RET-GS: frozen greedy answers vs taught aliases (no adaptation possible); LS and near-miss are 1 by definition (the frozen response is the reference); revision and unseen firing are N/A,0.0,0.0,0.0,240.0
mquake,frozen,FROZEN,300,0.0,0.0,300,0.0,0.0,300,0.0,0.0,300,1.0,50.0,50,1.0,100.0,100,,,50,,,50,ext-20261009 frozen scoring,,,,,,,,,,ES/RET-ES/RET-GS: frozen greedy answers vs taught aliases (no adaptation possible); LS and near-miss are 1 by definition (the frozen response is the reference); revision and unseen firing are N/A,0.0,0.0,0.0,240.0
