phase,dataset,condition,cells,freq_0p01,freq_interval,conditional_mean_0p01,conditional_interval
PC-reader,counterfact,bp,3,0.0012668017740661754,"[0.0011075000917479827, 0.0014353801968435974]",2.313015327282823,"[2.1342213107689143, 2.4935930183721733]"
PC-reader,counterfact,epc,3,0.0014802007853627307,"[0.0013114184781796113, 0.00165309476139408]",2.2064331941964905,"[1.9959894167251206, 2.3879269465132116]"
PC-reader,zsre,bp,3,6.252455108051939e-05,"[4.3461359147817554e-05, 8.434018249013541e-05]",2.279967573714747,"[1.669787586387955, 2.9690646307080466]"
PC-reader,zsre,epc,3,5.436917485262556e-06,"[1.359229371315639e-06, 1.0873834970525112e-05]",2.9709903169155485,
stage4,counterfact,R1_learned_ff,15,0.0029835084700378274,"[0.002698715936012918, 0.003311932266881969]",1.9125285313437048,"[1.787692359694139, 2.038481970744697]"
stage4,counterfact,R1_nonlearned,15,0.02044987773731805,"[0.019807553509462276, 0.021014046276323174]",3.4864883835513725,"[3.4310541951035685, 3.543411249719238]"
stage4,counterfact,S1_LM,15,0.0,"[0.0, 0.0]",,
stage4,counterfact,matched_update,15,0.0,"[0.0, 0.0]",,
stage4,counterfact,v0_live_C1,15,0.0,"[0.0, 0.0]",,
stage4,counterfact,v0_live_C2,15,0.0,"[0.0, 0.0]",,
stage4,counterfact,v0_stable,15,0.0,"[0.0, 0.0]",,
stage4,zsre,R1_learned_ff,15,0.0015943760525532443,"[0.0013659575567036512, 0.0018256149493483175]",1.6295207789075923,"[1.4920869932987162, 1.7773165435470115]"
stage4,zsre,R1_nonlearned,15,0.0002664089567778652,"[0.00021475824066787095, 0.00031676840498510967]",1.806160859390419,"[1.569139774342965, 2.0404365595543927]"
stage4,zsre,S1_LM,15,0.0010493250746556732,"[0.0009679819929292888, 0.001121139958489135]",1.720168244704114,"[1.5195239612229534, 1.9584573033870891]"
stage4,zsre,S1_literal,15,0.0010408978525535163,"[0.0009622800257166196, 0.0011116729259179215]",1.7237676202275578,"[1.525384837399909, 1.9447672433920116]"
stage4,zsre,matched_update,15,0.001053130916895357,"[0.0009755800851149432, 0.00111948169865613]",1.6771884740110068,"[1.49212395270612, 1.863103106670144]"
stage4,zsre,v0_live_C1,15,0.0009588003985260517,"[0.0008804612137102749, 0.001029820133177294]",2.187643220214279,"[2.0116451239724857, 2.3972445342517155]"
stage4,zsre,v0_live_C2,15,0.0001867581156187688,"[0.0001601104237941257, 0.00021749708785107197]",17.202974415842945,"[15.705115220435388, 18.74411932608538]"
stage4,zsre,v0_stable,15,0.0010408978525535163,"[0.0009596023438551279, 0.0011102933081060362]",1.7162606386964636,"[1.5190418264740821, 1.9330661984825812]"
