model,family,stratum,cases,questions,question_accuracy,question_correct,any_question_success,all_question_success,any_numerator,all_numerator,old_answer_reappeared_fraction,frozen_question_new_exact,frozen_question_old_exact,source
bp_reader_s0,EXT,all,80,240,0.0,0,0.0,0.0,0,0,0.0,0.0,0.0,/home/derp/cap/pc_cap/results/extremes_analysis/ext-20261009/mquake_eval/eval-bp-s0-mquake/composition.json
bp_reader_s0,EXT,n_edits=1,78,234,0.0,0,0.0,0.0,0,0,0.0,0.0,0.0,/home/derp/cap/pc_cap/results/extremes_analysis/ext-20261009/mquake_eval/eval-bp-s0-mquake/composition.json
bp_reader_s0,EXT,n_edits=2,2,6,0.0,0,0.0,0.0,0,0,0.0,0.0,0.0,/home/derp/cap/pc_cap/results/extremes_analysis/ext-20261009/mquake_eval/eval-bp-s0-mquake/composition.json
bp_reader_s0,EXT,hops=2,61,183,0.0,0,0.0,0.0,0,0,0.0,0.0,0.0,/home/derp/cap/pc_cap/results/extremes_analysis/ext-20261009/mquake_eval/eval-bp-s0-mquake/composition.json
bp_reader_s0,EXT,hops=3,16,48,0.0,0,0.0,0.0,0,0,0.0,0.0,0.0,/home/derp/cap/pc_cap/results/extremes_analysis/ext-20261009/mquake_eval/eval-bp-s0-mquake/composition.json
bp_reader_s0,EXT,hops=4,3,9,0.0,0,0.0,0.0,0,0,0.0,0.0,0.0,/home/derp/cap/pc_cap/results/extremes_analysis/ext-20261009/mquake_eval/eval-bp-s0-mquake/composition.json
bp_reader_s1,EXT,all,80,240,0.008333333333333333,2,0.0125,0.0,1,0,0.0,0.0,0.0,/home/derp/cap/pc_cap/results/extremes_analysis/ext-20261009/mquake_eval/eval-bp-s1-mquake/composition.json
bp_reader_s1,EXT,n_edits=1,78,234,0.008547008547008548,2,0.01282051282051282,0.0,1,0,0.0,0.0,0.0,/home/derp/cap/pc_cap/results/extremes_analysis/ext-20261009/mquake_eval/eval-bp-s1-mquake/composition.json
bp_reader_s1,EXT,n_edits=2,2,6,0.0,0,0.0,0.0,0,0,0.0,0.0,0.0,/home/derp/cap/pc_cap/results/extremes_analysis/ext-20261009/mquake_eval/eval-bp-s1-mquake/composition.json
bp_reader_s1,EXT,hops=2,61,183,0.01092896174863388,2,0.01639344262295082,0.0,1,0,0.0,0.0,0.0,/home/derp/cap/pc_cap/results/extremes_analysis/ext-20261009/mquake_eval/eval-bp-s1-mquake/composition.json
bp_reader_s1,EXT,hops=3,16,48,0.0,0,0.0,0.0,0,0,0.0,0.0,0.0,/home/derp/cap/pc_cap/results/extremes_analysis/ext-20261009/mquake_eval/eval-bp-s1-mquake/composition.json
bp_reader_s1,EXT,hops=4,3,9,0.0,0,0.0,0.0,0,0,0.0,0.0,0.0,/home/derp/cap/pc_cap/results/extremes_analysis/ext-20261009/mquake_eval/eval-bp-s1-mquake/composition.json
bp_reader_s2,EXT,all,80,240,0.008333333333333333,2,0.0125,0.0,1,0,0.0,0.0,0.0,/home/derp/cap/pc_cap/results/extremes_analysis/ext-20261009/mquake_eval/eval-bp-s2-mquake/composition.json
bp_reader_s2,EXT,n_edits=1,78,234,0.008547008547008548,2,0.01282051282051282,0.0,1,0,0.0,0.0,0.0,/home/derp/cap/pc_cap/results/extremes_analysis/ext-20261009/mquake_eval/eval-bp-s2-mquake/composition.json
bp_reader_s2,EXT,n_edits=2,2,6,0.0,0,0.0,0.0,0,0,0.0,0.0,0.0,/home/derp/cap/pc_cap/results/extremes_analysis/ext-20261009/mquake_eval/eval-bp-s2-mquake/composition.json
bp_reader_s2,EXT,hops=2,61,183,0.01092896174863388,2,0.01639344262295082,0.0,1,0,0.0,0.0,0.0,/home/derp/cap/pc_cap/results/extremes_analysis/ext-20261009/mquake_eval/eval-bp-s2-mquake/composition.json
bp_reader_s2,EXT,hops=3,16,48,0.0,0,0.0,0.0,0,0,0.0,0.0,0.0,/home/derp/cap/pc_cap/results/extremes_analysis/ext-20261009/mquake_eval/eval-bp-s2-mquake/composition.json
bp_reader_s2,EXT,hops=4,3,9,0.0,0,0.0,0.0,0,0,0.0,0.0,0.0,/home/derp/cap/pc_cap/results/extremes_analysis/ext-20261009/mquake_eval/eval-bp-s2-mquake/composition.json
epc_reader_s0,EXT,all,80,240,0.0,0,0.0,0.0,0,0,0.0,0.0,0.0,/home/derp/cap/pc_cap/results/extremes_analysis/ext-20261009/mquake_eval/eval-epc-s0-mquake/composition.json
epc_reader_s0,EXT,n_edits=1,78,234,0.0,0,0.0,0.0,0,0,0.0,0.0,0.0,/home/derp/cap/pc_cap/results/extremes_analysis/ext-20261009/mquake_eval/eval-epc-s0-mquake/composition.json
epc_reader_s0,EXT,n_edits=2,2,6,0.0,0,0.0,0.0,0,0,0.0,0.0,0.0,/home/derp/cap/pc_cap/results/extremes_analysis/ext-20261009/mquake_eval/eval-epc-s0-mquake/composition.json
epc_reader_s0,EXT,hops=2,61,183,0.0,0,0.0,0.0,0,0,0.0,0.0,0.0,/home/derp/cap/pc_cap/results/extremes_analysis/ext-20261009/mquake_eval/eval-epc-s0-mquake/composition.json
epc_reader_s0,EXT,hops=3,16,48,0.0,0,0.0,0.0,0,0,0.0,0.0,0.0,/home/derp/cap/pc_cap/results/extremes_analysis/ext-20261009/mquake_eval/eval-epc-s0-mquake/composition.json
epc_reader_s0,EXT,hops=4,3,9,0.0,0,0.0,0.0,0,0,0.0,0.0,0.0,/home/derp/cap/pc_cap/results/extremes_analysis/ext-20261009/mquake_eval/eval-epc-s0-mquake/composition.json
epc_reader_s1,EXT,all,80,240,0.004166666666666667,1,0.0125,0.0,1,0,0.0,0.0,0.0,/home/derp/cap/pc_cap/results/extremes_analysis/ext-20261009/mquake_eval/eval-epc-s1-mquake/composition.json
epc_reader_s1,EXT,n_edits=1,78,234,0.004273504273504274,1,0.01282051282051282,0.0,1,0,0.0,0.0,0.0,/home/derp/cap/pc_cap/results/extremes_analysis/ext-20261009/mquake_eval/eval-epc-s1-mquake/composition.json
epc_reader_s1,EXT,n_edits=2,2,6,0.0,0,0.0,0.0,0,0,0.0,0.0,0.0,/home/derp/cap/pc_cap/results/extremes_analysis/ext-20261009/mquake_eval/eval-epc-s1-mquake/composition.json
epc_reader_s1,EXT,hops=2,61,183,0.00546448087431694,1,0.01639344262295082,0.0,1,0,0.0,0.0,0.0,/home/derp/cap/pc_cap/results/extremes_analysis/ext-20261009/mquake_eval/eval-epc-s1-mquake/composition.json
epc_reader_s1,EXT,hops=3,16,48,0.0,0,0.0,0.0,0,0,0.0,0.0,0.0,/home/derp/cap/pc_cap/results/extremes_analysis/ext-20261009/mquake_eval/eval-epc-s1-mquake/composition.json
epc_reader_s1,EXT,hops=4,3,9,0.0,0,0.0,0.0,0,0,0.0,0.0,0.0,/home/derp/cap/pc_cap/results/extremes_analysis/ext-20261009/mquake_eval/eval-epc-s1-mquake/composition.json
epc_reader_s2,EXT,all,80,240,0.008333333333333333,2,0.0125,0.0,1,0,0.0,0.0,0.0,/home/derp/cap/pc_cap/results/extremes_analysis/ext-20261009/mquake_eval/eval-epc-s2-mquake/composition.json
epc_reader_s2,EXT,n_edits=1,78,234,0.008547008547008548,2,0.01282051282051282,0.0,1,0,0.0,0.0,0.0,/home/derp/cap/pc_cap/results/extremes_analysis/ext-20261009/mquake_eval/eval-epc-s2-mquake/composition.json
epc_reader_s2,EXT,n_edits=2,2,6,0.0,0,0.0,0.0,0,0,0.0,0.0,0.0,/home/derp/cap/pc_cap/results/extremes_analysis/ext-20261009/mquake_eval/eval-epc-s2-mquake/composition.json
epc_reader_s2,EXT,hops=2,61,183,0.01092896174863388,2,0.01639344262295082,0.0,1,0,0.0,0.0,0.0,/home/derp/cap/pc_cap/results/extremes_analysis/ext-20261009/mquake_eval/eval-epc-s2-mquake/composition.json
epc_reader_s2,EXT,hops=3,16,48,0.0,0,0.0,0.0,0,0,0.0,0.0,0.0,/home/derp/cap/pc_cap/results/extremes_analysis/ext-20261009/mquake_eval/eval-epc-s2-mquake/composition.json
epc_reader_s2,EXT,hops=4,3,9,0.0,0,0.0,0.0,0,0,0.0,0.0,0.0,/home/derp/cap/pc_cap/results/extremes_analysis/ext-20261009/mquake_eval/eval-epc-s2-mquake/composition.json
v5_stage4:0-100,S4,all,80,240,0.008333333333333333,2,0.0125,0.0,1,0,0.0,0.0,0.0,/home/derp/cap/pc_cap/results/R1/stage4_sealed_cells/R1_learned_ff-mquake-0-100-7134fa44ad543bb921fb/attempt-0000/checkpoint-300.json
v5_stage4:0-100,S4,n_edits=1,78,234,0.008547008547008548,2,0.01282051282051282,0.0,1,0,0.0,0.0,0.0,/home/derp/cap/pc_cap/results/R1/stage4_sealed_cells/R1_learned_ff-mquake-0-100-7134fa44ad543bb921fb/attempt-0000/checkpoint-300.json
v5_stage4:0-100,S4,n_edits=2,2,6,0.0,0,0.0,0.0,0,0,0.0,0.0,0.0,/home/derp/cap/pc_cap/results/R1/stage4_sealed_cells/R1_learned_ff-mquake-0-100-7134fa44ad543bb921fb/attempt-0000/checkpoint-300.json
v5_stage4:0-100,S4,hops=2,61,183,0.01092896174863388,2,0.01639344262295082,0.0,1,0,0.0,0.0,0.0,/home/derp/cap/pc_cap/results/R1/stage4_sealed_cells/R1_learned_ff-mquake-0-100-7134fa44ad543bb921fb/attempt-0000/checkpoint-300.json
v5_stage4:0-100,S4,hops=3,16,48,0.0,0,0.0,0.0,0,0,0.0,0.0,0.0,/home/derp/cap/pc_cap/results/R1/stage4_sealed_cells/R1_learned_ff-mquake-0-100-7134fa44ad543bb921fb/attempt-0000/checkpoint-300.json
v5_stage4:0-100,S4,hops=4,3,9,0.0,0,0.0,0.0,0,0,0.0,0.0,0.0,/home/derp/cap/pc_cap/results/R1/stage4_sealed_cells/R1_learned_ff-mquake-0-100-7134fa44ad543bb921fb/attempt-0000/checkpoint-300.json
v5_stage4:0-101,S4,all,80,240,0.008333333333333333,2,0.0125,0.0,1,0,0.0,0.0,0.0,/home/derp/cap/pc_cap/results/R1/stage4_sealed_cells/R1_learned_ff-mquake-0-101-e2d05a85fb85e63e25b9/attempt-0000/checkpoint-300.json
v5_stage4:0-101,S4,n_edits=1,78,234,0.008547008547008548,2,0.01282051282051282,0.0,1,0,0.0,0.0,0.0,/home/derp/cap/pc_cap/results/R1/stage4_sealed_cells/R1_learned_ff-mquake-0-101-e2d05a85fb85e63e25b9/attempt-0000/checkpoint-300.json
v5_stage4:0-101,S4,n_edits=2,2,6,0.0,0,0.0,0.0,0,0,0.0,0.0,0.0,/home/derp/cap/pc_cap/results/R1/stage4_sealed_cells/R1_learned_ff-mquake-0-101-e2d05a85fb85e63e25b9/attempt-0000/checkpoint-300.json
v5_stage4:0-101,S4,hops=2,61,183,0.01092896174863388,2,0.01639344262295082,0.0,1,0,0.0,0.0,0.0,/home/derp/cap/pc_cap/results/R1/stage4_sealed_cells/R1_learned_ff-mquake-0-101-e2d05a85fb85e63e25b9/attempt-0000/checkpoint-300.json
v5_stage4:0-101,S4,hops=3,16,48,0.0,0,0.0,0.0,0,0,0.0,0.0,0.0,/home/derp/cap/pc_cap/results/R1/stage4_sealed_cells/R1_learned_ff-mquake-0-101-e2d05a85fb85e63e25b9/attempt-0000/checkpoint-300.json
v5_stage4:0-101,S4,hops=4,3,9,0.0,0,0.0,0.0,0,0,0.0,0.0,0.0,/home/derp/cap/pc_cap/results/R1/stage4_sealed_cells/R1_learned_ff-mquake-0-101-e2d05a85fb85e63e25b9/attempt-0000/checkpoint-300.json
v5_stage4:0-102,S4,all,80,240,0.008333333333333333,2,0.0125,0.0,1,0,0.0,0.0,0.0,/home/derp/cap/pc_cap/results/R1/stage4_sealed_cells/R1_learned_ff-mquake-0-102-55aec899edd6d6080654/attempt-0000/checkpoint-300.json
v5_stage4:0-102,S4,n_edits=1,78,234,0.008547008547008548,2,0.01282051282051282,0.0,1,0,0.0,0.0,0.0,/home/derp/cap/pc_cap/results/R1/stage4_sealed_cells/R1_learned_ff-mquake-0-102-55aec899edd6d6080654/attempt-0000/checkpoint-300.json
v5_stage4:0-102,S4,n_edits=2,2,6,0.0,0,0.0,0.0,0,0,0.0,0.0,0.0,/home/derp/cap/pc_cap/results/R1/stage4_sealed_cells/R1_learned_ff-mquake-0-102-55aec899edd6d6080654/attempt-0000/checkpoint-300.json
v5_stage4:0-102,S4,hops=2,61,183,0.01092896174863388,2,0.01639344262295082,0.0,1,0,0.0,0.0,0.0,/home/derp/cap/pc_cap/results/R1/stage4_sealed_cells/R1_learned_ff-mquake-0-102-55aec899edd6d6080654/attempt-0000/checkpoint-300.json
v5_stage4:0-102,S4,hops=3,16,48,0.0,0,0.0,0.0,0,0,0.0,0.0,0.0,/home/derp/cap/pc_cap/results/R1/stage4_sealed_cells/R1_learned_ff-mquake-0-102-55aec899edd6d6080654/attempt-0000/checkpoint-300.json
v5_stage4:0-102,S4,hops=4,3,9,0.0,0,0.0,0.0,0,0,0.0,0.0,0.0,/home/derp/cap/pc_cap/results/R1/stage4_sealed_cells/R1_learned_ff-mquake-0-102-55aec899edd6d6080654/attempt-0000/checkpoint-300.json
v5_stage4:0-103,S4,all,80,240,0.008333333333333333,2,0.0125,0.0,1,0,0.0,0.0,0.0,/home/derp/cap/pc_cap/results/R1/stage4_sealed_cells/R1_learned_ff-mquake-0-103-48aa16091584c09e143f/attempt-0000/checkpoint-300.json
v5_stage4:0-103,S4,n_edits=1,78,234,0.008547008547008548,2,0.01282051282051282,0.0,1,0,0.0,0.0,0.0,/home/derp/cap/pc_cap/results/R1/stage4_sealed_cells/R1_learned_ff-mquake-0-103-48aa16091584c09e143f/attempt-0000/checkpoint-300.json
v5_stage4:0-103,S4,n_edits=2,2,6,0.0,0,0.0,0.0,0,0,0.0,0.0,0.0,/home/derp/cap/pc_cap/results/R1/stage4_sealed_cells/R1_learned_ff-mquake-0-103-48aa16091584c09e143f/attempt-0000/checkpoint-300.json
v5_stage4:0-103,S4,hops=2,61,183,0.01092896174863388,2,0.01639344262295082,0.0,1,0,0.0,0.0,0.0,/home/derp/cap/pc_cap/results/R1/stage4_sealed_cells/R1_learned_ff-mquake-0-103-48aa16091584c09e143f/attempt-0000/checkpoint-300.json
v5_stage4:0-103,S4,hops=3,16,48,0.0,0,0.0,0.0,0,0,0.0,0.0,0.0,/home/derp/cap/pc_cap/results/R1/stage4_sealed_cells/R1_learned_ff-mquake-0-103-48aa16091584c09e143f/attempt-0000/checkpoint-300.json
v5_stage4:0-103,S4,hops=4,3,9,0.0,0,0.0,0.0,0,0,0.0,0.0,0.0,/home/derp/cap/pc_cap/results/R1/stage4_sealed_cells/R1_learned_ff-mquake-0-103-48aa16091584c09e143f/attempt-0000/checkpoint-300.json
v5_stage4:0-104,S4,all,80,240,0.008333333333333333,2,0.0125,0.0,1,0,0.0,0.0,0.0,/home/derp/cap/pc_cap/results/R1/stage4_sealed_cells/R1_learned_ff-mquake-0-104-449a8e369e1f96147c33/attempt-0000/checkpoint-300.json
v5_stage4:0-104,S4,n_edits=1,78,234,0.008547008547008548,2,0.01282051282051282,0.0,1,0,0.0,0.0,0.0,/home/derp/cap/pc_cap/results/R1/stage4_sealed_cells/R1_learned_ff-mquake-0-104-449a8e369e1f96147c33/attempt-0000/checkpoint-300.json
v5_stage4:0-104,S4,n_edits=2,2,6,0.0,0,0.0,0.0,0,0,0.0,0.0,0.0,/home/derp/cap/pc_cap/results/R1/stage4_sealed_cells/R1_learned_ff-mquake-0-104-449a8e369e1f96147c33/attempt-0000/checkpoint-300.json
v5_stage4:0-104,S4,hops=2,61,183,0.01092896174863388,2,0.01639344262295082,0.0,1,0,0.0,0.0,0.0,/home/derp/cap/pc_cap/results/R1/stage4_sealed_cells/R1_learned_ff-mquake-0-104-449a8e369e1f96147c33/attempt-0000/checkpoint-300.json
v5_stage4:0-104,S4,hops=3,16,48,0.0,0,0.0,0.0,0,0,0.0,0.0,0.0,/home/derp/cap/pc_cap/results/R1/stage4_sealed_cells/R1_learned_ff-mquake-0-104-449a8e369e1f96147c33/attempt-0000/checkpoint-300.json
v5_stage4:0-104,S4,hops=4,3,9,0.0,0,0.0,0.0,0,0,0.0,0.0,0.0,/home/derp/cap/pc_cap/results/R1/stage4_sealed_cells/R1_learned_ff-mquake-0-104-449a8e369e1f96147c33/attempt-0000/checkpoint-300.json
v5_stage4:1-100,S4,all,84,252,0.003968253968253968,1,0.011904761904761904,0.0,1,0,0.0,0.0,0.0,/home/derp/cap/pc_cap/results/R1/stage4_sealed_cells/R1_learned_ff-mquake-1-100-a0a0d9fe59adaa180424/attempt-0000/checkpoint-300.json
v5_stage4:1-100,S4,n_edits=1,81,243,0.00411522633744856,1,0.012345679012345678,0.0,1,0,0.0,0.0,0.0,/home/derp/cap/pc_cap/results/R1/stage4_sealed_cells/R1_learned_ff-mquake-1-100-a0a0d9fe59adaa180424/attempt-0000/checkpoint-300.json
v5_stage4:1-100,S4,n_edits=2,3,9,0.0,0,0.0,0.0,0,0,0.0,0.0,0.0,/home/derp/cap/pc_cap/results/R1/stage4_sealed_cells/R1_learned_ff-mquake-1-100-a0a0d9fe59adaa180424/attempt-0000/checkpoint-300.json
v5_stage4:1-101,S4,all,84,252,0.003968253968253968,1,0.011904761904761904,0.0,1,0,0.0,0.0,0.0,/home/derp/cap/pc_cap/results/R1/stage4_sealed_cells/R1_learned_ff-mquake-1-101-96fa827acb382262adce/attempt-0000/checkpoint-300.json
v5_stage4:1-101,S4,n_edits=1,81,243,0.00411522633744856,1,0.012345679012345678,0.0,1,0,0.0,0.0,0.0,/home/derp/cap/pc_cap/results/R1/stage4_sealed_cells/R1_learned_ff-mquake-1-101-96fa827acb382262adce/attempt-0000/checkpoint-300.json
v5_stage4:1-101,S4,n_edits=2,3,9,0.0,0,0.0,0.0,0,0,0.0,0.0,0.0,/home/derp/cap/pc_cap/results/R1/stage4_sealed_cells/R1_learned_ff-mquake-1-101-96fa827acb382262adce/attempt-0000/checkpoint-300.json
v5_stage4:1-102,S4,all,84,252,0.003968253968253968,1,0.011904761904761904,0.0,1,0,0.0,0.0,0.0,/home/derp/cap/pc_cap/results/R1/stage4_sealed_cells/R1_learned_ff-mquake-1-102-5be6e9247bb2d3f89b01/attempt-0000/checkpoint-300.json
v5_stage4:1-102,S4,n_edits=1,81,243,0.00411522633744856,1,0.012345679012345678,0.0,1,0,0.0,0.0,0.0,/home/derp/cap/pc_cap/results/R1/stage4_sealed_cells/R1_learned_ff-mquake-1-102-5be6e9247bb2d3f89b01/attempt-0000/checkpoint-300.json
v5_stage4:1-102,S4,n_edits=2,3,9,0.0,0,0.0,0.0,0,0,0.0,0.0,0.0,/home/derp/cap/pc_cap/results/R1/stage4_sealed_cells/R1_learned_ff-mquake-1-102-5be6e9247bb2d3f89b01/attempt-0000/checkpoint-300.json
v5_stage4:1-103,S4,all,84,252,0.003968253968253968,1,0.011904761904761904,0.0,1,0,0.0,0.0,0.0,/home/derp/cap/pc_cap/results/R1/stage4_sealed_cells/R1_learned_ff-mquake-1-103-44dfc76dd3301203c30e/attempt-0000/checkpoint-300.json
v5_stage4:1-103,S4,n_edits=1,81,243,0.00411522633744856,1,0.012345679012345678,0.0,1,0,0.0,0.0,0.0,/home/derp/cap/pc_cap/results/R1/stage4_sealed_cells/R1_learned_ff-mquake-1-103-44dfc76dd3301203c30e/attempt-0000/checkpoint-300.json
v5_stage4:1-103,S4,n_edits=2,3,9,0.0,0,0.0,0.0,0,0,0.0,0.0,0.0,/home/derp/cap/pc_cap/results/R1/stage4_sealed_cells/R1_learned_ff-mquake-1-103-44dfc76dd3301203c30e/attempt-0000/checkpoint-300.json
v5_stage4:1-104,S4,all,84,252,0.003968253968253968,1,0.011904761904761904,0.0,1,0,0.0,0.0,0.0,/home/derp/cap/pc_cap/results/R1/stage4_sealed_cells/R1_learned_ff-mquake-1-104-1bb3bce17719a9bffb72/attempt-0000/checkpoint-300.json
v5_stage4:1-104,S4,n_edits=1,81,243,0.00411522633744856,1,0.012345679012345678,0.0,1,0,0.0,0.0,0.0,/home/derp/cap/pc_cap/results/R1/stage4_sealed_cells/R1_learned_ff-mquake-1-104-1bb3bce17719a9bffb72/attempt-0000/checkpoint-300.json
v5_stage4:1-104,S4,n_edits=2,3,9,0.0,0,0.0,0.0,0,0,0.0,0.0,0.0,/home/derp/cap/pc_cap/results/R1/stage4_sealed_cells/R1_learned_ff-mquake-1-104-1bb3bce17719a9bffb72/attempt-0000/checkpoint-300.json
v5_stage4:2-100,S4,all,88,264,0.0,0,0.0,0.0,0,0,0.0,0.0,0.0,/home/derp/cap/pc_cap/results/R1/stage4_sealed_cells/R1_learned_ff-mquake-2-100-eda1023b046174d940c1/attempt-0000/checkpoint-300.json
v5_stage4:2-100,S4,n_edits=1,87,261,0.0,0,0.0,0.0,0,0,0.0,0.0,0.0,/home/derp/cap/pc_cap/results/R1/stage4_sealed_cells/R1_learned_ff-mquake-2-100-eda1023b046174d940c1/attempt-0000/checkpoint-300.json
v5_stage4:2-100,S4,n_edits=2,1,3,0.0,0,0.0,0.0,0,0,0.0,0.0,0.0,/home/derp/cap/pc_cap/results/R1/stage4_sealed_cells/R1_learned_ff-mquake-2-100-eda1023b046174d940c1/attempt-0000/checkpoint-300.json
v5_stage4:2-101,S4,all,88,264,0.0,0,0.0,0.0,0,0,0.0,0.0,0.0,/home/derp/cap/pc_cap/results/R1/stage4_sealed_cells/R1_learned_ff-mquake-2-101-a4f394a376c85c13d0f2/attempt-0000/checkpoint-300.json
v5_stage4:2-101,S4,n_edits=1,87,261,0.0,0,0.0,0.0,0,0,0.0,0.0,0.0,/home/derp/cap/pc_cap/results/R1/stage4_sealed_cells/R1_learned_ff-mquake-2-101-a4f394a376c85c13d0f2/attempt-0000/checkpoint-300.json
v5_stage4:2-101,S4,n_edits=2,1,3,0.0,0,0.0,0.0,0,0,0.0,0.0,0.0,/home/derp/cap/pc_cap/results/R1/stage4_sealed_cells/R1_learned_ff-mquake-2-101-a4f394a376c85c13d0f2/attempt-0000/checkpoint-300.json
v5_stage4:2-102,S4,all,88,264,0.0,0,0.0,0.0,0,0,0.0,0.0,0.0,/home/derp/cap/pc_cap/results/R1/stage4_sealed_cells/R1_learned_ff-mquake-2-102-f522547db090de16dbf8/attempt-0000/checkpoint-300.json
v5_stage4:2-102,S4,n_edits=1,87,261,0.0,0,0.0,0.0,0,0,0.0,0.0,0.0,/home/derp/cap/pc_cap/results/R1/stage4_sealed_cells/R1_learned_ff-mquake-2-102-f522547db090de16dbf8/attempt-0000/checkpoint-300.json
v5_stage4:2-102,S4,n_edits=2,1,3,0.0,0,0.0,0.0,0,0,0.0,0.0,0.0,/home/derp/cap/pc_cap/results/R1/stage4_sealed_cells/R1_learned_ff-mquake-2-102-f522547db090de16dbf8/attempt-0000/checkpoint-300.json
v5_stage4:2-103,S4,all,88,264,0.0,0,0.0,0.0,0,0,0.0,0.0,0.0,/home/derp/cap/pc_cap/results/R1/stage4_sealed_cells/R1_learned_ff-mquake-2-103-747a8449074a253fb254/attempt-0000/checkpoint-300.json
v5_stage4:2-103,S4,n_edits=1,87,261,0.0,0,0.0,0.0,0,0,0.0,0.0,0.0,/home/derp/cap/pc_cap/results/R1/stage4_sealed_cells/R1_learned_ff-mquake-2-103-747a8449074a253fb254/attempt-0000/checkpoint-300.json
v5_stage4:2-103,S4,n_edits=2,1,3,0.0,0,0.0,0.0,0,0,0.0,0.0,0.0,/home/derp/cap/pc_cap/results/R1/stage4_sealed_cells/R1_learned_ff-mquake-2-103-747a8449074a253fb254/attempt-0000/checkpoint-300.json
v5_stage4:2-104,S4,all,88,264,0.0,0,0.0,0.0,0,0,0.0,0.0,0.0,/home/derp/cap/pc_cap/results/R1/stage4_sealed_cells/R1_learned_ff-mquake-2-104-b315dc901a3467ed7cc3/attempt-0000/checkpoint-300.json
v5_stage4:2-104,S4,n_edits=1,87,261,0.0,0,0.0,0.0,0,0,0.0,0.0,0.0,/home/derp/cap/pc_cap/results/R1/stage4_sealed_cells/R1_learned_ff-mquake-2-104-b315dc901a3467ed7cc3/attempt-0000/checkpoint-300.json
v5_stage4:2-104,S4,n_edits=2,1,3,0.0,0,0.0,0.0,0,0,0.0,0.0,0.0,/home/derp/cap/pc_cap/results/R1/stage4_sealed_cells/R1_learned_ff-mquake-2-104-b315dc901a3467ed7cc3/attempt-0000/checkpoint-300.json
