dataset,rule,seed,n,es_mean,gs_mean,n_failures,consecutive_failure_pairs,acf_gs_lag1,acf_gs_lag2,acf_gs_lag3,acf_gs_lag4,acf_gs_lag5,order_note
zsre,bp,0,300,1.0,0.9733333333333334,0,0,-0.027491408934708163,-0.02758620689655134,-0.027681660899653977,-0.027777777777777502,-0.027874564459930393,payload stream order = teaching order (order 100)
zsre,bp,1,300,1.0,0.9933333333333333,0,0,-0.006734006734006777,-0.006756756756756708,-0.006779661016949167,-0.006802721088435345,-0.006825938566552918,payload stream order = teaching order (order 100)
zsre,bp,2,300,1.0,0.9766666666666667,0,0,-0.023972602739726026,-0.024054982817868994,-0.024137931034482783,-0.024221453287197457,0.12202380952381134,payload stream order = teaching order (order 100)
zsre,epc,0,300,1.0,0.9466666666666667,0,0,-0.056537102473498226,0.0753546099290786,-0.05693950177935936,0.00892857142857151,-0.05734767025089613,payload stream order = teaching order (order 100)
zsre,epc,1,300,1.0,0.9666666666666667,0,0,0.06885813148789117,0.06874999999999984,-0.0348432055749126,0.06853146853146956,-0.035087719298245744,payload stream order = teaching order (order 100)
zsre,epc,2,300,1.0,0.9733333333333334,0,0,-0.02749140893470828,0.10086206896551478,-0.027681660899654084,0.10069444444444309,-0.027874564459930376,payload stream order = teaching order (order 100)
counterfact,bp,0,300,1.0,0.8383333333333334,0,0,0.07546533160354003,-0.061819448441987244,-0.07130957608233458,-0.03535617726117368,-0.061986747567888786,payload stream order = teaching order (order 100)
counterfact,bp,1,300,0.99,0.8266666666666667,3,0,-0.020421643639566257,-0.013185172899908774,-0.08839533592448669,-0.11803383947852433,-0.027266634012373007,payload stream order = teaching order (order 100)
counterfact,bp,2,300,1.0,0.8483333333333334,0,0,-0.014327565313079776,-0.0771347629884592,0.007518796992481407,-0.02894955699928732,-0.008907899998334096,payload stream order = teaching order (order 100)
counterfact,epc,0,300,1.0,0.5633333333333334,0,0,-0.0405825242718448,0.07509142226202221,-0.04613153380323342,-0.0012216868057652148,-0.05955674435016742,payload stream order = teaching order (order 100)
counterfact,epc,1,300,1.0,0.7833333333333333,0,0,0.01284384447387703,-0.028836156833399896,-0.16502600288827066,-0.039924402883725535,-0.02675887393168148,payload stream order = teaching order (order 100)
counterfact,epc,2,300,1.0,0.665,0,0,-0.08940233171088822,0.08292406492965,0.010526315789473646,-0.016455120178316563,0.05891502586579138,payload stream order = teaching order (order 100)
mquake,bp,0,300,1.0,0.62,0,0,-0.0207681365576106,-0.003247300576169514,-0.005329627730293151,-0.030610764543740177,0.015781037007208804,payload stream order = teaching order (order 100)
mquake,bp,1,300,0.91,0.7233333333333334,27,3,0.016008478357875635,-0.001961333706920775,0.04689787186127718,0.033724365245992295,0.003550056922783996,payload stream order = teaching order (order 100)
mquake,bp,2,300,1.0,0.67,0,0,0.018434343434343865,-0.05882950104055629,-0.015151515151515138,-0.006802721088435393,0.027212389202879463,payload stream order = teaching order (order 100)
mquake,epc,0,300,1.0,0.5866666666666667,0,0,0.021705069124424103,-0.043989729410370444,-0.0326224145133991,0.03208885552397567,0.035582298872358586,payload stream order = teaching order (order 100)
mquake,epc,1,300,1.0,0.59,0,0,0.01935513673318594,-0.018792023021209966,-0.021192006693993314,-0.012168959815777989,0.01918875273107229,payload stream order = teaching order (order 100)
mquake,epc,2,300,1.0,0.5733333333333334,0,0,0.01644736842105252,-0.03496103096845749,-0.06505949117630278,-0.014644505181913296,-0.011317742086972813,payload stream order = teaching order (order 100)
